Date,Transaction Description,Category,Amount,Type
2020-01-01,Water water mall mall phone investment.,Health & Fitness,620.39,Expense
2020-01-01,Loan insurance.,Rent,1384.51,Expense
2020-01-01,Health entertainment grocery fuel service package.,Utilities,1546.58,Expense
2020-01-01,Fee charge.,Entertainment,567.55,Expense
2020-01-02,Score each.,Food & Drink,1485.69,Expense
2020-01-02,Quality throughout.,Utilities,1475.58,Expense
2020-01-02,Account delivery gross utility.,Investment,1669.91,Income
2020-01-02,Mortgage annual credit.,Investment,3492.06,Income
2020-01-02,Plan processed hospital.,Entertainment,845.36,Expense
2020-01-02,Management automatic.,Salary,1725.76,Income
2020-01-02,System annual.,Travel,1543.19,Expense
2020-01-03,Utility fuel charge insurance shop internet taxi.,Investment,1292.49,Income
2020-01-03,Purchase train debit.,Health & Fitness,765.39,Expense
2020-01-03,Weekly tax.,Entertainment,550.28,Expense
2020-01-04,Platform fuel project order.,Food & Drink,1272.03,Expense
2020-01-04,Mortgage discount personal fee balance booking insurance.,Salary,957.22,Income
2020-01-04,Instead ahead despite measure ago.,Rent,1185.08,Expense
2020-01-04,Taxi online support.,Utilities,502.64,Expense
2020-01-04,Package loan software tools system pharmacy.,Salary,910.79,Income
2020-01-04,Budget travel hardware premium.,Entertainment,1617.27,Expense
2020-01-05,Transfer bill business loan household.,Utilities,1452.1,Expense
2020-01-05,Order contract.,Health & Fitness,61.94,Expense
2020-01-05,Special online plan material household.,Entertainment,350.67,Expense
2020-01-05,Mall gym package package savings insurance household.,Utilities,1163.58,Expense
2020-01-05,Special market invoice tax.,Shopping,1484.05,Expense
2020-01-05,Information last everything thank serve.,Investment,2291.0,Income
2020-01-05,Equipment weekly flight.,Travel,1066.49,Expense
2020-01-05,Tools mall order system restaurant health delivery.,Food & Drink,1473.07,Expense
2020-01-06,Taxi vendor processed standard hardware.,Rent,1147.54,Expense
2020-01-06,Restaurant software system store.,Health & Fitness,1726.25,Expense
2020-01-06,Phone loan taxi adjustment system.,Food & Drink,1742.9,Expense
2020-01-06,Daily system network budget platform online parking.,Food & Drink,1264.36,Expense
2020-01-06,Flight water travel mall annual.,Food & Drink,394.74,Expense
2020-01-06,Household net deal.,Salary,855.22,Income
2020-01-06,Store hotel deal train bonus.,Utilities,1059.13,Expense
2020-01-06,Special savings travel.,Rent,1294.54,Expense
2020-01-06,Processed client.,Investment,3186.01,Income
2020-01-06,Transfer mall online grocery.,Utilities,929.9,Expense
2020-01-06,Taxi tax personal credit service economy grocery.,Food & Drink,1157.48,Expense
2020-01-07,Entertainment material digital economy network.,Shopping,997.11,Expense
2020-01-07,Mortgage direct contract order regular hotel.,Food & Drink,953.86,Expense
2020-01-07,Support adjustment savings phone economy mall.,Rent,230.33,Expense
2020-01-07,Pending premium.,Other,2378.41,Income
2020-01-07,Premium bill train maintenance salary fee household.,Utilities,1409.34,Expense
2020-01-07,Shop business.,Salary,1048.32,Income
2020-01-08,Annual maintenance internet daily investment interest travel.,Salary,1197.21,Income
2020-01-08,Plan taxi deal.,Salary,508.47,Income
2020-01-08,Direct mall special tools.,Utilities,1135.5,Expense
2020-01-08,Monthly phone express pending store parking.,Salary,823.49,Income
2020-01-09,System flight.,Food & Drink,875.51,Expense
2020-01-09,Net gym.,Utilities,777.74,Expense
2020-01-09,Pharmacy order delivery booking bus loan bonus.,Shopping,938.36,Expense
2020-01-09,Maintenance grocery standard parking.,Travel,362.12,Expense
2020-01-09,Discount transfer plan business household renewal shop.,Other,1829.83,Income
2020-01-10,Debit advance deposit entertainment tools pharmacy.,Travel,76.53,Expense
2020-01-10,Train hotel water package payment.,Travel,864.82,Expense
2020-01-10,Water processed weekly.,Shopping,238.82,Expense
2020-01-10,Order gym salary standard.,Salary,321.36,Income
2020-01-11,Travel store service.,Travel,1242.09,Expense
2020-01-11,Renewal renewal bonus insurance.,Rent,1319.85,Expense
2020-01-11,Mortgage regular renewal.,Food & Drink,1425.98,Expense
2020-01-12,System gross.,Investment,3504.91,Income
2020-01-12,Deal personal travel package daily freelance platform.,Salary,1819.79,Income
2020-01-12,Debit subscription household parking deposit credit.,Shopping,1763.43,Expense
2020-01-12,Support express business salary.,Health & Fitness,877.19,Expense
2020-01-12,Reward subscription online mall.,Rent,996.19,Expense
2020-01-12,Order gross train.,Health & Fitness,753.24,Expense
2020-01-13,Future choice whatever from.,Food & Drink,1126.88,Expense
2020-01-13,Annual tools.,Shopping,1857.97,Expense
2020-01-13,Network reward.,Health & Fitness,1085.9,Expense
2020-01-13,Economy support discount market.,Utilities,248.72,Expense
2020-01-13,Discount entertainment standard system delivery hospital weekly.,Rent,444.09,Expense
2020-01-14,Pharmacy insurance tools.,Travel,789.84,Expense
2020-01-14,Health service bill.,Salary,1440.9,Income
2020-01-14,Special annual payment loan app train.,Investment,2875.4,Income
2020-01-14,Annual order.,Shopping,527.87,Expense
2020-01-14,Freelance payment loan pending net payment.,Shopping,1114.55,Expense
2020-01-14,Loan priority flight.,Salary,1412.64,Income
2020-01-14,Service bonus maintenance annual water.,Food & Drink,711.34,Expense
2020-01-14,Benefit suggest page southern.,Shopping,448.68,Expense
2020-01-15,Salary software service utility plan personal.,Health & Fitness,1657.24,Expense
2020-01-15,Regular service package parking debit net utility.,Shopping,956.4,Expense
2020-01-15,App support interest restaurant debit.,Travel,1675.1,Expense
2020-01-15,Hardware fee.,Food & Drink,379.78,Expense
2020-01-16,Internet invoice.,Health & Fitness,1601.75,Expense
2020-01-16,Maintenance utility subscription.,Salary,892.2,Income
2020-01-16,Plan package renewal software service parking.,Travel,571.4,Expense
2020-01-16,Direct clinic.,Health & Fitness,440.93,Expense
2020-01-16,Daily loan order special net regular.,Entertainment,710.43,Expense
2020-01-17,Payment entertainment bonus salary vendor budget bonus.,Food & Drink,1503.06,Expense
2020-01-17,Electricity pending deposit train store.,Food & Drink,804.44,Expense
2020-01-18,Regular personal balance.,Food & Drink,483.85,Expense
2020-01-18,Monthly digital mall bonus.,Shopping,355.66,Expense
2020-01-18,By two bad fall pick.,Food & Drink,1520.03,Expense
2020-01-18,Fuel deal.,Entertainment,1608.3,Expense
2020-01-18,Order mortgage reward advance parking.,Rent,1570.29,Expense
2020-01-19,Court attorney product significant world.,Other,3287.0,Income
2020-01-19,Subscription restaurant platform freelance hotel.,Rent,1756.23,Expense
2020-01-20,Fuel utility entertainment clinic booking financial market.,Food & Drink,1979.7,Expense
2020-01-20,Renewal digital bus premium loan hardware purchase.,Health & Fitness,180.35,Expense
2020-01-20,Account vendor.,Travel,971.84,Expense
2020-01-20,Network purchase fuel water mortgage personal.,Entertainment,869.49,Expense
2020-01-20,Fee invoice tools.,Salary,842.47,Income
2020-01-20,Automatic savings.,Entertainment,418.73,Expense
2020-01-20,Mortgage debit health taxi tax financial.,Other,3389.66,Income
2020-01-20,Maintenance client tax bus processed travel economy.,Other,3620.46,Income
2020-01-21,Online network store.,Utilities,1935.23,Expense
2020-01-21,Deposit system standard project reward premium net.,Utilities,1738.29,Expense
2020-01-21,Herself law.,Entertainment,1914.85,Expense
2020-01-22,Entertainment package insurance.,Shopping,677.08,Expense
2020-01-22,Credit financial.,Rent,630.01,Expense
2020-01-22,Automatic fee health reward maintenance shop freelance.,Entertainment,257.25,Expense
2020-01-22,Regular travel grocery.,Travel,1015.06,Expense
2020-01-22,Investment credit electricity store material.,Other,4872.29,Income
2020-01-22,Special insurance.,Shopping,555.27,Expense
2020-01-23,Daily internet material service reward fee financial.,Rent,1765.3,Expense
2020-01-23,Vendor mall.,Food & Drink,1339.21,Expense
2020-01-24,Client express mall material entertainment.,Shopping,816.53,Expense
2020-01-24,Shop electricity hardware vendor.,Other,2675.31,Income
2020-01-24,Hospital vendor vendor package savings.,Entertainment,1154.0,Expense
2020-01-24,Fee automatic plan business premium bonus mortgage.,Rent,727.67,Expense
2020-01-24,Priority support.,Rent,693.99,Expense
2020-01-24,Software network loan automatic platform booking bus.,Food & Drink,525.57,Expense
2020-01-24,Tools bus bonus savings direct.,Salary,862.17,Income
2020-01-25,Client express train special payment fee.,Shopping,991.64,Expense
2020-01-25,Weekly water mall weekly contract hotel electricity.,Shopping,971.87,Expense
2020-01-25,Have decide environment.,Rent,766.06,Expense
2020-01-25,Loan booking contract platform.,Travel,1349.53,Expense
2020-01-25,Play move each left establish.,Health & Fitness,1211.41,Expense
2020-01-25,Mortgage automatic.,Shopping,1070.24,Expense
2020-01-25,Booking adjustment.,Food & Drink,510.51,Expense
2020-01-25,Economy bill mortgage priority.,Other,2515.43,Income
2020-01-25,Bill hotel transfer salary.,Shopping,1053.98,Expense
2020-01-25,Hospital water express.,Travel,1474.1,Expense
2020-01-26,Fuel bus vendor business.,Food & Drink,485.5,Expense
2020-01-26,Mall material grocery.,Rent,124.61,Expense
2020-01-26,Hardware investment bonus bonus mortgage.,Health & Fitness,1003.72,Expense
2020-01-26,Range successful simply.,Salary,1077.09,Income
2020-01-26,Clinic invoice maintenance.,Food & Drink,1146.14,Expense
2020-01-27,Service transfer.,Health & Fitness,1125.08,Expense
2020-01-27,Priority entertainment financial special savings.,Travel,1186.08,Expense
2020-01-27,Health digital daily app fee.,Salary,827.17,Income
2020-01-27,Fuel bus reward transfer pharmacy food service.,Rent,742.0,Expense
2020-01-28,Material bill loan.,Utilities,1183.42,Expense
2020-01-28,App parking hotel.,Health & Fitness,750.11,Expense
2020-01-28,Equipment pharmacy store daily.,Entertainment,1438.53,Expense
2020-01-28,Account deal personal.,Utilities,878.94,Expense
2020-01-28,Taxi tax hotel special.,Other,4841.51,Income
2020-01-28,Digital clinic reward clinic taxi.,Health & Fitness,1042.61,Expense
2020-01-29,Express loan payment service.,Entertainment,1062.64,Expense
2020-01-29,Health freelance savings plan.,Food & Drink,520.59,Expense
2020-01-29,Client premium tax pending insurance.,Shopping,729.87,Expense
2020-01-29,Client water.,Utilities,983.54,Expense
2020-01-29,Tax insurance.,Travel,1981.71,Expense
2020-01-29,Source husband.,Shopping,166.81,Expense
2020-01-29,Service maintenance market flight electricity.,Food & Drink,1594.17,Expense
2020-01-30,Service travel processed equipment support.,Investment,3556.46,Income
2020-01-30,Tree note responsibility.,Health & Fitness,1158.93,Expense
2020-01-30,Charge bill delivery hardware.,Other,3072.01,Income
2020-01-30,Invoice plan network loan bill.,Food & Drink,740.53,Expense
2020-01-31,Management sense technology check civil.,Shopping,563.17,Expense
2020-01-31,How trip learn enter.,Food & Drink,1325.91,Expense
2020-01-31,Much section investment on gun.,Rent,1712.08,Expense
2020-01-31,Economy premium mortgage adjustment material grocery.,Food & Drink,1539.37,Expense
2020-02-01,Deal management.,Food & Drink,1638.0,Expense
2020-02-01,Express hospital credit management.,Investment,1915.45,Income
2020-02-01,Subscription adjustment payment shop parking mall.,Health & Fitness,387.68,Expense
2020-02-01,Flight digital.,Investment,1370.94,Income
2020-02-01,Budget salary deal train gross parking.,Utilities,418.93,Expense
2020-02-01,Flight personal package bonus management reward hardware.,Shopping,811.5,Expense
2020-02-02,As high you more wife.,Health & Fitness,333.68,Expense
2020-02-02,Financial transfer.,Salary,735.88,Income
2020-02-02,Equipment savings savings fuel booking annual software.,Salary,727.34,Income
2020-02-02,Invoice deal.,Salary,1428.52,Income
2020-02-02,Tax tax client invoice express hardware shop.,Food & Drink,637.35,Expense
2020-02-03,Reward reward.,Shopping,1591.75,Expense
2020-02-03,Maintenance parking investment platform utility.,Utilities,1391.9,Expense
2020-02-03,Service priority regular travel.,Travel,1554.84,Expense
2020-02-03,Shop deal deal food.,Rent,847.92,Expense
2020-02-03,Water store health premium.,Entertainment,1251.67,Expense
2020-02-03,Equipment salary net credit bus fee subscription.,Rent,872.36,Expense
2020-02-03,Utility equipment direct economy direct management.,Other,2203.29,Income
2020-02-03,Savings plan hardware client order pharmacy grocery.,Salary,1158.28,Income
2020-02-03,Package invoice.,Investment,3467.35,Income
2020-02-03,Hardware payment household platform purchase.,Shopping,1648.87,Expense
2020-02-04,Utility discount mortgage.,Entertainment,1467.98,Expense
2020-02-04,Race mr.,Travel,1406.62,Expense
2020-02-04,Premium hardware monthly savings utility.,Salary,1601.48,Income
2020-02-04,Credit management.,Salary,1142.38,Income
2020-02-04,Pharmacy daily savings contract direct parking.,Rent,813.22,Expense
2020-02-05,Food household savings financial.,Food & Drink,1561.74,Expense
2020-02-05,Delivery tools insurance electricity regular.,Travel,1709.57,Expense
2020-02-05,Seven medical blood personal.,Investment,1838.0,Income
2020-02-05,Bus grocery investment system taxi maintenance.,Travel,505.21,Expense
2020-02-05,Household financial.,Food & Drink,716.46,Expense
2020-02-05,Deal app flight travel total investment deposit.,Food & Drink,1090.92,Expense
2020-02-05,Born itself law west.,Rent,1222.17,Expense
2020-02-05,Network subscription.,Shopping,1203.99,Expense
2020-02-05,Transfer daily subscription digital purchase annual.,Investment,2569.43,Income
2020-02-05,Order tools net.,Food & Drink,1350.27,Expense
2020-02-06,Health phone tax client fee processed.,Salary,1062.04,Income
2020-02-06,Online utility hospital mortgage maintenance net.,Travel,177.45,Expense
2020-02-06,Material management project.,Health & Fitness,419.49,Expense
2020-02-06,Flight plan.,Entertainment,560.66,Expense
2020-02-07,Fee loan entertainment.,Entertainment,731.56,Expense
2020-02-07,Food affect upon these story.,Entertainment,1372.38,Expense
2020-02-07,Current hear claim well two.,Travel,1979.15,Expense
2020-02-07,Client management transfer monthly pending.,Salary,511.81,Income
2020-02-07,Online hospital support water vendor invoice flight.,Entertainment,1416.74,Expense
2020-02-07,Software grocery fuel net train.,Food & Drink,1724.21,Expense
2020-02-07,Water food regular order app financial net.,Salary,628.78,Income
2020-02-07,Phone insurance phone client.,Investment,1639.65,Income
2020-02-07,Tax reward utility daily.,Utilities,689.83,Expense
2020-02-08,Parking management.,Other,2855.53,Income
2020-02-08,Express gym delivery store subscription.,Entertainment,1827.19,Expense
2020-02-08,Around there water.,Food & Drink,465.81,Expense
2020-02-08,Staff within mouth call.,Other,3786.0,Income
2020-02-08,Pending deposit advance internet net.,Shopping,996.68,Expense
2020-02-08,Entertainment material parking booking train online.,Investment,2709.33,Income
2020-02-08,Network business app.,Utilities,619.97,Expense
2020-02-09,Close month parent who up.,Entertainment,1827.14,Expense
2020-02-09,Direct internet system maintenance freelance transfer.,Salary,164.55,Income
2020-02-09,Project renewal material digital travel hotel.,Rent,1136.4,Expense
2020-02-09,Payment business account clinic network water transfer.,Investment,2632.79,Income
2020-02-09,Debit phone client reward contract.,Salary,876.97,Income
2020-02-09,Renewal electricity flight platform subscription booking material.,Other,1320.73,Income
2020-02-09,Reward deal account investment tax.,Food & Drink,1794.46,Expense
2020-02-10,App store entertainment shop network.,Utilities,454.29,Expense
2020-02-10,Standard direct loan freelance.,Shopping,235.14,Expense
2020-02-10,Express premium subscription express.,Travel,987.87,Expense
2020-02-10,Freelance loan personal water insurance.,Entertainment,955.5,Expense
2020-02-10,Personal grocery.,Travel,926.89,Expense
2020-02-10,Market processed software direct fee.,Travel,1621.07,Expense
2020-02-10,Train deposit daily account loan.,Entertainment,624.55,Expense
2020-02-10,Booking gross financial economy bus service app.,Investment,1242.1,Income
2020-02-11,Debit renewal system contract premium maintenance.,Travel,1339.89,Expense
2020-02-11,Parking store grocery.,Health & Fitness,1084.1,Expense
2020-02-11,Human public health.,Health & Fitness,433.13,Expense
2020-02-11,Clinic renewal network.,Entertainment,843.08,Expense
2020-02-11,Priority salary.,Investment,4087.05,Income
2020-02-11,Contract financial.,Entertainment,856.69,Expense
2020-02-12,Material bill fee personal.,Other,3200.49,Income
2020-02-12,Monthly discount parking support.,Travel,576.28,Expense
2020-02-12,Booking hospital booking project taxi hospital.,Shopping,958.39,Expense
2020-02-12,App renewal vendor equipment system taxi.,Travel,797.36,Expense
2020-02-12,Gym financial app management.,Health & Fitness,492.13,Expense
2020-02-12,Maintenance purchase project hospital advance project water.,Utilities,898.02,Expense
2020-02-13,Building different full open.,Salary,294.31,Income
2020-02-13,Entertainment deal service.,Food & Drink,397.69,Expense
2020-02-13,Processed hotel booking credit regular.,Investment,1919.96,Income
2020-02-13,Advance deal train total.,Health & Fitness,819.68,Expense
2020-02-13,Software management restaurant market.,Travel,939.05,Expense
2020-02-13,Savings software platform personal equipment.,Other,3728.88,Income
2020-02-13,Vendor equipment salary freelance adjustment.,Entertainment,624.99,Expense
2020-02-14,Entertainment credit.,Investment,2529.62,Income
2020-02-14,Delivery salary.,Health & Fitness,351.79,Expense
2020-02-14,Personal bonus.,Other,3563.65,Income
2020-02-14,Health bus shop special salary.,Other,2900.27,Income
2020-02-14,Online platform.,Entertainment,1055.85,Expense
2020-02-14,Gym hospital hotel hospital insurance client project.,Entertainment,1545.84,Expense
2020-02-14,Regular loan.,Other,2607.23,Income
2020-02-15,Material management software transfer shop automatic plan.,Entertainment,1495.03,Expense
2020-02-15,Standard adjustment maintenance.,Utilities,1383.42,Expense
2020-02-15,Detail audience piece director town.,Other,4009.0,Income
2020-02-16,System direct network hotel.,Investment,2400.51,Income
2020-02-16,Economy annual equipment credit package.,Travel,1738.64,Expense
2020-02-16,Business plan.,Utilities,1446.66,Expense
2020-02-16,Hardware regular restaurant shop.,Utilities,174.97,Expense
2020-02-16,Much rich think.,Utilities,1023.96,Expense
2020-02-16,Automatic business vendor.,Entertainment,644.72,Expense
2020-02-16,Method everything.,Shopping,730.37,Expense
2020-02-16,Flight client.,Other,896.62,Income
2020-02-16,Invoice system water support.,Rent,360.71,Expense
2020-02-16,Net plan material gross hospital.,Entertainment,1369.33,Expense
2020-02-16,Deal system special total online.,Entertainment,1665.25,Expense
2020-02-17,Delivery direct subscription platform plan.,Health & Fitness,1082.69,Expense
2020-02-17,Project project automatic material business annual.,Shopping,1014.83,Expense
2020-02-17,Economy package debit savings bonus mall.,Health & Fitness,1328.07,Expense
2020-02-17,Renewal hotel gym.,Food & Drink,1226.64,Expense
2020-02-17,App shop daily net online maintenance.,Rent,1905.14,Expense
2020-02-17,Credit tax account store.,Salary,1287.9,Income
2020-02-17,Network store network financial service train system.,Investment,2917.39,Income
2020-02-17,Budget invoice platform utility savings.,Entertainment,578.47,Expense
2020-02-17,Financial salary.,Salary,1644.06,Income
2020-02-17,Investment grocery processed.,Rent,66.41,Expense
2020-02-17,Service order salary financial food service hotel.,Investment,956.63,Income
2020-02-18,Fuel health.,Food & Drink,1438.72,Expense
2020-02-18,Water material digital priority.,Utilities,1219.57,Expense
2020-02-18,Regular entertainment balance charge deal contract personal.,Health & Fitness,899.24,Expense
2020-02-18,Vendor health restaurant investment interest processed restaurant.,Rent,1896.0,Expense
2020-02-18,Contract contract special.,Salary,1440.26,Income
2020-02-18,Drug list imagine behind.,Investment,1398.0,Income
2020-02-18,Entertainment train pharmacy.,Food & Drink,368.68,Expense
2020-02-18,Renewal pending service.,Entertainment,1607.78,Expense
2020-02-19,Software premium personal deal.,Salary,738.26,Income
2020-02-19,Interest level rock pull.,Investment,3958.0,Income
2020-02-19,Reward financial net taxi.,Entertainment,1493.53,Expense
2020-02-19,Deposit weekly online.,Travel,1905.99,Expense
2020-02-19,Train regular store household internet credit discount.,Rent,1079.67,Expense
2020-02-20,Credit standard mortgage health restaurant project bonus.,Shopping,1413.1,Expense
2020-02-20,Store premium restaurant bonus store.,Travel,681.19,Expense
2020-02-20,Mortgage invoice interest platform booking hardware.,Entertainment,910.07,Expense
2020-02-20,Payment automatic total equipment bill mortgage.,Health & Fitness,993.92,Expense
2020-02-20,I fund.,Shopping,769.42,Expense
2020-02-20,Tools app standard clinic.,Salary,1065.33,Income
2020-02-20,Hospital business standard loan bill interest salary.,Travel,1256.25,Expense
2020-02-21,Software vendor plan store hospital payment food.,Utilities,119.76,Expense
2020-02-21,Bill regular mortgage freelance credit.,Entertainment,1634.92,Expense
2020-02-21,Investment direct grocery train.,Health & Fitness,823.75,Expense
2020-02-21,Pharmacy platform purchase hotel adjustment system.,Rent,599.6,Expense
2020-02-21,Business charge.,Salary,778.86,Income
2020-02-21,Adjustment internet restaurant financial salary hardware.,Utilities,1352.07,Expense
2020-02-21,Investment utility digital automatic.,Salary,1008.31,Income
2020-02-21,Pending premium tools network household deposit train.,Salary,1315.52,Income
2020-02-21,Package monthly.,Food & Drink,1434.52,Expense
2020-02-21,Interest package direct tools.,Travel,587.2,Expense
2020-02-22,Personal network system personal online.,Food & Drink,658.77,Expense
2020-02-22,Budget discount advance food account equipment.,Shopping,738.84,Expense
2020-02-22,Bonus app support clinic.,Other,3601.82,Income
2020-02-22,Special bill charge total.,Salary,118.0,Income
2020-02-22,Equipment economy electricity app project.,Utilities,387.7,Expense
2020-02-22,Shop internet loan clinic debit weekly hardware.,Utilities,403.29,Expense
2020-02-22,Purchase fuel equipment credit.,Rent,967.81,Expense
2020-02-23,Weekly food taxi renewal.,Travel,572.68,Expense
2020-02-23,Parking app net market food.,Shopping,1382.39,Expense
2020-02-23,Weekly express premium taxi regular automatic.,Shopping,750.13,Expense
2020-02-23,Freelance pharmacy business freelance.,Entertainment,765.17,Expense
2020-02-23,Tax automatic maintenance management service financial.,Salary,439.1,Income
2020-02-23,Monthly total network.,Other,2702.7,Income
2020-02-23,Annual contract contract fee.,Utilities,813.64,Expense
2020-02-23,Insurance client booking payment hardware.,Salary,1578.89,Income
2020-02-24,Tax health hotel.,Travel,1164.0,Expense
2020-02-25,Digital tax taxi.,Entertainment,1505.95,Expense
2020-02-25,Hospital online.,Shopping,639.92,Expense
2020-02-25,Fuel hardware bus processed support health business.,Entertainment,1090.77,Expense
2020-02-25,Invoice regular investment fee balance gym.,Utilities,400.19,Expense
2020-02-25,Online food fuel restaurant personal.,Shopping,1102.02,Expense
2020-02-25,Contract management system tax clinic water express.,Utilities,1135.1,Expense
2020-02-26,System travel interest annual parking mortgage deposit.,Investment,2634.88,Income
2020-02-26,Total tools.,Travel,1460.88,Expense
2020-02-26,Budget special.,Health & Fitness,1150.1,Expense
2020-02-26,Household budget delivery.,Rent,965.26,Expense
2020-02-26,Water equipment.,Food & Drink,676.74,Expense
2020-02-26,Tax service discount maintenance maintenance.,Health & Fitness,1818.13,Expense
2020-02-26,Mortgage restaurant deposit automatic.,Food & Drink,1283.65,Expense
2020-02-26,Court movie cell.,Travel,1942.45,Expense
2020-02-26,Investment processed gross entertainment budget support.,Shopping,1461.42,Expense
2020-02-26,Hardware plan deposit clinic tools adjustment.,Food & Drink,154.96,Expense
2020-02-27,Express weekly.,Other,3038.98,Income
2020-02-27,Leg themselves away.,Food & Drink,1363.76,Expense
2020-02-27,Management debit market discount debit regular project.,Salary,1104.96,Income
2020-02-27,Account booking online network pharmacy.,Investment,3893.91,Income
2020-02-27,Maintenance discount contract contract weekly gross budget.,Other,4427.15,Income
2020-02-27,Total tax adjustment system pharmacy.,Health & Fitness,773.02,Expense
2020-02-28,Mall freelance mortgage.,Rent,812.58,Expense
2020-02-28,Anything yourself.,Other,3286.0,Income
2020-02-28,Purchase transfer.,Food & Drink,1473.01,Expense
2020-02-28,Software automatic adjustment.,Travel,808.37,Expense
2020-02-28,Personal direct financial project debit.,Travel,882.73,Expense
2020-02-28,Management investment.,Investment,959.55,Income
2020-02-28,Unit support.,Other,1795.0,Income
2020-02-29,Restaurant client regular management fee salary project.,Health & Fitness,1099.49,Expense
2020-02-29,Online tax weekly charge.,Health & Fitness,652.14,Expense
2020-02-29,Bonus pharmacy delivery.,Other,2711.35,Income
2020-02-29,Magazine degree husband around.,Travel,1944.06,Expense
2020-02-29,Debit platform interest weekly.,Shopping,1130.61,Expense
2020-02-29,Shop bonus shop restaurant financial special bonus.,Salary,55.74,Income
2020-03-01,Invoice order delivery deal electricity express gross.,Rent,1477.67,Expense
2020-03-01,Clinic weekly fee bill express.,Entertainment,169.4,Expense
2020-03-01,Software gym.,Utilities,1037.4,Expense
2020-03-01,Management market market insurance economy food digital.,Travel,734.43,Expense
2020-03-01,Interest maintenance hospital.,Salary,589.12,Income
2020-03-01,Plan discount.,Rent,375.51,Expense
2020-03-01,Network deposit salary phone express salary.,Travel,1918.77,Expense
2020-03-01,Total fuel hospital.,Shopping,558.32,Expense
2020-03-02,Total delivery subscription hardware.,Utilities,1220.37,Expense
2020-03-02,Mall parking platform.,Travel,465.41,Expense
2020-03-02,Net household vendor weekly bill bus.,Utilities,1037.59,Expense
2020-03-02,Tools tools grocery debit.,Rent,796.32,Expense
2020-03-02,Automatic software.,Entertainment,690.23,Expense
2020-03-02,Tools annual.,Rent,1580.63,Expense
2020-03-03,Personal gross charge shop travel fuel entertainment.,Shopping,806.47,Expense
2020-03-03,Clinic contract bonus standard subscription.,Salary,1827.06,Income
2020-03-03,Taxi material balance discount software mortgage premium.,Other,3736.12,Income
2020-03-03,Taxi platform freelance personal travel water food.,Travel,594.36,Expense
2020-03-03,Client flight loan.,Health & Fitness,769.75,Expense
2020-03-03,World enter.,Rent,1742.33,Expense
2020-03-03,Business invoice train processed train.,Salary,1763.98,Income
2020-03-04,Platform software hospital shop pending parking travel.,Investment,4639.71,Income
2020-03-04,Institution whatever yet.,Entertainment,314.15,Expense
2020-03-04,Choice father why often.,Food & Drink,1201.9,Expense
2020-03-04,Support advance travel.,Other,2328.27,Income
2020-03-05,Adjustment weekly entertainment flight online.,Shopping,762.06,Expense
2020-03-05,Bill advance system digital.,Rent,1188.18,Expense
2020-03-05,Tax software management client freelance digital.,Food & Drink,1236.4,Expense
2020-03-05,Discount regular app processed fuel tools utility.,Utilities,1167.15,Expense
2020-03-05,Tools network bill material clinic renewal.,Utilities,247.95,Expense
2020-03-05,Bill household salary market order app.,Other,1946.06,Income
2020-03-05,Equipment software.,Food & Drink,1487.79,Expense
2020-03-05,Gym total subscription.,Investment,3252.52,Income
2020-03-06,Gross store utility maintenance fuel mall.,Other,3028.88,Income
2020-03-06,Deal reward material.,Utilities,844.18,Expense
2020-03-06,Travel adjustment material deposit.,Travel,1755.83,Expense
2020-03-06,Economy hotel direct interest premium support reward.,Utilities,1636.66,Expense
2020-03-06,Electricity regular reward parking shop credit deal.,Salary,252.68,Income
2020-03-06,Direct project transfer transfer priority utility.,Other,1459.24,Income
2020-03-07,Subscription plan clinic utility.,Salary,863.7,Income
2020-03-07,Market delivery delivery loan discount hospital.,Food & Drink,516.94,Expense
2020-03-07,Economy gross app hardware household project.,Investment,1919.6,Income
2020-03-07,Booking account loan special adjustment train.,Investment,3091.78,Income
2020-03-07,Advance financial parking interest reward.,Entertainment,813.67,Expense
2020-03-07,System household app tools discount vendor investment.,Investment,757.92,Income
2020-03-08,Client digital flight parking.,Salary,1762.07,Income
2020-03-08,Purchase digital maintenance.,Entertainment,1509.09,Expense
2020-03-09,Household restaurant hotel.,Rent,628.27,Expense
2020-03-09,Freelance network system support contract.,Shopping,1277.71,Expense
2020-03-09,Contract network phone net train.,Food & Drink,941.93,Expense
2020-03-09,Gross pharmacy balance.,Shopping,905.58,Expense
2020-03-09,Security arm.,Rent,1858.91,Expense
2020-03-09,Clinic app system market transfer software travel.,Other,4157.69,Income
2020-03-09,Bus investment parking system entertainment train.,Travel,1000.63,Expense
2020-03-09,Pharmacy express online bill.,Other,2744.78,Income
2020-03-09,Me system church whether.,Travel,486.51,Expense
2020-03-09,Advance restaurant pharmacy support gross transfer.,Health & Fitness,1247.25,Expense
2020-03-10,Freelance credit shop purchase budget project network.,Food & Drink,1187.04,Expense
2020-03-10,Equipment premium clinic.,Travel,591.65,Expense
2020-03-10,Deal daily bonus transfer mall balance.,Rent,1822.08,Expense
2020-03-10,Train personal transfer service.,Food & Drink,350.53,Expense
2020-03-10,Discount system.,Rent,673.34,Expense
2020-03-11,Discount fee discount.,Other,2169.46,Income
2020-03-11,Shop discount charge.,Utilities,1338.98,Expense
2020-03-11,Walk now often.,Rent,1956.19,Expense
2020-03-11,Attention attack technology.,Rent,180.45,Expense
2020-03-11,Pending contract contract financial charge software adjustment.,Investment,2154.26,Income
2020-03-12,Renewal hospital grocery.,Travel,1504.34,Expense
2020-03-12,Enter capital population.,Utilities,537.46,Expense
2020-03-12,Annual grocery.,Shopping,1752.4,Expense
2020-03-12,Bank price north first end.,Utilities,265.5,Expense
2020-03-12,Online direct.,Entertainment,346.46,Expense
2020-03-13,Balance mortgage delivery.,Food & Drink,400.06,Expense
2020-03-13,Service online.,Health & Fitness,1798.84,Expense
2020-03-13,Store balance.,Health & Fitness,1707.32,Expense
2020-03-14,Total store.,Food & Drink,1422.16,Expense
2020-03-14,Electricity booking subscription clinic deposit.,Travel,1295.43,Expense
2020-03-14,Gym tax adjustment flight phone pharmacy.,Entertainment,954.07,Expense
2020-03-14,Project total insurance phone grocery network.,Salary,1784.88,Income
2020-03-14,App order package standard salary taxi electricity.,Entertainment,635.62,Expense
2020-03-14,Mortgage economy.,Health & Fitness,1015.88,Expense
2020-03-14,Upon very act perform.,Shopping,1929.08,Expense
2020-03-14,Salary monthly bonus hardware balance.,Utilities,546.35,Expense
2020-03-14,Investment phone contract.,Utilities,243.18,Expense
2020-03-14,Deal market grocery client shop regular restaurant.,Utilities,1376.94,Expense
2020-03-14,Health market.,Food & Drink,1199.84,Expense
2020-03-14,Package food.,Investment,3458.05,Income
2020-03-14,Direct interest.,Health & Fitness,1356.15,Expense
2020-03-15,Parking loan direct order.,Entertainment,1100.18,Expense
2020-03-15,Network express credit freelance hardware network gross.,Investment,3473.7,Income
2020-03-15,Premium online utility.,Food & Drink,228.8,Expense
2020-03-15,Standard total clinic transfer transfer.,Travel,917.68,Expense
2020-03-15,Monthly gym equipment entertainment insurance.,Health & Fitness,793.65,Expense
2020-03-15,Available defense.,Entertainment,1428.77,Expense
2020-03-15,Store monthly order processed.,Rent,919.13,Expense
2020-03-15,Booking platform weekly gross.,Shopping,703.45,Expense
2020-03-15,Economy weekly material utility processed.,Travel,1403.49,Expense
2020-03-16,Hotel fuel.,Other,4194.83,Income
2020-03-16,Online economy financial interest.,Other,1903.45,Income
2020-03-16,Train food weekly bonus mortgage gym.,Rent,1737.56,Expense
2020-03-16,Health freelance restaurant service grocery tools.,Other,3355.69,Income
2020-03-18,Market market shop.,Other,3830.27,Income
2020-03-18,Net charge account parking fee travel balance.,Rent,757.96,Expense
2020-03-18,Account net software parking.,Travel,1600.84,Expense
2020-03-18,Business savings support standard.,Travel,558.61,Expense
2020-03-18,Tax daily.,Food & Drink,575.0,Expense
2020-03-18,Value thing these.,Health & Fitness,881.82,Expense
2020-03-18,Payment investment.,Food & Drink,1994.77,Expense
2020-03-18,Express bonus.,Travel,1244.07,Expense
2020-03-18,Express mall express.,Rent,649.48,Expense
2020-03-19,Weekly taxi.,Entertainment,915.02,Expense
2020-03-19,Deal freelance order subscription project automatic premium.,Health & Fitness,1268.66,Expense
2020-03-19,Bus account credit equipment service.,Entertainment,940.16,Expense
2020-03-20,Express deposit regular order regular.,Rent,838.21,Expense
2020-03-20,Budget management.,Shopping,725.82,Expense
2020-03-21,Citizen street region.,Rent,503.33,Expense
2020-03-21,Invoice premium total hotel automatic weekly.,Shopping,822.78,Expense
2020-03-22,Equipment household economy bonus subscription maintenance automatic.,Health & Fitness,834.66,Expense
2020-03-23,Equipment clinic management delivery.,Utilities,1852.38,Expense
2020-03-23,Subscription hardware.,Health & Fitness,728.54,Expense
2020-03-23,Property never.,Investment,2385.0,Income
2020-03-23,Enough threat score.,Food & Drink,151.28,Expense
2020-03-23,Gym pharmacy automatic client payment.,Travel,509.89,Expense
2020-03-24,Credit standard fuel gym.,Other,1332.31,Income
2020-03-24,Example decision garden.,Entertainment,144.13,Expense
2020-03-24,Parking travel contract purchase net pharmacy material.,Utilities,935.07,Expense
2020-03-24,Advance service.,Shopping,82.55,Expense
2020-03-24,Booking internet.,Other,3993.09,Income
2020-03-24,Financial monthly food fuel network.,Health & Fitness,991.63,Expense
2020-03-25,Plan purchase deal.,Salary,825.13,Income
2020-03-25,Travel store clinic package.,Shopping,970.03,Expense
2020-03-26,Priority internet.,Travel,856.12,Expense
2020-03-26,Shop loan.,Other,4401.46,Income
2020-03-26,Tools fee utility contract savings system interest.,Entertainment,1336.49,Expense
2020-03-26,Internet subscription interest subscription maintenance investment clinic.,Food & Drink,1541.23,Expense
2020-03-26,Hardware internet pending hardware hotel renewal.,Food & Drink,1365.36,Expense
2020-03-27,Order personal service.,Shopping,1066.55,Expense
2020-03-27,Account special weekly insurance credit total.,Entertainment,1095.71,Expense
2020-03-28,Platform adjustment economy savings adjustment order delivery.,Rent,282.39,Expense
2020-03-28,Major town suffer begin.,Other,1080.0,Income
2020-03-28,Total fuel software pending.,Food & Drink,850.19,Expense
2020-03-28,Gross budget discount.,Health & Fitness,652.37,Expense
2020-03-28,Monthly net hardware market store salary.,Food & Drink,571.15,Expense
2020-03-28,Financial hotel.,Travel,900.61,Expense
2020-03-28,Business pharmacy standard.,Investment,3656.41,Income
2020-03-29,Credit fee equipment management.,Other,2068.71,Income
2020-03-29,Account budget bus business entertainment salary.,Food & Drink,1489.68,Expense
2020-03-29,Food utility gym equipment.,Salary,1114.4,Income
2020-03-29,Health store deal.,Salary,971.58,Income
2020-03-29,Direct business taxi maintenance freelance total deposit.,Investment,4085.2,Income
2020-03-30,Market total regular taxi economy account.,Food & Drink,352.44,Expense
2020-03-30,Deal network standard water express savings daily.,Shopping,838.91,Expense
2020-03-30,Economy bus maintenance.,Health & Fitness,1121.79,Expense
2020-03-30,Flight balance parking account standard.,Food & Drink,1182.63,Expense
2020-03-30,Standard hardware equipment transfer package.,Health & Fitness,863.78,Expense
2020-03-30,Management fee utility financial account vendor mall.,Health & Fitness,980.54,Expense
2020-03-31,Insurance network credit subscription savings bill.,Food & Drink,918.84,Expense
2020-03-31,Adjustment salary internet interest maintenance phone.,Health & Fitness,1089.06,Expense
2020-03-31,Bus train.,Health & Fitness,539.49,Expense
2020-03-31,Internet deal.,Rent,543.01,Expense
2020-03-31,Household platform annual pending household.,Health & Fitness,686.19,Expense
2020-04-01,Total delivery insurance tools support market maintenance.,Shopping,1188.07,Expense
2020-04-01,Analysis four capital.,Travel,1341.27,Expense
2020-04-01,Mortgage gross standard.,Investment,1318.57,Income
2020-04-01,Network insurance package platform.,Salary,1825.51,Income
2020-04-02,Charge contract restaurant processed clinic.,Health & Fitness,1072.33,Expense
2020-04-02,Delivery train order management contract regular.,Rent,711.68,Expense
2020-04-02,Hardware direct gym credit plan booking.,Shopping,1659.01,Expense
2020-04-02,Account gym.,Rent,325.21,Expense
2020-04-03,Savings automatic.,Investment,3480.06,Income
2020-04-03,Insurance daily bonus freelance equipment material fuel.,Salary,836.18,Income
2020-04-03,Weekly material regular.,Utilities,1023.02,Expense
2020-04-03,Booking electricity shop water priority water market.,Investment,3701.57,Income
2020-04-03,Purchase debit.,Salary,643.95,Income
2020-04-03,Salary support order fee bill bus.,Rent,1226.03,Expense
2020-04-03,Total client.,Health & Fitness,1102.07,Expense
2020-04-04,Maintenance fee management fuel contract order savings.,Rent,849.97,Expense
2020-04-04,Phone business transfer contract weekly health.,Food & Drink,821.46,Expense
2020-04-04,Special market mortgage interest internet.,Utilities,993.46,Expense
2020-04-05,Scientist necessary into.,Utilities,1449.47,Expense
2020-04-05,Budget subscription service client gym salary.,Rent,1473.21,Expense
2020-04-05,Travel internet.,Food & Drink,549.63,Expense
2020-04-06,Along hard need involve among.,Shopping,388.92,Expense
2020-04-06,Weekly taxi.,Entertainment,366.04,Expense
2020-04-06,Adjustment project.,Salary,1253.86,Income
2020-04-06,Client premium priority vendor credit.,Investment,4316.87,Income
2020-04-06,Clinic savings net balance freelance.,Salary,748.46,Income
2020-04-06,Gross digital purchase gym special.,Food & Drink,845.03,Expense
2020-04-06,Away third.,Salary,493.56,Income
2020-04-06,Mall reward.,Entertainment,862.13,Expense
2020-04-07,Discount restaurant annual transfer fee financial economy.,Shopping,396.51,Expense
2020-04-07,Contract advance budget reward weekly.,Food & Drink,1604.51,Expense
2020-04-07,Bonus flight market electricity deal gross.,Travel,574.74,Expense
2020-04-07,Software transfer subscription.,Entertainment,574.4,Expense
2020-04-07,Automatic credit digital pending.,Rent,493.0,Expense
2020-04-08,Entertainment charge food economy.,Investment,2576.36,Income
2020-04-08,Fee gross hospital contract tax savings.,Shopping,905.01,Expense
2020-04-08,Insurance mortgage phone package processed clinic.,Shopping,847.2,Expense
2020-04-08,Vendor reward standard payment daily food.,Rent,728.45,Expense
2020-04-08,Fuel restaurant bonus credit.,Health & Fitness,768.05,Expense
2020-04-08,Hospital charge.,Investment,4052.51,Income
2020-04-08,Interest material annual.,Rent,1221.74,Expense
2020-04-08,Grocery reward health contract app.,Utilities,1329.41,Expense
2020-04-08,Account annual food.,Food & Drink,958.02,Expense
2020-04-08,Online food business.,Entertainment,1454.09,Expense
2020-04-08,Annual package balance reward.,Health & Fitness,1224.89,Expense
2020-04-08,Bonus digital package entertainment account project delivery.,Shopping,1193.78,Expense
2020-04-08,Premium vendor tools hardware.,Investment,2062.83,Income
2020-04-08,Purchase total clinic grocery loan food.,Utilities,484.84,Expense
2020-04-09,Internet platform.,Salary,973.11,Income
2020-04-09,Fuel travel software mall adjustment.,Travel,1183.01,Expense
2020-04-09,Deal travel water phone plan annual.,Food & Drink,938.96,Expense
2020-04-09,Personal service.,Investment,1846.26,Income
2020-04-09,Booking mortgage discount express delivery booking tools.,Food & Drink,1823.58,Expense
2020-04-10,Service app electricity subscription standard direct.,Travel,1948.3,Expense
2020-04-10,Utility reward.,Rent,731.48,Expense
2020-04-10,Total tax support.,Salary,737.61,Income
2020-04-10,Account household net household fuel.,Travel,200.78,Expense
2020-04-10,Together decide.,Other,3402.0,Income
2020-04-10,Electricity automatic standard monthly interest.,Utilities,760.61,Expense
2020-04-10,Service fuel fee financial.,Utilities,711.48,Expense
2020-04-11,Special phone financial hospital.,Shopping,1602.23,Expense
2020-04-11,Renewal regular priority food digital adjustment phone.,Shopping,1666.81,Expense
2020-04-11,Package processed pending business.,Food & Drink,1918.92,Expense
2020-04-11,Discount vendor network.,Shopping,1080.27,Expense
2020-04-12,Gym utility.,Travel,1422.08,Expense
2020-04-12,Savings grocery phone annual travel gym.,Other,2657.16,Income
2020-04-12,Electricity plan loan charge phone entertainment.,Utilities,161.22,Expense
2020-04-12,Reward debit platform gym reward mortgage.,Other,910.08,Income
2020-04-12,Payment salary taxi app charge.,Health & Fitness,845.89,Expense
2020-04-13,Package mortgage gross.,Rent,1160.71,Expense
2020-04-14,Clinic debit gym.,Investment,2663.95,Income
2020-04-14,Flight hotel transfer deposit.,Health & Fitness,810.3,Expense
2020-04-14,Phone delivery app entertainment mall health bonus.,Other,3483.4,Income
2020-04-14,Hotel priority material package food hotel.,Utilities,1101.2,Expense
2020-04-14,Food interest freelance advance special payment water.,Investment,4184.27,Income
2020-04-14,Fuel health internet tools purchase annual pharmacy.,Other,1197.6,Income
2020-04-15,Package app phone business.,Rent,1409.58,Expense
2020-04-15,Management phone loan equipment processed.,Health & Fitness,1351.42,Expense
2020-04-15,Vendor entertainment financial restaurant client.,Travel,215.95,Expense
2020-04-15,Hardware market network system hotel household.,Investment,2008.82,Income
2020-04-16,Mall payment bill regular economy.,Salary,1095.57,Income
2020-04-16,Shop equipment express train order.,Salary,1778.71,Income
2020-04-16,Management food priority regular platform.,Other,4237.8,Income
2020-04-17,See understand door class son.,Investment,996.0,Income
2020-04-17,Flight software.,Salary,609.94,Income
2020-04-17,Government nice.,Salary,1729.04,Income
2020-04-17,Premium insurance transfer.,Shopping,961.15,Expense
2020-04-17,Direct package.,Investment,1966.71,Income
2020-04-18,Salary client.,Salary,870.99,Income
2020-04-18,Online fee.,Shopping,763.78,Expense
2020-04-18,Standard gym electricity support.,Travel,1066.7,Expense
2020-04-18,Support household reward.,Other,671.31,Income
2020-04-18,Agent say forward us.,Health & Fitness,1603.18,Expense
2020-04-19,Client business health transfer client hotel.,Food & Drink,1246.14,Expense
2020-04-19,Budget plan special equipment automatic adjustment health.,Rent,1239.46,Expense
2020-04-19,Tools order management.,Utilities,868.44,Expense
2020-04-19,Support system.,Health & Fitness,1780.82,Expense
2020-04-19,Household automatic system.,Utilities,965.7,Expense
2020-04-19,Bus travel.,Other,3793.68,Income
2020-04-19,Credit processed subscription.,Investment,4522.46,Income
2020-04-19,Renewal train equipment food bonus account.,Rent,517.51,Expense
2020-04-19,Equipment budget material salary.,Travel,854.5,Expense
2020-04-20,Balance direct.,Health & Fitness,810.46,Expense
2020-04-20,Shop fuel clinic.,Entertainment,778.51,Expense
2020-04-20,System pending tax interest.,Other,2104.4,Income
2020-04-20,Restaurant fee.,Entertainment,1283.31,Expense
2020-04-20,Travel loan regular.,Rent,863.45,Expense
2020-04-20,Invoice gross phone priority project.,Entertainment,1169.2,Expense
2020-04-20,Adjustment taxi water.,Food & Drink,243.98,Expense
2020-04-20,Direct digital savings salary.,Food & Drink,896.15,Expense
2020-04-20,Freelance fuel balance.,Rent,704.04,Expense
2020-04-20,Clinic fuel financial invoice.,Health & Fitness,1058.85,Expense
2020-04-20,Contract daily equipment.,Shopping,1465.98,Expense
2020-04-20,Economy parking processed.,Food & Drink,603.41,Expense
2020-04-21,Business freelance project.,Rent,1725.22,Expense
2020-04-21,Digital payment platform.,Investment,4969.95,Income
2020-04-21,Entertainment pending.,Entertainment,1920.51,Expense
2020-04-21,Processed discount platform material delivery payment.,Utilities,1170.72,Expense
2020-04-21,Fuel purchase balance weekly.,Salary,1185.51,Income
2020-04-21,Plan system regular clinic platform maintenance daily.,Salary,868.26,Income
2020-04-21,Fuel freelance processed fee delivery equipment.,Food & Drink,395.08,Expense
2020-04-21,Personal discount regular material mall electricity daily.,Travel,1251.46,Expense
2020-04-21,Direct material budget hardware annual.,Investment,2543.94,Income
2020-04-22,Market management phone restaurant.,Utilities,1228.53,Expense
2020-04-22,Priority material equipment hotel shop net financial.,Salary,721.12,Income
2020-04-22,Premium plan.,Other,2882.91,Income
2020-04-22,City red him.,Investment,2058.0,Income
2020-04-22,Mortgage digital health subscription market client.,Entertainment,1611.05,Expense
2020-04-22,Direct order clinic gym.,Other,1991.74,Income
2020-04-22,Insurance discount vendor.,Utilities,1111.22,Expense
2020-04-22,Contract purchase business electricity bill tools.,Entertainment,1488.94,Expense
2020-04-22,Restaurant reward monthly shop financial pending reward.,Shopping,1356.19,Expense
2020-04-23,Network financial parking software package account debit.,Utilities,1381.3,Expense
2020-04-23,Develop staff least figure.,Utilities,849.54,Expense
2020-04-23,Account water.,Shopping,1613.81,Expense
2020-04-23,Personal train special transfer savings.,Travel,1072.14,Expense
2020-04-23,Regular material clinic loan equipment.,Entertainment,1303.61,Expense
2020-04-23,Bus bus hotel interest app bonus tools.,Entertainment,1186.41,Expense
2020-04-24,Project savings food network annual.,Entertainment,839.84,Expense
2020-04-24,Budget account.,Salary,230.62,Income
2020-04-24,Gross insurance tax equipment.,Food & Drink,1650.56,Expense
2020-04-24,Daily automatic household.,Shopping,823.89,Expense
2020-04-24,Digital system deal bonus platform phone subscription.,Health & Fitness,632.89,Expense
2020-04-24,Renewal financial system.,Food & Drink,786.22,Expense
2020-04-24,Tools market balance account network.,Utilities,711.2,Expense
2020-04-24,Client digital balance.,Travel,939.74,Expense
2020-04-25,Automatic charge personal annual.,Investment,2482.19,Income
2020-04-25,Charge gross management fee fuel debit.,Utilities,1226.53,Expense
2020-04-25,Hotel weekly.,Salary,1520.18,Income
2020-04-25,Hotel parking gross personal loan.,Rent,736.38,Expense
2020-04-25,Bus taxi travel internet.,Shopping,1177.96,Expense
2020-04-25,Direct service restaurant equipment.,Other,1178.49,Income
2020-04-25,Restaurant electricity.,Travel,957.17,Expense
2020-04-25,Age cover foreign.,Entertainment,1750.23,Expense
2020-04-26,Maintenance electricity health financial adjustment business fuel.,Investment,4609.7,Income
2020-04-26,Go meeting quickly.,Investment,914.0,Income
2020-04-26,Credit hardware delivery.,Investment,2685.87,Income
2020-04-26,Network hotel.,Other,2693.74,Income
2020-04-26,Adjustment transfer debit adjustment investment.,Shopping,1234.55,Expense
2020-04-26,App travel discount platform hardware renewal.,Food & Drink,591.41,Expense
2020-04-26,Voice boy wife condition.,Food & Drink,1938.3,Expense
2020-04-27,Deal insurance internet delivery.,Health & Fitness,342.05,Expense
2020-04-27,Bus internet train purchase.,Utilities,1267.71,Expense
2020-04-27,Parking interest service.,Shopping,1552.22,Expense
2020-04-27,Budget personal service utility.,Health & Fitness,1003.36,Expense
2020-04-27,Invoice investment.,Salary,1110.16,Income
2020-04-27,Economy management standard food electricity pharmacy.,Health & Fitness,861.65,Expense
2020-04-27,Bonus contract store bill freelance.,Investment,3865.89,Income
2020-04-27,Material market software gross balance system business.,Salary,509.19,Income
2020-04-27,Board its.,Entertainment,340.96,Expense
2020-04-27,Paper memory history office.,Entertainment,1730.65,Expense
2020-04-28,Total restaurant weekly economy net store.,Shopping,160.22,Expense
2020-04-28,Household total economy economy platform insurance.,Entertainment,1436.3,Expense
2020-04-28,Adjustment loan digital priority total.,Rent,518.44,Expense
2020-04-28,Deposit bus parking.,Investment,3474.92,Income
2020-04-29,Priority tax regular package financial transfer booking.,Salary,585.46,Income
2020-04-29,Remember ability.,Utilities,764.16,Expense
2020-04-29,Support parking adjustment credit total daily entertainment.,Other,3547.35,Income
2020-04-29,Automatic annual.,Salary,1322.98,Income
2020-04-29,Tools direct gross booking financial app.,Utilities,688.34,Expense
2020-04-29,Adjustment fee deal insurance budget.,Rent,767.32,Expense
2020-04-29,Total annual charge internet.,Travel,977.12,Expense
2020-04-29,Restaurant mall insurance.,Investment,3099.94,Income
2020-04-30,Support support hotel software water hotel.,Investment,1559.36,Income
2020-04-30,Total annual hardware account delivery credit.,Salary,1030.15,Income
2020-04-30,Bonus standard.,Rent,1738.63,Expense
2020-04-30,Digital household savings digital shop.,Shopping,292.75,Expense
2020-04-30,Hair attorney professional.,Travel,1853.77,Expense
2020-05-01,Food software parking.,Investment,3845.33,Income
2020-05-01,Special budget.,Utilities,322.63,Expense
2020-05-01,Utility renewal utility regular.,Health & Fitness,982.86,Expense
2020-05-01,Finish summer rest feel finally.,Travel,851.78,Expense
2020-05-02,Premium investment digital tax fee annual regular.,Health & Fitness,1751.23,Expense
2020-05-02,Transfer personal adjustment.,Utilities,770.2,Expense
2020-05-02,Bus water online.,Rent,741.12,Expense
2020-05-02,Health electricity mall.,Salary,878.37,Income
2020-05-03,I fast camera inside.,Salary,318.05,Income
2020-05-03,Savings special bus internet.,Health & Fitness,650.71,Expense
2020-05-03,Phone mall phone flight maintenance.,Rent,1562.34,Expense
2020-05-03,Clinic deposit material store account pharmacy.,Other,4334.08,Income
2020-05-03,Past feeling nature.,Food & Drink,1162.57,Expense
2020-05-03,Automatic regular network tax travel.,Travel,336.21,Expense
2020-05-04,Market premium special hotel charge.,Investment,3773.91,Income
2020-05-04,Fuel equipment.,Travel,472.52,Expense
2020-05-05,Hospital investment health clinic.,Entertainment,1115.08,Expense
2020-05-05,Advance grocery clinic phone.,Rent,1155.66,Expense
2020-05-05,Internet plan market taxi credit.,Rent,834.16,Expense
2020-05-05,Expert involve oil.,Health & Fitness,123.76,Expense
2020-05-05,Hotel regular business tax.,Investment,3297.79,Income
2020-05-06,Purchase advance.,Food & Drink,299.53,Expense
2020-05-06,Special transfer.,Food & Drink,694.99,Expense
2020-05-06,Adjustment food pharmacy.,Travel,756.76,Expense
2020-05-06,Kid put memory soldier.,Utilities,123.19,Expense
2020-05-06,Exist professional.,Utilities,146.36,Expense
2020-05-06,Business travel budget gym package hotel package.,Other,3204.69,Income
2020-05-06,Freelance discount gym advance balance restaurant.,Shopping,586.94,Expense
2020-05-07,Daily tax loan.,Shopping,1031.43,Expense
2020-05-07,Stand seem.,Investment,3807.0,Income
2020-05-07,Delivery plan.,Rent,514.58,Expense
2020-05-07,Internet flight market financial.,Entertainment,1191.67,Expense
2020-05-08,Health internet adjustment deposit.,Rent,962.37,Expense
2020-05-08,Gym water.,Entertainment,1128.72,Expense
2020-05-08,Loan digital account savings taxi delivery.,Other,3617.12,Income
2020-05-08,Health discount support online.,Travel,779.65,Expense
2020-05-08,Shop purchase bus purchase business deal travel.,Health & Fitness,897.37,Expense
2020-05-08,Grocery adjustment gym utility regular.,Health & Fitness,975.34,Expense
2020-05-08,Financial bus business project.,Travel,848.33,Expense
2020-05-09,Taxi flight.,Other,3785.26,Income
2020-05-09,Water transfer equipment.,Investment,3634.6,Income
2020-05-09,App budget water regular annual hotel food.,Food & Drink,1563.71,Expense
2020-05-09,Balance taxi shop.,Food & Drink,1486.82,Expense
2020-05-09,Insurance reward electricity health package.,Utilities,1166.92,Expense
2020-05-09,Gym package household hotel discount parking digital.,Entertainment,1378.83,Expense
2020-05-09,Train purchase salary order.,Shopping,815.96,Expense
2020-05-10,Subscription grocery support.,Travel,1193.24,Expense
2020-05-10,Pharmacy entertainment.,Investment,2537.38,Income
2020-05-10,Taxi restaurant vendor parking premium.,Travel,613.47,Expense
2020-05-10,Household flight electricity internet.,Utilities,893.52,Expense
2020-05-10,App utility special.,Entertainment,1971.32,Expense
2020-05-10,Travel payment.,Food & Drink,1178.62,Expense
2020-05-10,Mortgage fee standard.,Entertainment,1569.45,Expense
2020-05-10,Food material investment hospital mall credit.,Health & Fitness,977.33,Expense
2020-05-11,Southern challenge animal.,Investment,825.0,Income
2020-05-11,Priority purchase.,Other,1743.93,Income
2020-05-11,Budget purchase loan delivery support network.,Salary,1077.03,Income
2020-05-11,Delivery subscription train contract travel delivery.,Utilities,1277.96,Expense
2020-05-11,Renewal automatic restaurant hospital gross balance hotel.,Utilities,1488.47,Expense
2020-05-11,Clinic bus.,Other,3366.23,Income
2020-05-11,Special tax account travel charge.,Investment,4332.0,Income
2020-05-12,Daily vendor direct.,Utilities,897.91,Expense
2020-05-12,Booking weekly network client purchase travel.,Food & Drink,975.72,Expense
2020-05-12,Sure authority increase picture create.,Shopping,1318.17,Expense
2020-05-12,System net freelance account.,Health & Fitness,1511.71,Expense
2020-05-12,Insurance client flight purchase hotel special.,Travel,727.87,Expense
2020-05-12,Standard personal express special mall.,Other,2337.75,Income
2020-05-12,Delivery express store daily.,Entertainment,841.31,Expense
2020-05-12,Payment transfer pending vendor.,Shopping,1467.63,Expense
2020-05-12,Project clinic subscription deposit maintenance bill debit.,Food & Drink,515.15,Expense
2020-05-13,Hundred challenge reach throughout.,Health & Fitness,1870.07,Expense
2020-05-13,System deal loan app.,Rent,1653.05,Expense
2020-05-13,Fee business charge.,Investment,4336.69,Income
2020-05-13,Market special platform maintenance order.,Utilities,1361.12,Expense
2020-05-13,Flight automatic store project.,Shopping,1178.46,Expense
2020-05-13,Premium personal adjustment market.,Health & Fitness,1279.81,Expense
2020-05-14,Credit equipment financial discount monthly insurance taxi.,Utilities,1647.28,Expense
2020-05-14,Despite sound receive let.,Health & Fitness,484.99,Expense
2020-05-14,Vendor total investment app market deposit.,Travel,625.69,Expense
2020-05-14,Order deposit plan adjustment service debit tools.,Other,4876.35,Income
2020-05-14,Internet utility flight total.,Utilities,820.49,Expense
2020-05-14,Adjustment renewal vendor maintenance service support transfer.,Investment,4986.59,Income
2020-05-15,Investment automatic water.,Travel,802.45,Expense
2020-05-15,Net savings project hardware maintenance.,Entertainment,682.72,Expense
2020-05-15,Economy mall flight client equipment special.,Salary,698.6,Income
2020-05-15,Electricity water entertainment health project water.,Shopping,1255.58,Expense
2020-05-15,True building card.,Travel,919.88,Expense
2020-05-15,Shop interest daily taxi.,Utilities,822.29,Expense
2020-05-16,Insurance tax automatic water.,Utilities,460.43,Expense
2020-05-16,Entertainment deposit parking financial app.,Utilities,1391.65,Expense
2020-05-16,Direct vendor annual monthly.,Utilities,289.48,Expense
2020-05-16,Account app management fuel.,Rent,1054.11,Expense
2020-05-16,Equipment daily daily hotel express renewal pharmacy.,Utilities,612.64,Expense
2020-05-16,Household tools tax support software online.,Salary,1779.81,Income
2020-05-16,Travel platform payment standard bill.,Travel,1362.19,Expense
2020-05-16,Material client contract utility mall electricity.,Other,3526.29,Income
2020-05-16,Write other wear through partner.,Rent,28.54,Expense
2020-05-17,Hardware client balance health app processed account.,Salary,591.52,Income
2020-05-17,Package fuel mall mortgage system management.,Other,3692.37,Income
2020-05-17,Mall annual account daily internet hardware.,Rent,1794.45,Expense
2020-05-17,Automatic priority.,Salary,766.32,Income
2020-05-17,Store natural today season.,Rent,155.79,Expense
2020-05-17,Online system economy investment phone.,Salary,1872.53,Income
2020-05-17,Account network order vendor premium.,Utilities,1389.3,Expense
2020-05-17,Subscription food.,Health & Fitness,1456.73,Expense
2020-05-18,Bus pharmacy tools.,Salary,1495.64,Income
2020-05-18,Digital reward equipment total gym flight credit.,Travel,1551.48,Expense
2020-05-18,Daily mortgage renewal project.,Salary,931.45,Income
2020-05-18,Project standard annual grocery economy loan financial.,Food & Drink,1204.33,Expense
2020-05-18,Total health regular parking network bill.,Entertainment,1745.43,Expense
2020-05-18,Balance health clinic investment project discount.,Shopping,259.41,Expense
2020-05-19,Balance travel.,Health & Fitness,589.14,Expense
2020-05-19,Else easy point she.,Travel,273.59,Expense
2020-05-19,Debit mortgage deal.,Rent,1319.75,Expense
2020-05-19,Utility automatic.,Investment,626.36,Income
2020-05-19,Express daily insurance weekly mortgage budget.,Food & Drink,1734.55,Expense
2020-05-19,Investment hotel discount project client transfer deposit.,Rent,1090.17,Expense
2020-05-20,Maintenance freelance weekly support.,Food & Drink,669.73,Expense
2020-05-20,Network bill household shop maintenance savings interest.,Utilities,435.95,Expense
2020-05-20,Household digital budget economy restaurant.,Salary,1168.78,Income
2020-05-20,Train transfer monthly platform adjustment.,Health & Fitness,864.24,Expense
2020-05-20,Network subscription discount adjustment processed hotel.,Utilities,809.98,Expense
2020-05-20,Utility payment platform tools taxi project.,Health & Fitness,573.73,Expense
2020-05-20,Discount vendor.,Rent,1411.61,Expense
2020-05-20,Phone ever back experience.,Rent,1759.75,Expense
2020-05-20,Entertainment health order.,Food & Drink,555.46,Expense
2020-05-20,Online food mortgage market annual deal insurance.,Investment,913.49,Income
2020-05-20,Travel parking balance hotel gross.,Other,4022.66,Income
2020-05-21,Fee platform digital regular.,Investment,1040.49,Income
2020-05-21,Grocery tools loan client business purchase.,Entertainment,1161.65,Expense
2020-05-21,Automatic project client.,Utilities,899.7,Expense
2020-05-21,Floor music catch discuss.,Utilities,881.99,Expense
2020-05-21,Debit account special pharmacy service platform.,Food & Drink,1516.43,Expense
2020-05-21,Pending booking store.,Utilities,1698.79,Expense
2020-05-21,Market mortgage weekly credit annual clinic.,Health & Fitness,340.14,Expense
2020-05-21,Hotel direct.,Investment,2933.86,Income
2020-05-22,Priority contract.,Rent,1241.69,Expense
2020-05-22,Debit express renewal processed plan gym.,Food & Drink,700.76,Expense
2020-05-22,Premium train client utility train digital.,Other,2404.6,Income
2020-05-22,Annual mall bonus contract processed utility gym.,Salary,1283.66,Income
2020-05-22,Direct payment freelance.,Shopping,984.4,Expense
2020-05-23,Tax support train train equipment account interest.,Rent,1046.31,Expense
2020-05-23,Restaurant vendor.,Investment,1914.59,Income
2020-05-23,Standard clinic support priority renewal loan.,Entertainment,762.25,Expense
2020-05-24,Mall shop special payment transfer.,Rent,1542.17,Expense
2020-05-24,Booking express.,Utilities,924.68,Expense
2020-05-24,Automatic daily.,Shopping,386.29,Expense
2020-05-25,Food train debit parking plan package grocery.,Other,3281.16,Income
2020-05-25,Food system booking discount.,Entertainment,1129.88,Expense
2020-05-25,Reward order personal monthly budget.,Other,895.09,Income
2020-05-25,Parking food.,Utilities,467.22,Expense
2020-05-25,Ask imagine my.,Travel,1227.24,Expense
2020-05-25,Utility internet adjustment management debit bill.,Salary,370.09,Income
2020-05-25,Regular software net subscription.,Utilities,685.64,Expense
2020-05-25,System investment credit.,Investment,2869.81,Income
2020-05-26,Subscription online online bonus.,Rent,820.64,Expense
2020-05-26,Fee system support regular.,Salary,718.02,Income
2020-05-26,Payment software water bus tax deposit platform.,Travel,1328.51,Expense
2020-05-26,Electricity pharmacy charge standard fuel material.,Rent,1052.39,Expense
2020-05-26,Invoice balance.,Investment,4018.31,Income
2020-05-27,System market transfer taxi electricity regular.,Salary,1359.71,Income
2020-05-27,Annual equipment daily platform.,Food & Drink,590.87,Expense
2020-05-27,Equipment pending package maintenance salary order.,Health & Fitness,183.47,Expense
2020-05-27,Electricity balance food tax network.,Entertainment,706.48,Expense
2020-05-27,Deal information.,Food & Drink,1339.05,Expense
2020-05-28,Business monthly interest management vendor savings.,Shopping,1614.38,Expense
2020-05-28,Network net.,Other,1358.12,Income
2020-05-28,Task she.,Rent,1878.47,Expense
2020-05-29,Insurance mortgage clinic.,Travel,1768.25,Expense
2020-05-29,Travel household booking bonus.,Food & Drink,929.25,Expense
2020-05-29,Digital hospital special household annual.,Investment,4543.88,Income
2020-05-29,App deal bill project bonus gym.,Travel,931.24,Expense
2020-05-29,Accept goal send table.,Investment,1376.0,Income
2020-05-29,Project daily.,Food & Drink,1186.23,Expense
2020-05-29,Personal client system.,Rent,490.55,Expense
2020-05-29,Internet mortgage grocery debit taxi.,Investment,3349.96,Income
2020-05-29,Deal water project booking flight bill deal.,Food & Drink,1491.36,Expense
2020-05-30,Section national owner determine detail.,Utilities,551.97,Expense
2020-05-31,Try wonder move trade.,Travel,1015.76,Expense
2020-05-31,Regular train insurance.,Rent,1795.92,Expense
2020-05-31,Ahead from quickly identify.,Health & Fitness,415.16,Expense
2020-05-31,Equipment daily bonus savings maintenance annual.,Travel,731.24,Expense
2020-05-31,Annual mall fuel pending system processed.,Travel,985.39,Expense
2020-05-31,Debit bill transfer renewal network tax premium.,Entertainment,1244.74,Expense
2020-05-31,Salary fuel deal market regular clinic financial.,Utilities,641.78,Expense
2020-05-31,Purchase internet water budget salary monthly.,Investment,1790.84,Income
2020-06-01,Total digital.,Utilities,264.08,Expense
2020-06-01,Invoice transfer travel grocery invoice.,Travel,959.05,Expense
2020-06-01,Management advance advance automatic.,Travel,529.34,Expense
2020-06-01,Base investment.,Food & Drink,193.67,Expense
2020-06-01,Tax market deposit utility.,Travel,1189.74,Expense
2020-06-01,Credit bus interest.,Shopping,1358.74,Expense
2020-06-01,Grocery clinic weekly investment maintenance.,Utilities,735.25,Expense
2020-06-02,Anyone here deep.,Travel,97.73,Expense
2020-06-02,Budget service total insurance restaurant.,Salary,467.48,Income
2020-06-02,Utility fuel business adjustment debit.,Utilities,1186.34,Expense
2020-06-02,Credit pharmacy.,Utilities,1413.21,Expense
2020-06-02,Regular management gross internet.,Entertainment,248.78,Expense
2020-06-03,Order regular net net grocery purchase.,Entertainment,390.57,Expense
2020-06-03,Account freelance credit household bonus pharmacy total.,Investment,1171.6,Income
2020-06-03,Equipment tools plan train project delivery.,Health & Fitness,726.63,Expense
2020-06-03,Entertainment deal.,Food & Drink,974.4,Expense
2020-06-03,Financial phone savings savings gym.,Utilities,1012.13,Expense
2020-06-04,Advance plan premium charge vendor bus management.,Investment,3672.68,Income
2020-06-04,Plan mortgage salary.,Health & Fitness,1629.43,Expense
2020-06-04,Renewal mall.,Health & Fitness,790.72,Expense
2020-06-04,Salary payment.,Entertainment,907.77,Expense
2020-06-04,Package gross clinic priority app advance special.,Travel,700.48,Expense
2020-06-04,Service automatic.,Entertainment,909.37,Expense
2020-06-04,Household priority purchase online clinic store annual.,Health & Fitness,1233.27,Expense
2020-06-04,Deal invoice discount hospital order.,Entertainment,1592.54,Expense
2020-06-05,Travel management contract.,Investment,2950.37,Income
2020-06-05,Fuel fuel service economy software project.,Investment,3577.84,Income
2020-06-05,Seven here sell story.,Utilities,1277.86,Expense
2020-06-05,Budget financial hotel salary insurance entertainment.,Utilities,870.76,Expense
2020-06-05,Platform payment.,Rent,1756.13,Expense
2020-06-06,Budget invoice special economy loan adjustment app.,Travel,1438.25,Expense
2020-06-06,Like see.,Salary,1107.84,Income
2020-06-06,Equipment economy hardware pending adjustment digital.,Health & Fitness,1727.94,Expense
2020-06-06,Credit weekly.,Investment,4869.88,Income
2020-06-06,Regular regular shop vendor.,Shopping,919.12,Expense
2020-06-06,Online software project pharmacy balance material project.,Health & Fitness,762.84,Expense
2020-06-06,Invoice advance travel clinic.,Investment,2955.36,Income
2020-06-06,Invoice digital.,Rent,990.52,Expense
2020-06-07,Order investment system phone delivery.,Entertainment,1243.19,Expense
2020-06-07,Renewal booking salary fee.,Food & Drink,837.5,Expense
2020-06-07,Travel network monthly hotel premium restaurant.,Travel,180.68,Expense
2020-06-07,Difference attention whatever american.,Food & Drink,232.63,Expense
2020-06-07,Standard internet transfer account order clinic annual.,Health & Fitness,518.42,Expense
2020-06-08,Processed health freelance transfer gross entertainment.,Investment,3161.71,Income
2020-06-08,Health net renewal electricity.,Travel,859.5,Expense
2020-06-08,Network hotel contract priority.,Travel,1224.77,Expense
2020-06-08,Current after charge.,Utilities,1095.72,Expense
2020-06-08,Net fee.,Travel,1136.36,Expense
2020-06-09,Processed discount service package account net personal.,Other,1792.94,Income
2020-06-09,Paper white responsibility.,Other,826.0,Income
2020-06-09,Digital shop mortgage loan.,Food & Drink,852.54,Expense
2020-06-09,Daily equipment freelance.,Travel,1216.4,Expense
2020-06-09,Software balance software advance monthly.,Utilities,111.38,Expense
2020-06-09,Store plan shop contract.,Utilities,292.87,Expense
2020-06-09,Prove nor design record.,Utilities,865.28,Expense
2020-06-09,Credit shop payment shop.,Other,3907.07,Income
2020-06-09,Order express insurance booking.,Utilities,100.33,Expense
2020-06-10,Renewal support bonus subscription.,Food & Drink,834.56,Expense
2020-06-10,Transfer parking monthly credit fuel shop discount.,Utilities,1305.5,Expense
2020-06-10,Charge balance express.,Food & Drink,1786.96,Expense
2020-06-10,Investment express gross project deal deal.,Rent,816.75,Expense
2020-06-10,Walk cup option store.,Health & Fitness,1562.43,Expense
2020-06-10,Blue agent find.,Entertainment,1367.31,Expense
2020-06-10,Online savings automatic shop.,Utilities,900.56,Expense
2020-06-10,Direct flight order charge.,Rent,1087.45,Expense
2020-06-10,Economy equipment bonus phone pending mall insurance.,Health & Fitness,701.3,Expense
2020-06-10,Package business.,Investment,4299.92,Income
2020-06-11,Plan household project entertainment.,Utilities,641.7,Expense
2020-06-11,Site girl into have media.,Entertainment,1730.57,Expense
2020-06-11,Monthly project health advance personal mortgage pending.,Salary,145.32,Income
2020-06-11,Recent feeling.,Shopping,1947.94,Expense
2020-06-11,Transfer bill subscription adjustment tax total mortgage.,Shopping,750.54,Expense
2020-06-11,Premium invoice balance deal.,Rent,694.21,Expense
2020-06-11,Deal debit invoice.,Health & Fitness,386.58,Expense
2020-06-11,Balance direct invoice credit standard pharmacy app.,Shopping,1794.6,Expense
2020-06-11,Household freelance savings bus.,Food & Drink,1022.64,Expense
2020-06-12,Total invoice contract equipment.,Health & Fitness,473.74,Expense
2020-06-12,Utility hospital parking.,Utilities,661.65,Expense
2020-06-12,Gross annual bus clinic express parking.,Shopping,643.37,Expense
2020-06-12,Clinic gross.,Food & Drink,983.5,Expense
2020-06-12,Store digital payment bonus express equipment.,Investment,1977.01,Income
2020-06-12,Support state.,Utilities,1764.02,Expense
2020-06-12,Personal adjustment.,Other,3530.12,Income
2020-06-13,Discount online digital entertainment direct.,Entertainment,1101.98,Expense
2020-06-13,Clinic freelance monthly utility service delivery.,Entertainment,1439.63,Expense
2020-06-13,Mall bill tools charge.,Salary,884.86,Income
2020-06-13,Salary network.,Investment,1343.12,Income
2020-06-14,Electricity adjustment software delivery internet premium.,Food & Drink,962.13,Expense
2020-06-14,Business freelance.,Utilities,34.91,Expense
2020-06-14,Flight gross financial net contract.,Salary,1088.17,Income
2020-06-14,Whether player stock religious.,Other,3872.0,Income
2020-06-14,Market loan online.,Rent,748.91,Expense
2020-06-15,Safe whole establish.,Entertainment,540.94,Expense
2020-06-15,Material system.,Salary,1678.34,Income
2020-06-15,Maintenance weekly grocery phone daily.,Other,3354.32,Income
2020-06-15,Food charge.,Health & Fitness,1017.16,Expense
2020-06-15,Standard automatic automatic.,Entertainment,1264.45,Expense
2020-06-16,Payment phone maintenance budget weekly.,Utilities,71.83,Expense
2020-06-16,Payment tools fuel economy travel transfer.,Utilities,28.12,Expense
2020-06-16,Processed equipment premium.,Shopping,1163.84,Expense
2020-06-16,Payment salary tax grocery app.,Utilities,1126.84,Expense
2020-06-16,Taxi train market flight.,Rent,152.08,Expense
2020-06-16,Deposit annual personal transfer material.,Entertainment,1774.96,Expense
2020-06-16,Electricity tools delivery hospital tax financial business.,Travel,1690.47,Expense
2020-06-16,Bonus annual purchase processed mall restaurant water.,Rent,814.01,Expense
2020-06-16,Deposit order processed.,Health & Fitness,838.96,Expense
2020-06-16,Entertainment balance gym water management.,Utilities,433.32,Expense
2020-06-16,Premium interest delivery hardware.,Health & Fitness,1595.85,Expense
2020-06-17,Regular vendor economy invoice.,Shopping,1252.52,Expense
2020-06-17,Equipment food daily advance daily parking weekly.,Food & Drink,438.08,Expense
2020-06-17,Priority total material.,Travel,673.86,Expense
2020-06-17,Pending client total purchase daily.,Rent,1212.84,Expense
2020-06-17,Investment annual phone system package vendor online.,Utilities,604.56,Expense
2020-06-17,Food plan vendor total equipment.,Travel,1496.99,Expense
2020-06-17,Household food premium tools.,Rent,1291.26,Expense
2020-06-17,Material entertainment total grocery flight household.,Entertainment,1652.08,Expense
2020-06-18,Everything late.,Other,2322.0,Income
2020-06-18,Bill food software.,Shopping,1427.16,Expense
2020-06-18,Electricity standard shop.,Food & Drink,830.51,Expense
2020-06-18,Water system.,Travel,1325.26,Expense
2020-06-18,Let stay or focus.,Rent,771.26,Expense
2020-06-18,Particular her agreement surface consider.,Other,3364.0,Income
2020-06-18,Freelance budget management equipment.,Utilities,282.77,Expense
2020-06-18,Train train tax annual processed delivery bonus.,Utilities,1229.54,Expense
2020-06-19,Something future they red.,Entertainment,453.62,Expense
2020-06-19,Taxi electricity transfer equipment charge debit.,Health & Fitness,1708.97,Expense
2020-06-19,Support renewal automatic online order hardware app.,Travel,612.17,Expense
2020-06-19,Reward booking mall salary personal food.,Investment,1345.67,Income
2020-06-19,Regular account pending clinic fee.,Investment,2288.02,Income
2020-06-19,Act way beat result major.,Shopping,663.24,Expense
2020-06-20,Mortgage special online health online regular bus.,Rent,540.56,Expense
2020-06-20,Network package reward platform purchase.,Food & Drink,770.29,Expense
2020-06-20,Market salary regular app water.,Investment,1578.28,Income
2020-06-20,Standard internet bill business hotel.,Food & Drink,1117.86,Expense
2020-06-20,Utility software discount financial travel.,Other,1273.49,Income
2020-06-20,Financial restaurant weekly charge.,Travel,847.64,Expense
2020-06-21,Taxi grocery client fuel.,Travel,379.51,Expense
2020-06-21,Premium pharmacy online shop adjustment account.,Entertainment,553.95,Expense
2020-06-21,Insurance internet health.,Salary,900.52,Income
2020-06-21,Pharmacy gym hospital travel project.,Utilities,1545.47,Expense
2020-06-21,Position make society behavior.,Travel,708.78,Expense
2020-06-21,Credit investment flight.,Other,1587.51,Income
2020-06-21,Reality fill ok list.,Health & Fitness,1879.08,Expense
2020-06-21,Renewal direct invoice hotel tax priority.,Other,2618.48,Income
2020-06-21,Insurance gym restaurant account processed express.,Other,2408.04,Income
2020-06-21,Salary annual household fee deposit business advance.,Salary,1512.79,Income
2020-06-22,Salary fuel electricity shop grocery premium utility.,Rent,1158.36,Expense
2020-06-22,Edge building court.,Travel,86.13,Expense
2020-06-22,Pending store.,Utilities,442.02,Expense
2020-06-22,International second former reflect.,Other,1962.0,Income
2020-06-22,Market annual.,Other,3418.69,Income
2020-06-23,Discount transfer investment.,Travel,1942.76,Expense
2020-06-23,Insurance transfer water flight material investment.,Utilities,138.52,Expense
2020-06-23,Standard loan bus economy.,Entertainment,713.13,Expense
2020-06-23,Bill adjustment account gym.,Health & Fitness,185.24,Expense
2020-06-23,Direct management.,Salary,1881.6,Income
2020-06-23,Pharmacy travel bus equipment bonus financial.,Food & Drink,1445.65,Expense
2020-06-23,Digital tools equipment digital.,Food & Drink,1037.08,Expense
2020-06-23,Vendor daily interest gym advance investment.,Investment,2581.17,Income
2020-06-23,Annual plan invoice mall water gym clinic.,Entertainment,1326.02,Expense
2020-06-24,Tools software online.,Shopping,842.9,Expense
2020-06-24,Business network mall transfer.,Shopping,843.3,Expense
2020-06-24,Balance reward household direct network parking plan.,Utilities,1257.85,Expense
2020-06-24,Gross bonus weekly plan market.,Salary,170.89,Income
2020-06-24,Week real course school everybody.,Health & Fitness,1459.8,Expense
2020-06-24,Taxi tax utility.,Utilities,739.56,Expense
2020-06-24,Taxi market client interest plan regular reward.,Rent,361.12,Expense
2020-06-24,Software water express.,Other,2434.9,Income
2020-06-25,Express annual transfer support food tools.,Utilities,459.58,Expense
2020-06-25,System project financial travel deal health freelance.,Health & Fitness,745.73,Expense
2020-06-25,Booking budget priority order network.,Salary,1206.18,Income
2020-06-25,Annual deposit budget tools.,Investment,3940.29,Income
2020-06-25,Balance tax.,Food & Drink,1830.64,Expense
2020-06-26,Premium entertainment support flight purchase mortgage.,Shopping,995.8,Expense
2020-06-26,Digital invoice fuel entertainment weekly insurance processed.,Investment,2134.08,Income
2020-06-26,Priority interest freelance premium hospital express entertainment.,Health & Fitness,963.52,Expense
2020-06-26,Priority restaurant gym client.,Other,2050.7,Income
2020-06-26,Order personal package business.,Other,2480.49,Income
2020-06-27,Transfer hospital insurance monthly health clinic.,Entertainment,681.8,Expense
2020-06-27,Plan priority.,Entertainment,1017.14,Expense
2020-06-27,Priority client weekly deal insurance network health.,Investment,3525.56,Income
2020-06-27,Tools online online.,Utilities,1121.04,Expense
2020-06-27,Daily investment equipment grocery.,Rent,1901.69,Expense
2020-06-27,Package network gym.,Travel,1249.75,Expense
2020-06-27,Contract booking subscription platform client annual.,Utilities,305.03,Expense
2020-06-28,Order tools.,Travel,1074.76,Expense
2020-06-28,Market business direct pharmacy delivery fee.,Travel,1257.76,Expense
2020-06-28,Parking utility project system.,Salary,738.95,Income
2020-06-28,Booking tax.,Utilities,1549.0,Expense
2020-06-28,App budget priority invoice package monthly invoice.,Health & Fitness,682.87,Expense
2020-06-28,Freelance service.,Travel,973.84,Expense
2020-06-28,Equipment taxi tax.,Investment,959.01,Income
2020-06-28,Clinic regular investment store total fee.,Entertainment,1088.12,Expense
2020-06-28,Insurance taxi parking delivery pharmacy charge bonus.,Utilities,854.53,Expense
2020-06-28,Bonus entertainment special delivery annual.,Utilities,1491.26,Expense
2020-06-29,Deal special health premium.,Shopping,1436.7,Expense
2020-06-29,Hotel discount pharmacy bonus.,Salary,1164.48,Income
2020-06-29,Economy insurance credit electricity personal personal.,Investment,3952.07,Income
2020-06-29,Store platform market app.,Salary,1069.54,Income
2020-06-29,Advance pharmacy software business.,Rent,651.91,Expense
2020-06-30,Call animal approach factor want.,Travel,98.33,Expense
2020-06-30,Executive beyond create dinner conference.,Rent,776.54,Expense
2020-06-30,System equipment reward payment digital support grocery.,Investment,1591.71,Income
2020-06-30,Direct gym loan.,Health & Fitness,1178.64,Expense
2020-07-01,Total priority pending reward.,Entertainment,956.85,Expense
2020-07-01,Flight client weekly pharmacy network digital.,Travel,918.55,Expense
2020-07-01,Savings interest hardware.,Shopping,794.64,Expense
2020-07-01,Software subscription weekly parking.,Rent,1548.89,Expense
2020-07-01,Financial material project monthly.,Rent,1501.56,Expense
2020-07-02,Project loan software deal plan monthly budget.,Investment,3596.71,Income
2020-07-02,Material subscription parking.,Food & Drink,1526.3,Expense
2020-07-02,Their off.,Entertainment,734.8,Expense
2020-07-02,System train.,Other,1045.21,Income
2020-07-02,Business monthly clinic premium regular.,Shopping,627.71,Expense
2020-07-03,Plan order support charge deposit deal parking.,Entertainment,1804.3,Expense
2020-07-03,Payment subscription network.,Food & Drink,1184.57,Expense
2020-07-03,Network train financial mortgage.,Health & Fitness,1196.09,Expense
2020-07-03,Deal restaurant tools savings.,Health & Fitness,1443.2,Expense
2020-07-03,Material water clinic annual bill salary business.,Utilities,1361.76,Expense
2020-07-03,Key continue anything wait.,Other,3071.0,Income
2020-07-03,Business order freelance.,Food & Drink,975.77,Expense
2020-07-03,Advance special invoice software fuel purchase.,Rent,829.4,Expense
2020-07-03,Hardware parking.,Entertainment,1316.89,Expense
2020-07-04,Fee budget vendor standard water standard standard.,Utilities,649.34,Expense
2020-07-04,Account gym.,Travel,1682.2,Expense
2020-07-04,State husband.,Rent,1442.31,Expense
2020-07-05,Investment debit.,Shopping,419.64,Expense
2020-07-05,Budget invoice business bill digital phone pharmacy.,Entertainment,788.88,Expense
2020-07-05,Picture approach chance none fight.,Travel,1337.12,Expense
2020-07-05,Utility daily priority discount fee online.,Shopping,310.3,Expense
2020-07-05,Monthly annual tax mall network weekly management.,Investment,2542.9,Income
2020-07-05,Clinic total hardware package.,Shopping,608.98,Expense
2020-07-05,Reward internet plan mortgage.,Travel,838.12,Expense
2020-07-06,Digital platform net charge reward gross economy.,Investment,3085.52,Income
2020-07-06,Vendor food deal.,Travel,1151.93,Expense
2020-07-06,Financial direct equipment tax savings fee.,Other,4815.03,Income
2020-07-06,Parking mortgage equipment standard pending service.,Entertainment,690.11,Expense
2020-07-06,Herself training father open investment.,Other,1925.0,Income
2020-07-06,Newspaper indicate other.,Travel,1113.28,Expense
2020-07-06,Payment charge internet balance.,Salary,123.81,Income
2020-07-06,Savings service economy standard charge deposit interest.,Rent,601.55,Expense
2020-07-06,Package utility store.,Food & Drink,1043.4,Expense
2020-07-07,Renewal discount charge package.,Entertainment,644.59,Expense
2020-07-07,Priority fee hotel hotel equipment.,Entertainment,607.32,Expense
2020-07-07,Bonus software standard tax direct service annual.,Entertainment,528.8,Expense
2020-07-07,Train adjustment.,Health & Fitness,280.83,Expense
2020-07-07,Charge app priority savings discount monthly.,Utilities,105.41,Expense
2020-07-07,Gross payment.,Shopping,1732.97,Expense
2020-07-08,Net grocery discount purchase reward hospital.,Salary,769.5,Income
2020-07-08,Insurance charge hardware package financial.,Food & Drink,459.72,Expense
2020-07-08,Art whether between several personal.,Travel,818.09,Expense
2020-07-08,Phone business daily debit reward.,Travel,247.41,Expense
2020-07-08,Online booking app premium standard weekly.,Other,2907.88,Income
2020-07-09,Deal daily invoice total.,Shopping,1344.04,Expense
2020-07-09,Material water software clinic pharmacy.,Food & Drink,1804.8,Expense
2020-07-09,Deal market entertainment.,Travel,1312.19,Expense
2020-07-09,Gross weekly renewal priority purchase online hotel.,Travel,1447.1,Expense
2020-07-09,Train net advance regular health package.,Travel,804.25,Expense
2020-07-09,Adjustment software electricity premium.,Entertainment,1303.66,Expense
2020-07-09,Household bus.,Travel,688.0,Expense
2020-07-09,Plan household.,Salary,716.13,Income
2020-07-10,Savings discount purchase.,Travel,455.71,Expense
2020-07-10,Parking network discount gross.,Food & Drink,1469.28,Expense
2020-07-10,Platform vendor client monthly shop daily.,Food & Drink,455.75,Expense
2020-07-10,Tax tools priority processed clinic health salary.,Other,3502.41,Income
2020-07-10,Business client monthly fuel charge support.,Shopping,1222.0,Expense
2020-07-10,Support fee bus.,Health & Fitness,535.14,Expense
2020-07-10,Bus mall.,Travel,284.14,Expense
2020-07-11,Train grocery bus fee.,Shopping,1856.89,Expense
2020-07-11,Church community.,Travel,580.96,Expense
2020-07-12,Priority pharmacy account.,Investment,3778.71,Income
2020-07-12,Bonus food purchase invoice daily.,Food & Drink,959.71,Expense
2020-07-12,Fee business monthly management.,Health & Fitness,725.54,Expense
2020-07-12,Phone maintenance electricity.,Entertainment,1204.99,Expense
2020-07-12,Total business train.,Travel,618.94,Expense
2020-07-12,Able late order.,Health & Fitness,935.33,Expense
2020-07-12,Discuss religious.,Entertainment,1027.24,Expense
2020-07-12,Charge freelance debit delivery.,Travel,1185.4,Expense
2020-07-12,Network renewal electricity platform salary premium.,Other,4122.13,Income
2020-07-13,Savings gross.,Other,3540.86,Income
2020-07-13,Weekly insurance.,Rent,364.06,Expense
2020-07-13,Direct interest renewal project.,Health & Fitness,556.61,Expense
2020-07-13,Personal mall store.,Health & Fitness,479.08,Expense
2020-07-13,Bonus mall clinic package direct adjustment.,Travel,1730.35,Expense
2020-07-13,Budget economy direct tax hardware service weekly.,Entertainment,1449.2,Expense
2020-07-13,Reach under.,Utilities,1321.11,Expense
2020-07-14,Budget discount invoice fuel.,Shopping,1107.08,Expense
2020-07-14,Debit tax food food budget reward.,Shopping,1083.12,Expense
2020-07-14,Material service fee equipment.,Other,2372.39,Income
2020-07-14,Tax daily.,Salary,1135.77,Income
2020-07-14,Loan budget hospital digital management.,Shopping,843.09,Expense
2020-07-14,Material shop deposit internet market.,Shopping,1125.82,Expense
2020-07-15,System salary parking weekly direct weekly.,Shopping,1012.31,Expense
2020-07-15,Delivery management regular salary store budget clinic.,Rent,1347.21,Expense
2020-07-15,Deal total internet mortgage mall.,Travel,799.31,Expense
2020-07-15,Weekly gym special monthly.,Travel,1268.0,Expense
2020-07-15,Renewal market account insurance gym total.,Rent,1248.73,Expense
2020-07-15,App purchase.,Food & Drink,1515.56,Expense
2020-07-15,Financial interest management freelance pharmacy special.,Shopping,781.41,Expense
2020-07-16,Adjustment mortgage market.,Rent,693.25,Expense
2020-07-16,Salary tax.,Travel,970.78,Expense
2020-07-16,Invoice maintenance booking freelance charge budget train.,Salary,340.2,Income
2020-07-16,Flight management restaurant plan maintenance plan.,Health & Fitness,1499.79,Expense
2020-07-16,Loan freelance contract reward.,Health & Fitness,868.72,Expense
2020-07-16,Bill advance.,Food & Drink,868.58,Expense
2020-07-17,Boy different chance enter.,Health & Fitness,195.84,Expense
2020-07-17,Deposit automatic insurance tax.,Food & Drink,387.76,Expense
2020-07-17,Plan mall processed booking charge charge.,Shopping,899.84,Expense
2020-07-17,Online electricity food.,Travel,1168.98,Expense
2020-07-17,Plan market project financial hardware budget annual.,Other,2538.54,Income
2020-07-17,Reward account food bus.,Food & Drink,1183.52,Expense
2020-07-18,Household account advance online gym.,Travel,550.51,Expense
2020-07-18,Project system weekly health standard transfer annual.,Rent,383.98,Expense
2020-07-18,Weekly management hardware management.,Investment,1141.77,Income
2020-07-18,Store hotel.,Food & Drink,1539.75,Expense
2020-07-18,Balance platform direct fuel discount.,Salary,710.8,Income
2020-07-18,Annual monthly.,Rent,1042.86,Expense
2020-07-18,Support vendor debit savings fuel debit transfer.,Investment,2140.79,Income
2020-07-18,Pending entertainment app tools bonus system.,Rent,1503.09,Expense
2020-07-19,Adjustment gym bill standard water standard.,Other,1630.66,Income
2020-07-19,Financial project processed financial processed.,Rent,608.48,Expense
2020-07-19,Utility freelance service pending food pending material.,Investment,2248.01,Income
2020-07-19,Internet contract purchase bonus client entertainment taxi.,Food & Drink,1728.98,Expense
2020-07-19,Mall transfer personal priority regular pharmacy.,Shopping,1505.44,Expense
2020-07-19,Software freelance interest.,Health & Fitness,1289.44,Expense
2020-07-19,Support shop grocery net internet.,Food & Drink,1058.87,Expense
2020-07-20,Management reward discount gross.,Entertainment,603.15,Expense
2020-07-20,Management priority automatic payment insurance equipment.,Investment,2952.98,Income
2020-07-20,Entertainment purchase monthly business standard discount.,Entertainment,380.93,Expense
2020-07-20,Arrive society.,Entertainment,1348.86,Expense
2020-07-20,Delivery order economy pharmacy.,Health & Fitness,1563.05,Expense
2020-07-20,Travel total renewal adjustment.,Utilities,325.14,Expense
2020-07-21,Express mortgage software total monthly material.,Food & Drink,1541.95,Expense
2020-07-21,Keep light fight.,Entertainment,303.23,Expense
2020-07-21,Matter management ball.,Other,1096.0,Income
2020-07-22,Support investment hotel account.,Salary,441.47,Income
2020-07-22,Week yourself public especially american.,Shopping,495.53,Expense
2020-07-22,Same page ago director.,Entertainment,1439.51,Expense
2020-07-22,Payment package tools store advance bill utility.,Health & Fitness,536.76,Expense
2020-07-22,Digital tools phone fuel project insurance entertainment.,Utilities,1050.45,Expense
2020-07-22,App reward credit.,Entertainment,1379.0,Expense
2020-07-22,Million kind everything young.,Food & Drink,1786.39,Expense
2020-07-23,Why like impact fly.,Rent,1559.06,Expense
2020-07-23,Bill train software equipment client bill fee.,Other,818.25,Income
2020-07-23,Savings digital priority.,Salary,1978.65,Income
2020-07-23,Premium travel premium hardware.,Rent,447.05,Expense
2020-07-23,System fuel premium platform.,Rent,535.7,Expense
2020-07-23,Economy processed monthly express freelance investment debit.,Investment,2594.47,Income
2020-07-23,Loan phone.,Food & Drink,1001.04,Expense
2020-07-23,Entertainment invoice business system financial management project.,Investment,4478.17,Income
2020-07-24,Priority discount order gross payment.,Rent,215.4,Expense
2020-07-24,Processed reward parking gross.,Salary,1991.88,Income
2020-07-24,Bonus fuel booking hardware material annual annual.,Rent,1383.42,Expense
2020-07-24,Annual loan annual.,Entertainment,1087.22,Expense
2020-07-24,Form really explain.,Salary,109.93,Income
2020-07-24,Financial food.,Rent,1082.58,Expense
2020-07-24,Balance debit delivery loan salary restaurant.,Health & Fitness,1227.3,Expense
2020-07-24,Food interest advance parking purchase.,Rent,1025.03,Expense
2020-07-25,Deposit tools.,Investment,1790.94,Income
2020-07-25,Loan discount.,Utilities,299.47,Expense
2020-07-25,Budget gym taxi fee.,Travel,1513.82,Expense
2020-07-26,Budget food fuel renewal budget.,Food & Drink,1892.32,Expense
2020-07-26,Hospital grocery daily financial.,Salary,453.64,Income
2020-07-26,Taxi vendor tools deal project.,Utilities,372.42,Expense
2020-07-26,Food adjustment.,Utilities,1730.23,Expense
2020-07-26,Insurance software reward mall account.,Entertainment,615.25,Expense
2020-07-26,Investment business payment interest project clinic parking.,Salary,998.94,Income
2020-07-26,Client health.,Travel,846.53,Expense
2020-07-26,Priority deal maintenance client delivery premium hospital.,Food & Drink,1310.84,Expense
2020-07-27,Bus internet.,Food & Drink,631.41,Expense
2020-07-27,Fee interest electricity.,Entertainment,1080.77,Expense
2020-07-27,Direct entertainment market renewal gross priority grocery.,Salary,604.52,Income
2020-07-27,Health priority booking pharmacy subscription.,Health & Fitness,387.48,Expense
2020-07-27,Software direct deal package subscription.,Utilities,995.01,Expense
2020-07-28,Travel order automatic management restaurant.,Salary,1724.98,Income
2020-07-28,Payment direct grocery advance flight.,Entertainment,956.83,Expense
2020-07-28,Price my.,Health & Fitness,1900.58,Expense
2020-07-28,Business client direct.,Utilities,1365.81,Expense
2020-07-28,Already because education break significant.,Rent,918.36,Expense
2020-07-28,Insurance priority insurance.,Health & Fitness,1455.03,Expense
2020-07-28,Food material account tax taxi grocery health.,Other,2584.24,Income
2020-07-28,Reward order system.,Travel,323.0,Expense
2020-07-28,Renewal adjustment standard net support.,Investment,3138.07,Income
2020-07-29,Charge savings.,Investment,2459.9,Income
2020-07-29,Service platform.,Entertainment,1136.11,Expense
2020-07-29,Package renewal.,Shopping,993.23,Expense
2020-07-29,Support taxi market transfer hospital.,Salary,294.98,Income
2020-07-29,Pending project daily automatic booking booking service.,Salary,1182.84,Income
2020-07-29,Project premium.,Investment,4595.01,Income
2020-07-29,Platform bill system budget freelance.,Shopping,793.84,Expense
2020-07-29,Could gun.,Shopping,1662.83,Expense
2020-07-30,Express savings.,Salary,670.37,Income
2020-07-30,Savings entertainment vendor invoice direct daily.,Salary,31.25,Income
2020-07-30,Utility direct bus economy.,Other,1573.06,Income
2020-07-30,Weekly standard deal.,Investment,3179.47,Income
2020-07-30,Plan express economy savings daily.,Salary,1532.62,Income
2020-07-30,Kind appear environment capital explain.,Utilities,1489.87,Expense
2020-07-30,Discount electricity processed processed premium net client.,Shopping,1416.7,Expense
2020-07-30,Total mall automatic tools client project hospital.,Salary,927.19,Income
2020-07-31,Management mall.,Utilities,845.5,Expense
2020-07-31,Ahead picture son.,Travel,1506.04,Expense
2020-07-31,Software plan network gross budget.,Shopping,974.73,Expense
2020-07-31,Renewal digital premium order savings mall app.,Rent,1063.26,Expense
2020-08-01,Service insurance express priority.,Shopping,417.89,Expense
2020-08-01,Water positive child usually.,Entertainment,556.45,Expense
2020-08-01,Adjustment direct economy client.,Entertainment,1116.36,Expense
2020-08-01,Grocery hotel.,Food & Drink,1839.1,Expense
2020-08-01,Reward adjustment mortgage water.,Health & Fitness,1298.72,Expense
2020-08-01,Relate indeed lot line lead.,Other,2420.0,Income
2020-08-01,Transfer processed mortgage internet train purchase.,Entertainment,932.85,Expense
2020-08-01,Nearly need behavior.,Travel,1533.97,Expense
2020-08-01,Taxi adjustment discount project bus.,Salary,1413.65,Income
2020-08-01,Package insurance bus balance.,Travel,1481.77,Expense
2020-08-01,Insurance bus package.,Entertainment,981.11,Expense
2020-08-02,Delivery pending equipment hotel.,Shopping,181.87,Expense
2020-08-02,Service system standard.,Shopping,844.75,Expense
2020-08-02,Material deal parking economy automatic.,Rent,1150.52,Expense
2020-08-02,Priority tax credit savings train platform discount.,Other,4850.68,Income
2020-08-02,Train electricity economy vendor support utility client.,Utilities,545.12,Expense
2020-08-02,Flight total booking deal.,Rent,1082.76,Expense
2020-08-02,Flight bonus processed health.,Investment,1504.49,Income
2020-08-02,Renewal deposit hardware monthly.,Health & Fitness,1146.22,Expense
2020-08-02,Course out second carry.,Health & Fitness,1787.12,Expense
2020-08-03,Store gross financial.,Investment,3654.26,Income
2020-08-03,Tax phone.,Utilities,997.71,Expense
2020-08-03,Taxi food shop plan charge order.,Salary,1114.65,Income
2020-08-03,Significant take future.,Investment,2394.0,Income
2020-08-03,Budget internet train standard maintenance adjustment freelance.,Food & Drink,809.38,Expense
2020-08-04,Health invoice restaurant.,Entertainment,1512.14,Expense
2020-08-04,Store investment delivery contract phone monthly.,Entertainment,1656.2,Expense
2020-08-04,Charge hospital bonus processed.,Rent,1111.64,Expense
2020-08-04,Interest project phone.,Rent,473.55,Expense
2020-08-04,Star executive fear.,Utilities,1415.77,Expense
2020-08-04,Help usually thank wonder draw.,Shopping,133.91,Expense
2020-08-04,Your majority chance mrs generation.,Other,3210.0,Income
2020-08-04,Loan budget adjustment flight service entertainment.,Investment,4529.28,Income
2020-08-04,Priority economy utility budget budget special.,Rent,625.7,Expense
2020-08-05,Task improve fish.,Shopping,1810.63,Expense
2020-08-05,History professional star wonder.,Food & Drink,1714.9,Expense
2020-08-05,Mall renewal food balance.,Utilities,545.88,Expense
2020-08-05,Electricity pending freelance train fee.,Salary,680.7,Income
2020-08-05,Restaurant daily.,Shopping,892.8,Expense
2020-08-06,Standard package travel account hardware salary.,Rent,896.22,Expense
2020-08-06,Business phone budget store store deal.,Other,1906.87,Income
2020-08-06,Call whole.,Shopping,959.19,Expense
2020-08-06,Deal delivery plan vendor flight client.,Health & Fitness,1290.13,Expense
2020-08-06,Pending fuel transfer hotel discount bus hospital.,Investment,1216.28,Income
2020-08-06,Flight budget mortgage.,Utilities,99.67,Expense
2020-08-07,Booking business personal.,Travel,717.34,Expense
2020-08-07,Interest savings invoice budget.,Salary,274.48,Income
2020-08-07,Balance discount bonus.,Travel,1278.92,Expense
2020-08-07,Freelance automatic market software online mall special.,Travel,807.59,Expense
2020-08-07,Train personal bill payment investment transfer delivery.,Rent,1471.65,Expense
2020-08-08,Online hardware tools renewal support savings bonus.,Salary,1215.34,Income
2020-08-08,Personal hotel investment transfer.,Entertainment,865.18,Expense
2020-08-08,Train automatic project vendor invoice.,Other,3649.95,Income
2020-08-08,Them key.,Travel,1509.42,Expense
2020-08-08,Address century that wide.,Shopping,1081.06,Expense
2020-08-09,Taxi vendor parking.,Utilities,416.15,Expense
2020-08-09,Entertainment pharmacy express project.,Utilities,311.17,Expense
2020-08-09,Travel personal premium.,Investment,4270.83,Income
2020-08-09,Entertainment household.,Utilities,707.05,Expense
2020-08-09,Sit enter perhaps however.,Entertainment,981.58,Expense
2020-08-09,Standard purchase financial contract plan premium fee.,Other,1244.72,Income
2020-08-09,Client taxi store.,Food & Drink,1285.45,Expense
2020-08-09,Travel internet project clinic maintenance contract plan.,Shopping,997.94,Expense
2020-08-10,Support debit maintenance financial.,Investment,2520.18,Income
2020-08-10,Shop priority.,Salary,349.42,Income
2020-08-10,Health premium freelance.,Food & Drink,1714.66,Expense
2020-08-11,Pending bus interest hotel savings.,Rent,1212.6,Expense
2020-08-11,Account freelance.,Entertainment,1052.22,Expense
2020-08-11,Priority purchase digital standard advance.,Utilities,1445.86,Expense
2020-08-11,Fee vendor plan purchase credit hospital water.,Health & Fitness,520.64,Expense
2020-08-11,Personal clinic.,Food & Drink,1272.09,Expense
2020-08-11,Entertainment total adjustment weekly regular package service.,Entertainment,478.29,Expense
2020-08-11,Salary hospital transfer.,Travel,1007.73,Expense
2020-08-11,Personal priority discount.,Health & Fitness,1224.2,Expense
2020-08-12,Order direct loan entertainment daily reward.,Other,3437.29,Income
2020-08-12,Bus contract phone taxi bill food savings.,Food & Drink,166.43,Expense
2020-08-12,Gross grocery advance.,Salary,515.85,Income
2020-08-12,Monthly order bonus loan weekly.,Travel,1395.58,Expense
2020-08-12,Grocery freelance food parking priority.,Travel,1216.37,Expense
2020-08-12,Charge business tax gym premium.,Entertainment,580.83,Expense
2020-08-12,Hospital electricity transfer food delivery restaurant travel.,Salary,530.78,Income
2020-08-12,Taxi interest pending digital tools.,Health & Fitness,1319.0,Expense
2020-08-13,Parking client.,Utilities,1337.64,Expense
2020-08-13,System teacher here first.,Salary,67.76,Income
2020-08-13,Subscription debit network mall personal plan.,Investment,2783.23,Income
2020-08-13,Daily restaurant.,Travel,1645.55,Expense
2020-08-14,Purchase software balance investment app fee.,Health & Fitness,945.22,Expense
2020-08-14,Budget salary renewal health flight.,Health & Fitness,1170.98,Expense
2020-08-14,Along attention piece tv young.,Shopping,1451.12,Expense
2020-08-14,Insurance deposit weekly.,Rent,263.5,Expense
2020-08-14,Bonus regular budget market bonus reward parking.,Travel,1212.95,Expense
2020-08-14,Store software.,Salary,1417.31,Income
2020-08-14,Bus software savings.,Food & Drink,486.68,Expense
2020-08-15,Gross renewal project processed regular debit grocery.,Utilities,1535.19,Expense
2020-08-15,Parking system package.,Travel,643.65,Expense
2020-08-15,Utility market hardware net tools credit direct.,Entertainment,1120.13,Expense
2020-08-15,Net invoice standard personal grocery.,Travel,1344.36,Expense
2020-08-15,Insurance project.,Investment,2969.0,Income
2020-08-15,Travel utility daily advance software bill.,Shopping,1869.93,Expense
2020-08-15,Package direct fuel.,Travel,835.25,Expense
2020-08-15,Flight support entertainment.,Other,4322.55,Income
2020-08-15,Travel travel mortgage.,Food & Drink,1857.51,Expense
2020-08-15,Gross financial economy.,Utilities,811.9,Expense
2020-08-16,System network.,Health & Fitness,1567.0,Expense
2020-08-16,Within set region beyond.,Utilities,1961.64,Expense
2020-08-17,Total tools tax package utility.,Other,2119.06,Income
2020-08-17,Material maintenance project travel food management parking.,Food & Drink,1166.6,Expense
2020-08-17,Tough animal someone.,Shopping,1187.87,Expense
2020-08-17,Tax personal client household economy renewal.,Shopping,1735.05,Expense
2020-08-17,Daily travel electricity tax water digital entertainment.,Rent,1679.5,Expense
2020-08-17,Tools express.,Salary,803.19,Income
2020-08-17,Entertainment management.,Investment,1407.97,Income
2020-08-18,System utility tools.,Travel,1429.91,Expense
2020-08-18,Weekly food budget total.,Rent,286.64,Expense
2020-08-18,Internet vendor mortgage.,Shopping,1735.35,Expense
2020-08-18,Network total electricity.,Rent,1007.73,Expense
2020-08-18,Hear certainly most not.,Rent,1289.07,Expense
2020-08-18,Service digital booking maintenance flight reward.,Utilities,59.3,Expense
2020-08-19,Company participant him.,Other,1988.0,Income
2020-08-19,Bill priority.,Shopping,493.99,Expense
2020-08-19,Maintenance charge discount.,Entertainment,1225.03,Expense
2020-08-20,Software gross plan mortgage automatic grocery premium.,Other,3005.3,Income
2020-08-20,Tree central leave effect.,Other,3181.0,Income
2020-08-20,Fee invoice.,Investment,2293.64,Income
2020-08-20,Weekly online express store hotel.,Travel,1854.84,Expense
2020-08-20,Tools internet.,Utilities,1964.1,Expense
2020-08-20,Standard adjustment processed bill.,Utilities,331.52,Expense
2020-08-21,Interest account gym entertainment savings order premium.,Rent,809.6,Expense
2020-08-21,Together let.,Health & Fitness,681.63,Expense
2020-08-21,Purchase personal vendor flight material plan market.,Food & Drink,701.68,Expense
2020-08-21,Citizen kid generation onto police.,Travel,1506.5,Expense
2020-08-22,Salary processed.,Utilities,1008.43,Expense
2020-08-22,Down occur.,Food & Drink,1999.82,Expense
2020-08-22,Lead few yourself.,Travel,1671.47,Expense
2020-08-22,Vendor material support project health.,Shopping,1210.37,Expense
2020-08-22,Savings direct.,Food & Drink,620.15,Expense
2020-08-23,Package debit order internet deal.,Rent,1526.91,Expense
2020-08-23,Gym mall equipment.,Rent,1487.46,Expense
2020-08-23,Hardware hospital automatic total project net.,Entertainment,850.03,Expense
2020-08-23,Maintenance software grocery.,Travel,1394.04,Expense
2020-08-24,Digital market interest.,Salary,1111.37,Income
2020-08-24,Fuel plan processed gym salary.,Salary,190.51,Income
2020-08-24,Grocery subscription investment.,Rent,1274.58,Expense
2020-08-24,Contract client discount hardware.,Health & Fitness,1154.36,Expense
2020-08-24,Total savings daily delivery household.,Shopping,654.84,Expense
2020-08-24,Household health clinic service package.,Rent,554.7,Expense
2020-08-25,Transfer online account material clinic pharmacy.,Food & Drink,189.84,Expense
2020-08-25,Order pending monthly app.,Shopping,472.02,Expense
2020-08-25,Standard loan.,Other,1514.21,Income
2020-08-25,Transfer restaurant hardware water internet.,Shopping,1627.12,Expense
2020-08-26,Deposit online salary digital water.,Travel,724.63,Expense
2020-08-26,Monthly adjustment material weekly loan.,Health & Fitness,934.89,Expense
2020-08-26,Direct internet express support tax bill bill.,Salary,508.21,Income
2020-08-26,Freelance reward pharmacy advance health weekly hotel.,Entertainment,1403.13,Expense
2020-08-26,Yeah far within.,Rent,1564.65,Expense
2020-08-26,Electricity loan travel household automatic charge salary.,Travel,1524.71,Expense
2020-08-26,Service advance personal food.,Investment,795.36,Income
2020-08-27,Transfer adjustment utility travel.,Travel,1201.83,Expense
2020-08-27,Regular household utility parking parking delivery savings.,Entertainment,1008.19,Expense
2020-08-27,Savings budget personal project support total.,Health & Fitness,1840.02,Expense
2020-08-27,Daily store bus electricity.,Entertainment,917.38,Expense
2020-08-27,Gym internet interest tools network subscription gross.,Travel,698.77,Expense
2020-08-27,Hospital credit clinic.,Utilities,411.68,Expense
2020-08-27,Account ten sing.,Food & Drink,1899.73,Expense
2020-08-27,Total parking bus contract travel.,Health & Fitness,1313.34,Expense
2020-08-27,Seat strategy total simply discover.,Investment,1748.0,Income
2020-08-27,Loan bill.,Entertainment,685.89,Expense
2020-08-27,Taxi renewal.,Entertainment,413.18,Expense
2020-08-28,Fuel priority standard invoice fuel transfer.,Rent,653.55,Expense
2020-08-28,Balance delivery mall electricity management account.,Rent,1256.76,Expense
2020-08-28,Water adjustment.,Shopping,843.44,Expense
2020-08-28,Business hotel direct regular investment.,Travel,637.12,Expense
2020-08-28,Digital tools support.,Shopping,1663.08,Expense
2020-08-28,App vendor total shop hotel subscription.,Other,2797.2,Income
2020-08-28,Hotel advance tools.,Salary,925.64,Income
2020-08-28,Interest monthly interest network software.,Shopping,1133.93,Expense
2020-08-29,Bonus deal phone travel service app.,Salary,1322.22,Income
2020-08-29,Pm per question.,Salary,1342.22,Income
2020-08-29,Shop train reward automatic hotel economy.,Entertainment,974.11,Expense
2020-08-30,Water phone pharmacy freelance pharmacy.,Travel,790.92,Expense
2020-08-30,Balance plan.,Food & Drink,1643.64,Expense
2020-08-30,Internet pharmacy loan flight health.,Health & Fitness,614.6,Expense
2020-08-30,Daily hotel contract mall maintenance pending.,Travel,1406.65,Expense
2020-08-30,Subscription freelance daily flight charge.,Travel,848.12,Expense
2020-08-30,Material support investment online regular financial.,Food & Drink,730.38,Expense
2020-08-30,Best physical always small almost.,Entertainment,935.42,Expense
2020-08-30,Deal order.,Rent,1202.74,Expense
2020-08-31,Bed far section.,Health & Fitness,343.9,Expense
2020-08-31,Credit payment.,Travel,1135.69,Expense
2020-08-31,Order deposit flight parking.,Health & Fitness,1291.22,Expense
2020-08-31,Transfer account payment order.,Rent,734.4,Expense
2020-08-31,Parking transfer loan.,Salary,994.65,Income
2020-08-31,Shop discount purchase debit monthly.,Salary,959.56,Income
2020-09-01,Car much will.,Rent,1557.81,Expense
2020-09-01,Equipment restaurant discount net.,Food & Drink,499.97,Expense
2020-09-01,Standard transfer.,Salary,1517.04,Income
2020-09-01,Insurance project entertainment invoice.,Salary,1809.24,Income
2020-09-01,Advance budget pharmacy bill equipment.,Utilities,1709.27,Expense
2020-09-01,Network vendor household clinic.,Entertainment,36.55,Expense
2020-09-02,Household client freelance material.,Utilities,568.56,Expense
2020-09-02,Fuel express hardware automatic annual.,Shopping,1235.7,Expense
2020-09-02,Purchase taxi invoice.,Salary,843.68,Income
2020-09-03,Mall material maintenance.,Salary,1251.52,Income
2020-09-03,Financial pharmacy shop personal.,Investment,4572.0,Income
2020-09-03,Support electricity standard order personal.,Health & Fitness,514.89,Expense
2020-09-03,Balance shop.,Health & Fitness,942.11,Expense
2020-09-03,Mall deposit purchase material health delivery.,Entertainment,1538.8,Expense
2020-09-03,Invoice standard bill weekly management interest hotel.,Shopping,1590.2,Expense
2020-09-03,Insurance interest service system hospital delivery restaurant.,Travel,1453.8,Expense
2020-09-03,Personal monthly bonus savings freelance.,Rent,901.8,Expense
2020-09-04,App budget health savings platform plan system.,Utilities,562.19,Expense
2020-09-04,Interest hotel transfer grocery standard.,Shopping,849.65,Expense
2020-09-04,Electricity net priority hardware economy payment.,Utilities,1014.42,Expense
2020-09-04,Balance online net express health.,Travel,414.91,Expense
2020-09-04,Mall personal business.,Rent,562.23,Expense
2020-09-05,Utility total online project.,Rent,1371.91,Expense
2020-09-05,Clinic platform shop software food.,Investment,2122.92,Income
2020-09-05,Tree store either station.,Other,1385.0,Income
2020-09-05,Second full boy.,Travel,1155.84,Expense
2020-09-05,Transfer clinic delivery.,Salary,223.22,Income
2020-09-06,Deal health plan credit renewal.,Salary,1228.38,Income
2020-09-06,Insurance taxi contract.,Entertainment,1820.61,Expense
2020-09-06,Management app adjustment personal.,Health & Fitness,787.15,Expense
2020-09-06,Senior difficult put.,Shopping,799.34,Expense
2020-09-06,Vendor electricity fee equipment adjustment electricity automatic.,Food & Drink,1942.46,Expense
2020-09-06,Express regular project interest special.,Travel,1244.29,Expense
2020-09-07,Water standard discount subscription.,Shopping,842.65,Expense
2020-09-07,Tools project salary app.,Travel,896.77,Expense
2020-09-07,Support hotel food digital bonus.,Utilities,1540.39,Expense
2020-09-07,Electricity freelance interest direct.,Shopping,1372.97,Expense
2020-09-07,Plan pharmacy support material daily.,Salary,1213.82,Income
2020-09-07,Hand so add mr lawyer.,Rent,1188.27,Expense
2020-09-07,Digital food financial grocery.,Rent,887.17,Expense
2020-09-07,Restaurant management material utility software.,Health & Fitness,1323.3,Expense
2020-09-07,Taxi credit charge discount.,Utilities,1775.18,Expense
2020-09-07,Food hospital.,Other,1999.72,Income
2020-09-08,Mortgage business market hospital delivery pharmacy.,Salary,798.19,Income
2020-09-08,Savings health parking.,Rent,558.63,Expense
2020-09-08,Herself police he push likely.,Entertainment,212.78,Expense
2020-09-09,Hardware economy hospital platform.,Shopping,660.49,Expense
2020-09-09,Equipment bill health bill booking.,Shopping,367.76,Expense
2020-09-09,Net fee.,Health & Fitness,1185.76,Expense
2020-09-09,Material gross flight savings service tax.,Shopping,1714.75,Expense
2020-09-09,Bill utility freelance delivery gym salary.,Salary,1521.95,Income
2020-09-09,Reward regular clinic.,Other,2880.34,Income
2020-09-10,Water pharmacy processed hotel shop network.,Travel,1736.16,Expense
2020-09-10,Regular maintenance online network service flight.,Shopping,1271.92,Expense
2020-09-11,Plan tools special equipment total platform.,Investment,2741.32,Income
2020-09-11,Delivery pharmacy.,Food & Drink,1194.8,Expense
2020-09-11,Fuel package.,Shopping,1726.36,Expense
2020-09-11,Plan clinic deal train pharmacy.,Travel,867.6,Expense
2020-09-11,Deposit train balance premium.,Salary,1610.79,Income
2020-09-11,Doctor mr.,Health & Fitness,147.22,Expense
2020-09-11,Bring animal also you.,Food & Drink,700.94,Expense
2020-09-11,Trip determine as statement.,Rent,1594.49,Expense
2020-09-11,Special account renewal salary standard.,Health & Fitness,1052.96,Expense
2020-09-12,Pharmacy invoice internet internet network.,Salary,1134.14,Income
2020-09-12,System discount fuel mall mall.,Utilities,1340.78,Expense
2020-09-12,Equipment grocery deposit mall shop client.,Shopping,154.85,Expense
2020-09-12,Management booking.,Shopping,1244.3,Expense
2020-09-12,Fee subscription standard water.,Rent,1260.68,Expense
2020-09-13,Digital shop premium annual material contract travel.,Shopping,1454.6,Expense
2020-09-13,Budget tax package bus salary.,Other,3080.74,Income
2020-09-13,Hardware online express project.,Health & Fitness,1350.53,Expense
2020-09-14,Total business business bonus discount contract.,Investment,3513.26,Income
2020-09-14,Pharmacy account delivery advance business fuel.,Travel,1146.52,Expense
2020-09-14,Premium mall food monthly grocery.,Rent,686.72,Expense
2020-09-14,Mall service system payment regular.,Entertainment,334.35,Expense
2020-09-14,Maintenance financial monthly equipment support transfer network.,Utilities,874.64,Expense
2020-09-14,Economy service bus advance package.,Salary,1801.34,Income
2020-09-15,Budget train.,Utilities,1717.02,Expense
2020-09-15,Parking service deposit annual flight digital.,Shopping,1680.45,Expense
2020-09-15,Shop client hardware hospital.,Travel,1210.59,Expense
2020-09-15,Project personal order household tax electricity.,Other,2938.18,Income
2020-09-16,Hotel standard adjustment.,Rent,834.11,Expense
2020-09-16,He we recent music.,Food & Drink,1700.66,Expense
2020-09-16,Equipment shop invoice health vendor.,Salary,803.12,Income
2020-09-16,Regular economy.,Salary,1433.22,Income
2020-09-16,Package material salary adjustment discount.,Other,3169.92,Income
2020-09-16,Purchase savings parking hardware.,Investment,2108.24,Income
2020-09-16,Clinic bus maintenance net.,Utilities,598.29,Expense
2020-09-16,Digital fee transfer payment.,Rent,1011.36,Expense
2020-09-17,Discount network pending internet.,Shopping,630.24,Expense
2020-09-17,Invoice material.,Rent,916.31,Expense
2020-09-17,Material priority gym equipment.,Salary,926.88,Income
2020-09-17,Grocery bill utility package management online.,Rent,757.14,Expense
2020-09-17,Subscription premium savings.,Rent,27.47,Expense
2020-09-17,Allow have kitchen.,Salary,1417.54,Income
2020-09-17,Software net shop.,Entertainment,1285.1,Expense
2020-09-17,Those pressure street.,Rent,872.71,Expense
2020-09-18,Maintenance advance processed reward food.,Health & Fitness,941.77,Expense
2020-09-18,Standard savings train investment support adjustment deposit.,Salary,887.55,Income
2020-09-18,Material clinic automatic water travel water processed.,Food & Drink,1745.45,Expense
2020-09-18,Vendor adjustment insurance financial credit invoice.,Utilities,183.5,Expense
2020-09-18,Client deposit platform.,Travel,1051.56,Expense
2020-09-18,Package net adjustment discount fee order pending.,Utilities,466.52,Expense
2020-09-18,Between rate name within.,Travel,1235.67,Expense
2020-09-18,Automatic internet phone transfer.,Investment,3848.95,Income
2020-09-18,Direct grocery internet.,Health & Fitness,1113.23,Expense
2020-09-18,Material net special.,Utilities,724.69,Expense
2020-09-18,Digital maintenance phone discount credit.,Health & Fitness,1327.29,Expense
2020-09-18,Adjustment special monthly transfer special.,Travel,1989.89,Expense
2020-09-18,Huge couple.,Salary,935.1,Income
2020-09-19,Taxi premium pending health market reward gym.,Food & Drink,124.01,Expense
2020-09-19,Online priority adjustment.,Investment,2189.94,Income
2020-09-19,Savings management.,Investment,3934.58,Income
2020-09-20,Travel vendor.,Utilities,399.87,Expense
2020-09-20,Special flight priority fee project fuel.,Entertainment,526.02,Expense
2020-09-20,Insurance premium insurance daily gross hotel bus.,Rent,983.26,Expense
2020-09-20,Interest fee total.,Health & Fitness,482.92,Expense
2020-09-20,Direct debit.,Utilities,320.36,Expense
2020-09-20,Shop bill special hospital daily gym deposit.,Health & Fitness,756.91,Expense
2020-09-21,Annual charge payment renewal parking.,Utilities,77.39,Expense
2020-09-21,Online market delivery.,Salary,973.04,Income
2020-09-21,Investment deal balance fuel.,Entertainment,1277.64,Expense
2020-09-22,Only spend do.,Salary,1144.0,Income
2020-09-22,Network store flight purchase.,Entertainment,1229.79,Expense
2020-09-22,Bus train train electricity service loan.,Entertainment,671.39,Expense
2020-09-22,Debit purchase standard taxi tools interest.,Salary,1196.43,Income
2020-09-22,During call north attention.,Rent,565.07,Expense
2020-09-22,Begin deep police wife.,Travel,651.39,Expense
2020-09-22,System bonus household phone phone priority purchase.,Health & Fitness,1387.55,Expense
2020-09-22,Hardware gross.,Food & Drink,455.25,Expense
2020-09-22,Support salary payment.,Food & Drink,223.11,Expense
2020-09-23,App household contract total household.,Investment,795.74,Income
2020-09-23,Restaurant personal tools vendor.,Entertainment,697.25,Expense
2020-09-23,Service tools deposit reward.,Health & Fitness,1127.76,Expense
2020-09-23,Plan clinic parking.,Shopping,721.73,Expense
2020-09-23,Able teach certain candidate economy.,Health & Fitness,67.11,Expense
2020-09-23,Produce ago.,Utilities,980.22,Expense
2020-09-23,Bonus phone entertainment hardware plan.,Rent,636.54,Expense
2020-09-24,Credit grocery salary bill taxi economy.,Entertainment,1266.63,Expense
2020-09-24,Platform debit net interest hotel entertainment hardware.,Health & Fitness,821.25,Expense
2020-09-24,Bus restaurant package support delivery hospital weekly.,Investment,3606.27,Income
2020-09-24,Mortgage subscription personal processed shop.,Other,4896.69,Income
2020-09-24,Processed entertainment package.,Salary,1587.41,Income
2020-09-24,Premium health regular platform transfer management.,Health & Fitness,1744.82,Expense
2020-09-24,App express adjustment water weekly.,Food & Drink,714.92,Expense
2020-09-24,Invoice salary.,Health & Fitness,917.46,Expense
2020-09-25,So draw food company.,Travel,687.27,Expense
2020-09-25,Investment household credit deal discount household direct.,Salary,1166.86,Income
2020-09-25,Booking freelance online client support salary.,Health & Fitness,297.9,Expense
2020-09-25,Electricity hardware budget.,Utilities,1195.07,Expense
2020-09-25,Digital total premium.,Entertainment,1001.43,Expense
2020-09-25,Food daily adjustment.,Travel,180.69,Expense
2020-09-26,Deposit management.,Health & Fitness,1655.62,Expense
2020-09-26,Renewal account.,Other,2198.97,Income
2020-09-26,Invoice water support freelance freelance pharmacy household.,Shopping,1496.36,Expense
2020-09-26,Phone transfer debit bill premium budget.,Food & Drink,1534.88,Expense
2020-09-26,Travel advance shop.,Utilities,1606.8,Expense
2020-09-26,Mall electricity train platform deal.,Investment,1125.12,Income
2020-09-26,Budget express hotel package household priority pharmacy.,Investment,3914.23,Income
2020-09-27,Water financial.,Rent,483.39,Expense
2020-09-27,Score moment second.,Travel,1116.02,Expense
2020-09-27,Mall support gym tools.,Shopping,1197.42,Expense
2020-09-27,Support gross software gross gym.,Utilities,275.1,Expense
2020-09-27,Flight contract freelance system balance purchase.,Rent,1434.64,Expense
2020-09-27,Monthly transfer material delivery advance.,Food & Drink,1646.66,Expense
2020-09-27,Feeling poor all your suggest.,Salary,1114.8,Income
2020-09-27,Annual bonus express hospital service.,Other,2630.67,Income
2020-09-27,Direct automatic deal.,Other,3965.83,Income
2020-09-27,Sing message board mean.,Entertainment,180.37,Expense
2020-09-27,Loan subscription shop investment system subscription support.,Health & Fitness,494.96,Expense
2020-09-28,Utility clinic premium deposit.,Entertainment,1380.21,Expense
2020-09-28,Fee bus annual.,Health & Fitness,74.38,Expense
2020-09-28,Internet project grocery renewal premium.,Salary,1006.94,Income
2020-09-28,Charge hardware annual credit.,Entertainment,1581.79,Expense
2020-09-28,Booking maintenance contract premium net store interest.,Entertainment,1576.27,Expense
2020-09-29,Weekly network.,Other,1843.31,Income
2020-09-29,Bus total store direct client deposit savings.,Entertainment,1080.65,Expense
2020-09-29,Equipment package mall app.,Shopping,627.01,Expense
2020-09-29,Restaurant pharmacy special budget electricity management deposit.,Health & Fitness,905.97,Expense
2020-09-29,Make travel.,Salary,1295.35,Income
2020-09-30,Digital parking loan system bonus.,Salary,667.62,Income
2020-09-30,Personal fee service equipment software mortgage debit.,Other,3117.38,Income
2020-09-30,Focus chance.,Food & Drink,195.18,Expense
2020-09-30,Automatic budget support personal client.,Entertainment,1636.75,Expense
2020-09-30,Invoice material service economy store network.,Rent,1534.32,Expense
2020-09-30,Train subscription store renewal tax bill balance.,Travel,1344.24,Expense
2020-09-30,Maintenance premium store salary bill gross software.,Investment,2649.15,Income
2020-09-30,Network advance hospital network deposit gym.,Other,1395.39,Income
2020-10-01,Transfer app.,Shopping,1100.01,Expense
2020-10-01,Budget internet.,Salary,1218.99,Income
2020-10-01,Fuel weekly booking invoice parking special.,Investment,1842.36,Income
2020-10-01,Electricity standard investment pending.,Rent,1363.83,Expense
2020-10-01,Water processed discount support order net restaurant.,Shopping,1134.65,Expense
2020-10-01,Adjustment financial internet parking.,Food & Drink,1473.84,Expense
2020-10-01,System budget.,Entertainment,674.89,Expense
2020-10-01,Mall delivery store.,Shopping,977.11,Expense
2020-10-01,Online booking client store shop.,Salary,1165.69,Income
2020-10-01,Total store.,Travel,467.33,Expense
2020-10-01,Person one republican.,Entertainment,619.35,Expense
2020-10-02,Household water bus account.,Health & Fitness,1136.3,Expense
2020-10-02,Taxi fee total loan.,Health & Fitness,251.22,Expense
2020-10-02,Financial express loan business account interest payment.,Travel,225.54,Expense
2020-10-02,Insurance software economy account contract contract gym.,Health & Fitness,1374.68,Expense
2020-10-02,Advance subscription material.,Other,3208.63,Income
2020-10-02,Gym economy utility salary.,Other,3409.55,Income
2020-10-02,Utility water phone personal utility.,Utilities,1384.42,Expense
2020-10-03,Business flight salary transfer train bill reward.,Utilities,628.09,Expense
2020-10-03,Support vendor online mall subscription.,Other,936.93,Income
2020-10-03,Premium monthly tax hotel maintenance weekly.,Other,3819.79,Income
2020-10-03,Hardware salary delivery network household material payment.,Health & Fitness,953.83,Expense
2020-10-03,Most law painting between reduce.,Salary,1111.41,Income
2020-10-03,Digital management.,Salary,186.23,Income
2020-10-04,Daily monthly.,Shopping,573.24,Expense
2020-10-04,Budget purchase weekly food travel regular.,Shopping,951.45,Expense
2020-10-04,Tools premium order.,Shopping,1222.03,Expense
2020-10-04,Net maintenance plan clinic phone.,Shopping,629.34,Expense
2020-10-04,Involve thousand including.,Health & Fitness,710.1,Expense
2020-10-05,Package pending network savings package parking.,Utilities,762.4,Expense
2020-10-05,Utility savings store taxi entertainment.,Investment,4042.17,Income
2020-10-05,System priority savings regular phone booking.,Travel,685.71,Expense
2020-10-05,Utility adjustment software invoice electricity app network.,Health & Fitness,75.03,Expense
2020-10-05,Fuel project restaurant mall.,Rent,1205.93,Expense
2020-10-05,Management bonus delivery.,Utilities,1973.56,Expense
2020-10-05,Express maintenance freelance transfer bonus.,Travel,1057.39,Expense
2020-10-05,Economy daily app train.,Travel,661.21,Expense
2020-10-06,Service delivery charge salary express.,Travel,939.11,Expense
2020-10-06,Credit maintenance processed automatic credit material train.,Other,4415.64,Income
2020-10-06,Balance savings software.,Other,2721.66,Income
2020-10-06,Adjustment gym.,Utilities,1382.94,Expense
2020-10-06,Purchase maintenance client store.,Travel,465.77,Expense
2020-10-06,Clinic business salary savings credit network plan.,Food & Drink,1968.13,Expense
2020-10-06,System fuel fuel deposit.,Salary,796.05,Income
2020-10-07,Health automatic.,Rent,1417.93,Expense
2020-10-07,Premium fuel purchase.,Investment,3773.6,Income
2020-10-07,Direct daily daily bonus delivery standard.,Investment,2082.39,Income
2020-10-07,Indeed believe interview professor.,Travel,510.29,Expense
2020-10-07,It season.,Investment,2069.0,Income
2020-10-07,Rather listen before.,Investment,3084.0,Income
2020-10-08,Material payment delivery clinic booking payment food.,Entertainment,1438.41,Expense
2020-10-08,Improve them wait.,Travel,1961.22,Expense
2020-10-08,Water market total regular.,Health & Fitness,1251.88,Expense
2020-10-08,Deposit freelance clinic electricity household internet.,Entertainment,926.76,Expense
2020-10-08,Support standard subscription shop vendor direct.,Health & Fitness,1210.39,Expense
2020-10-08,Flight parking balance invoice.,Utilities,1107.47,Expense
2020-10-08,Contract automatic loan renewal app.,Travel,1045.59,Expense
2020-10-08,News only no.,Salary,560.23,Income
2020-10-09,Premium taxi package processed service total clinic.,Shopping,929.91,Expense
2020-10-09,Restaurant budget train.,Food & Drink,1289.19,Expense
2020-10-10,Official defense.,Investment,4875.0,Income
2020-10-10,Why outside.,Travel,462.69,Expense
2020-10-10,Suggest glass news.,Investment,946.0,Income
2020-10-10,Budget tax internet travel pending.,Shopping,182.14,Expense
2020-10-10,Savings gym service monthly.,Health & Fitness,147.25,Expense
2020-10-10,Investment payment charge automatic flight delivery total.,Utilities,413.47,Expense
2020-10-10,Network restaurant digital phone subscription processed booking.,Salary,1197.16,Income
2020-10-10,Support processed automatic insurance package grocery parking.,Travel,1264.57,Expense
2020-10-11,Automatic interest balance service debit annual monthly.,Entertainment,983.58,Expense
2020-10-11,Market maintenance.,Other,3107.96,Income
2020-10-12,Off southern suddenly.,Utilities,1279.36,Expense
2020-10-12,Vendor credit account gross mortgage reward.,Investment,2453.14,Income
2020-10-12,Hardware account clinic standard financial pending.,Utilities,147.76,Expense
2020-10-12,Order priority.,Other,3136.15,Income
2020-10-12,Clinic transfer purchase food market gym.,Other,3965.25,Income
2020-10-12,Online express mortgage train deal.,Travel,1611.16,Expense
2020-10-13,Client total delivery.,Rent,206.52,Expense
2020-10-13,Daily daily.,Rent,27.08,Expense
2020-10-13,Purchase entertainment.,Food & Drink,188.06,Expense
2020-10-13,Balance bonus insurance.,Utilities,1080.62,Expense
2020-10-13,Restaurant express phone special platform gross payment.,Other,1746.35,Income
2020-10-13,Weekly software.,Entertainment,835.08,Expense
2020-10-14,Fuel subscription vendor digital tools processed store.,Shopping,1512.27,Expense
2020-10-14,Contract health booking vendor.,Shopping,1420.68,Expense
2020-10-14,Total processed invoice grocery freelance.,Investment,2370.04,Income
2020-10-14,Participant price.,Rent,1746.71,Expense
2020-10-15,Automatic freelance.,Shopping,1746.42,Expense
2020-10-15,Congress reflect.,Salary,962.64,Income
2020-10-15,Phone service taxi fee fuel.,Shopping,1206.88,Expense
2020-10-15,Account travel management express.,Food & Drink,481.91,Expense
2020-10-15,Material advance gross monthly.,Other,2979.84,Income
2020-10-16,Hospital discount tools restaurant tax booking shop.,Investment,2719.5,Income
2020-10-16,Utility tax vendor payment priority mall insurance.,Utilities,986.52,Expense
2020-10-16,Scientist will begin.,Rent,1646.01,Expense
2020-10-16,Go consider century price.,Food & Drink,512.43,Expense
2020-10-16,Heavy law church.,Rent,1158.27,Expense
2020-10-16,Software automatic transfer.,Salary,1024.69,Income
2020-10-16,Personal service.,Travel,879.88,Expense
2020-10-16,Household pharmacy health.,Other,2568.49,Income
2020-10-16,Support support clinic parking automatic phone hospital.,Health & Fitness,530.72,Expense
2020-10-17,Special annual bill entertainment.,Travel,1160.23,Expense
2020-10-17,Phone insurance taxi.,Travel,1434.22,Expense
2020-10-17,Service bill maintenance.,Entertainment,1099.97,Expense
2020-10-17,Water bus water hardware maintenance mortgage purchase.,Entertainment,477.37,Expense
2020-10-17,Gym reward health market parking internet.,Food & Drink,1820.2,Expense
2020-10-17,Internet advance tools net.,Utilities,1467.66,Expense
2020-10-17,Management monthly tools salary electricity processed system.,Rent,1016.08,Expense
2020-10-18,Contract bus subscription personal priority hotel express.,Travel,1899.93,Expense
2020-10-18,Salary monthly regular savings.,Entertainment,481.39,Expense
2020-10-18,Food parking software booking priority.,Shopping,1316.55,Expense
2020-10-18,Since nothing be apply.,Utilities,306.9,Expense
2020-10-19,Discount food monthly service adjustment order.,Health & Fitness,134.84,Expense
2020-10-19,Taxi health water mall.,Other,4199.63,Income
2020-10-19,Renewal automatic digital special maintenance parking.,Food & Drink,1582.28,Expense
2020-10-19,Flight vendor tax fee bus shop.,Salary,1181.08,Income
2020-10-19,Loan service.,Other,2870.63,Income
2020-10-19,Anyone bank kitchen interest parent.,Travel,179.51,Expense
2020-10-20,Budget gym app equipment budget.,Travel,948.67,Expense
2020-10-20,Bus client.,Rent,702.89,Expense
2020-10-20,Health equipment.,Entertainment,830.86,Expense
2020-10-20,Client economy monthly.,Health & Fitness,321.2,Expense
2020-10-20,Account renewal gross restaurant hotel market.,Investment,2335.45,Income
2020-10-20,Material taxi internet debit discount deal online.,Health & Fitness,1216.51,Expense
2020-10-21,Flight package flight contract account.,Health & Fitness,1750.72,Expense
2020-10-21,Delivery shop shop deposit premium.,Health & Fitness,1447.62,Expense
2020-10-21,Platform gross weekly travel flight adjustment mall.,Food & Drink,855.96,Expense
2020-10-21,Interest internet maintenance.,Shopping,1030.25,Expense
2020-10-22,Transfer market clinic delivery.,Investment,3811.73,Income
2020-10-22,Network parking app.,Travel,856.62,Expense
2020-10-22,Flight premium mall clinic total.,Travel,1005.2,Expense
2020-10-23,Phone direct flight regular insurance.,Entertainment,1604.59,Expense
2020-10-23,Democratic mention generation.,Shopping,1216.57,Expense
2020-10-23,Order hardware hotel credit.,Salary,1219.64,Income
2020-10-23,Bill annual balance.,Shopping,721.48,Expense
2020-10-24,Mall freelance package deposit discount app.,Utilities,845.93,Expense
2020-10-24,Package debit total salary phone.,Shopping,924.42,Expense
2020-10-24,Maintenance grocery parking train plan internet.,Salary,1333.98,Income
2020-10-24,Market advance account transfer.,Travel,1783.79,Expense
2020-10-24,Question or money.,Entertainment,1553.63,Expense
2020-10-24,Electricity material payment system vendor pharmacy.,Rent,914.38,Expense
2020-10-25,Discount discount grocery invoice phone equipment advance.,Rent,1399.02,Expense
2020-10-25,Shop mall store weekly monthly internet bus.,Health & Fitness,956.5,Expense
2020-10-25,Transfer booking.,Travel,416.83,Expense
2020-10-25,Budget mortgage delivery maintenance freelance.,Utilities,1060.5,Expense
2020-10-25,Mortgage credit.,Entertainment,274.66,Expense
2020-10-26,Network interest debit bill gym special account.,Rent,1648.94,Expense
2020-10-26,Equipment deal transfer express standard special standard.,Salary,1669.89,Income
2020-10-26,Purchase bonus taxi.,Utilities,538.88,Expense
2020-10-26,Subscription plan electricity.,Health & Fitness,993.04,Expense
2020-10-26,Determine worker.,Salary,601.73,Income
2020-10-27,Economy internet project adjustment financial renewal freelance.,Utilities,681.66,Expense
2020-10-27,Management order freelance project grocery.,Food & Drink,396.85,Expense
2020-10-27,Daughter war.,Shopping,617.71,Expense
2020-10-27,Face build market.,Rent,1895.7,Expense
2020-10-27,Can mouth discover.,Entertainment,536.65,Expense
2020-10-28,Bill renewal automatic.,Investment,2837.57,Income
2020-10-28,Budget tools advance household weekly.,Salary,1325.53,Income
2020-10-28,Subscription service grocery utility platform savings.,Health & Fitness,488.57,Expense
2020-10-28,Advance reward order deposit.,Travel,1936.23,Expense
2020-10-28,Processed platform hardware discount.,Entertainment,738.36,Expense
2020-10-28,Author technology amount affect.,Investment,1923.0,Income
2020-10-28,Discount gym personal transfer freelance monthly deal.,Salary,902.08,Income
2020-10-28,Insurance internet.,Investment,1463.94,Income
2020-10-28,Network mortgage processed freelance invoice.,Other,1797.18,Income
2020-10-28,Pending mortgage.,Rent,841.8,Expense
2020-10-28,App renewal pharmacy net hospital insurance pending.,Shopping,1560.39,Expense
2020-10-29,Entertainment hardware material discount entertainment daily.,Food & Drink,1624.58,Expense
2020-10-29,Investment package client premium economy order.,Health & Fitness,388.84,Expense
2020-10-29,Processed hardware pending automatic mall annual.,Rent,1494.23,Expense
2020-10-29,Payment support booking taxi.,Other,3340.43,Income
2020-10-29,Advance project maintenance weekly bus flight flight.,Investment,2364.17,Income
2020-10-29,Office of remember individual.,Utilities,15.32,Expense
2020-10-30,Renewal balance household business investment.,Food & Drink,839.36,Expense
2020-10-30,Internet budget online annual parking monthly.,Shopping,913.98,Expense
2020-10-30,Financial total flight taxi renewal mortgage.,Utilities,1834.61,Expense
2020-10-30,Health contract entertainment bonus transfer shop.,Other,3401.52,Income
2020-10-30,Deal delivery regular.,Travel,1240.2,Expense
2020-10-30,Again foot soon peace.,Salary,589.61,Income
2020-10-30,Financial taxi subscription project hospital gross train.,Other,2783.91,Income
2020-10-31,Join black.,Travel,1408.95,Expense
2020-10-31,Discount priority transfer.,Shopping,988.12,Expense
2020-10-31,Food mortgage freelance loan digital.,Travel,1619.64,Expense
2020-10-31,Internet management economy entertainment.,Food & Drink,1001.69,Expense
2020-11-01,Member box.,Entertainment,856.03,Expense
2020-11-01,Tax tools grocery material phone online.,Food & Drink,1130.02,Expense
2020-11-01,Hundred bad that second develop.,Entertainment,1848.58,Expense
2020-11-01,Reward online travel fuel management entertainment tax.,Health & Fitness,1250.36,Expense
2020-11-01,Standard gross bonus.,Other,1043.74,Income
2020-11-01,Platform service gross platform vendor gross.,Shopping,1863.77,Expense
2020-11-01,Account taxi shop deposit client bill.,Health & Fitness,1559.49,Expense
2020-11-01,Travel reward hospital loan.,Rent,741.29,Expense
2020-11-01,Hospital material electricity entertainment.,Health & Fitness,1420.96,Expense
2020-11-01,Payment renewal.,Travel,201.08,Expense
2020-11-01,Household flight transfer tax equipment phone.,Other,2171.36,Income
2020-11-01,Taxi service automatic app online electricity.,Utilities,684.48,Expense
2020-11-02,Economy balance investment.,Salary,1266.97,Income
2020-11-02,Parking credit charge advance mall.,Health & Fitness,979.51,Expense
2020-11-02,Contract hospital.,Salary,642.75,Income
2020-11-02,Deposit salary network.,Salary,962.28,Income
2020-11-02,Train travel tax phone taxi travel.,Other,3654.8,Income
2020-11-02,Town glass road.,Utilities,1817.74,Expense
2020-11-02,Taxi hospital.,Travel,1582.58,Expense
2020-11-02,Phone premium charge equipment.,Food & Drink,1182.5,Expense
2020-11-02,Booking monthly network.,Investment,3412.46,Income
2020-11-03,Fuel deposit annual platform.,Investment,4183.9,Income
2020-11-03,Purchase store personal insurance priority phone.,Rent,1088.81,Expense
2020-11-03,Mall fee phone travel.,Entertainment,783.23,Expense
2020-11-03,Utility annual hardware.,Salary,35.78,Income
2020-11-03,Grocery deposit bus subscription.,Entertainment,365.8,Expense
2020-11-03,Plan mall digital clinic.,Food & Drink,1029.45,Expense
2020-11-03,Package investment freelance.,Health & Fitness,922.54,Expense
2020-11-04,Reward mall.,Other,1434.76,Income
2020-11-04,Priority contract tax restaurant.,Other,2723.95,Income
2020-11-04,Interest contract.,Health & Fitness,1350.9,Expense
2020-11-04,Bill eight community.,Rent,128.68,Expense
2020-11-05,Charge mall hardware management mortgage account.,Other,3343.37,Income
2020-11-05,Interest market entertainment charge.,Entertainment,1232.17,Expense
2020-11-05,Taxi project train shop fee account.,Health & Fitness,1319.8,Expense
2020-11-05,Reward phone express.,Food & Drink,1035.19,Expense
2020-11-05,Food deal bus daily loan package clinic.,Utilities,189.51,Expense
2020-11-05,Monthly grocery monthly platform project.,Utilities,550.02,Expense
2020-11-06,Service phone adjustment grocery project.,Salary,1180.63,Income
2020-11-06,Health travel.,Entertainment,611.03,Expense
2020-11-06,Concern significant.,Travel,883.92,Expense
2020-11-06,Online subscription package market discount.,Utilities,902.75,Expense
2020-11-06,Taxi debit.,Shopping,644.02,Expense
2020-11-06,Taxi system express.,Other,3520.48,Income
2020-11-06,Health equipment pending online budget.,Utilities,408.6,Expense
2020-11-07,Mall economy.,Entertainment,900.38,Expense
2020-11-07,Senior service large under.,Travel,1402.47,Expense
2020-11-07,Salary business fee travel hardware mall.,Rent,1058.26,Expense
2020-11-07,Total food booking bill client health hospital.,Health & Fitness,1493.75,Expense
2020-11-08,Mall internet personal credit utility salary.,Food & Drink,1310.26,Expense
2020-11-08,Deal fee package pharmacy app.,Health & Fitness,886.53,Expense
2020-11-08,Tools clinic discount.,Shopping,615.61,Expense
2020-11-08,Standard renewal priority.,Health & Fitness,1007.7,Expense
2020-11-08,Total train financial bonus business hardware.,Travel,638.69,Expense
2020-11-08,Digital special.,Shopping,503.5,Expense
2020-11-08,Hardware client.,Other,4142.61,Income
2020-11-08,Savings plan phone.,Salary,1585.22,Income
2020-11-08,Maintenance processed platform network.,Health & Fitness,177.75,Expense
2020-11-08,Hospital economy express entertainment deal personal automatic.,Utilities,922.41,Expense
2020-11-09,Follow wife firm key light.,Salary,881.14,Income
2020-11-09,Express salary priority loan.,Food & Drink,1949.89,Expense
2020-11-09,Network credit regular deal.,Salary,242.65,Income
2020-11-09,Phone premium shop reward.,Health & Fitness,1161.98,Expense
2020-11-10,Special financial package.,Salary,1035.4,Income
2020-11-10,Also hard expert popular.,Food & Drink,191.74,Expense
2020-11-10,Advance transfer interest.,Salary,261.55,Income
2020-11-10,Option goal avoid.,Shopping,1471.72,Expense
2020-11-10,Standard contract.,Investment,1541.62,Income
2020-11-10,Network transfer market gym pending subscription project.,Food & Drink,699.49,Expense
2020-11-10,Adjustment water automatic.,Other,2957.73,Income
2020-11-11,Daily personal grocery net.,Rent,1224.13,Expense
2020-11-11,Account service freelance vendor.,Utilities,955.98,Expense
2020-11-11,Account business.,Other,3157.79,Income
2020-11-11,Hospital transfer household.,Food & Drink,541.93,Expense
2020-11-11,Debit plan.,Utilities,519.13,Expense
2020-11-11,Loan software shop fee delivery.,Food & Drink,579.23,Expense
2020-11-12,Freelance restaurant network advance order.,Other,3472.62,Income
2020-11-12,Daily electricity monthly phone bonus budget.,Health & Fitness,290.08,Expense
2020-11-12,Order his oil west school.,Food & Drink,1999.15,Expense
2020-11-12,Savings freelance.,Other,3008.26,Income
2020-11-12,Financial personal fuel purchase.,Entertainment,401.69,Expense
2020-11-12,Freelance premium loan entertainment balance monthly budget.,Investment,2925.53,Income
2020-11-12,Training occur could painting.,Travel,1156.73,Expense
2020-11-13,Investment bill electricity renewal.,Investment,2980.54,Income
2020-11-13,Gross plan.,Other,3550.6,Income
2020-11-13,Plan reward.,Investment,2729.27,Income
2020-11-13,Water balance special.,Utilities,359.47,Expense
2020-11-13,Phone debit household software debit system entertainment.,Rent,1493.16,Expense
2020-11-13,Health health taxi booking daily special.,Health & Fitness,690.37,Expense
2020-11-14,Market business client support.,Rent,735.65,Expense
2020-11-14,Digital charge charge express train.,Other,2202.55,Income
2020-11-14,Utility hospital.,Health & Fitness,1054.09,Expense
2020-11-14,Order freelance gym.,Investment,2440.76,Income
2020-11-14,Whatever late specific.,Utilities,946.3,Expense
2020-11-14,Mean common.,Travel,371.16,Expense
2020-11-14,Yard model particular hair.,Salary,1938.42,Income
2020-11-14,Impact full our smile.,Shopping,673.28,Expense
2020-11-15,Mall transfer budget online insurance.,Food & Drink,981.04,Expense
2020-11-15,Health support mortgage net market electricity fee.,Salary,972.75,Income
2020-11-15,Reward standard.,Rent,1557.75,Expense
2020-11-15,Digital phone salary management booking discount.,Investment,4163.17,Income
2020-11-15,Invoice mall business annual balance debit.,Investment,1274.92,Income
2020-11-15,App contract phone freelance subscription.,Shopping,180.05,Expense
2020-11-15,Edge surface who.,Travel,1328.54,Expense
2020-11-15,Material pharmacy.,Investment,2120.01,Income
2020-11-15,Form newspaper.,Utilities,666.31,Expense
2020-11-16,Bank professional true financial.,Food & Drink,915.1,Expense
2020-11-16,Payment advance plan mortgage bus utility.,Rent,1827.8,Expense
2020-11-16,Organization visit finally.,Health & Fitness,240.68,Expense
2020-11-16,Software gross.,Salary,82.51,Income
2020-11-17,Electricity insurance purchase loan.,Travel,725.2,Expense
2020-11-17,Payment priority contract.,Salary,1167.69,Income
2020-11-17,Maintenance phone tax financial.,Utilities,334.4,Expense
2020-11-17,Net booking investment net pending reward maintenance.,Travel,450.04,Expense
2020-11-17,Transfer loan deal restaurant annual transfer.,Utilities,1224.81,Expense
2020-11-17,Gross water renewal platform interest hotel network.,Salary,1150.52,Income
2020-11-17,Daily online system booking plan standard tools.,Salary,1004.32,Income
2020-11-17,Support budget.,Travel,936.76,Expense
2020-11-17,Utility client client savings payment.,Rent,743.39,Expense
2020-11-17,Health deposit.,Salary,493.49,Income
2020-11-17,Regular net equipment market.,Rent,290.23,Expense
2020-11-17,Household equipment net tools network payment.,Food & Drink,1393.12,Expense
2020-11-17,Spend prove stock school.,Food & Drink,1318.74,Expense
2020-11-17,Equipment bonus bonus network payment savings.,Health & Fitness,1455.32,Expense
2020-11-18,Utility package.,Travel,1323.18,Expense
2020-11-18,Gym household insurance payment discount maintenance hotel.,Rent,744.5,Expense
2020-11-18,Economy utility insurance shop.,Health & Fitness,1404.7,Expense
2020-11-18,Parking balance hotel balance deposit payment.,Travel,1092.1,Expense
2020-11-19,Express shop maintenance travel interest order online.,Food & Drink,1707.57,Expense
2020-11-19,Subscription savings management.,Salary,983.76,Income
2020-11-19,Annual investment invoice project health.,Shopping,271.78,Expense
2020-11-19,Balance package.,Shopping,905.95,Expense
2020-11-20,Position interest.,Shopping,117.87,Expense
2020-11-20,Mall network train renewal.,Utilities,1088.26,Expense
2020-11-20,Special adjustment parking.,Food & Drink,98.85,Expense
2020-11-20,Payment transfer market tax investment advance system.,Food & Drink,995.47,Expense
2020-11-21,Interest total clinic daily pending.,Investment,3120.75,Income
2020-11-21,Annual special discount pharmacy electricity.,Travel,1026.35,Expense
2020-11-21,Deposit booking water platform contract.,Health & Fitness,663.49,Expense
2020-11-22,Plan transfer charge.,Shopping,649.01,Expense
2020-11-22,Tax health clinic.,Entertainment,747.45,Expense
2020-11-22,Booking utility investment premium health parking balance.,Utilities,1477.97,Expense
2020-11-22,Regular advance.,Other,2010.4,Income
2020-11-22,Annual processed food balance store food.,Rent,1465.81,Expense
2020-11-22,Charge digital.,Food & Drink,1024.97,Expense
2020-11-22,Order direct discount freelance bonus salary.,Utilities,959.33,Expense
2020-11-22,Guy congress.,Salary,1254.56,Income
2020-11-23,Annual financial gym order premium booking.,Travel,930.53,Expense
2020-11-23,Flight app reward food electricity.,Utilities,779.13,Expense
2020-11-23,Bus vendor vendor.,Entertainment,1925.49,Expense
2020-11-23,Vendor deal.,Shopping,1188.95,Expense
2020-11-23,Way main difficult case.,Entertainment,541.44,Expense
2020-11-23,Pending business processed.,Food & Drink,1236.86,Expense
2020-11-23,Vendor market total restaurant fuel fuel.,Utilities,1526.99,Expense
2020-11-23,Special plan pharmacy mortgage health net budget.,Shopping,476.63,Expense
2020-11-23,Phone bonus savings.,Shopping,793.7,Expense
2020-11-24,Investment online software deposit phone package.,Travel,1218.62,Expense
2020-11-24,Debit utility financial order.,Shopping,1117.01,Expense
2020-11-25,Purchase processed annual.,Travel,1528.46,Expense
2020-11-25,Product then.,Salary,251.64,Income
2020-11-25,Balance app pending business.,Travel,808.44,Expense
2020-11-25,Such big side.,Other,4089.0,Income
2020-11-26,Market digital investment.,Investment,1784.9,Income
2020-11-26,Booking order.,Salary,1254.19,Income
2020-11-26,Weekly net direct gross travel subscription package.,Health & Fitness,1086.55,Expense
2020-11-26,Mall system.,Health & Fitness,700.69,Expense
2020-11-26,Budget hotel vendor order hardware.,Utilities,1399.33,Expense
2020-11-26,Household phone.,Investment,983.28,Income
2020-11-26,Gross insurance material debit business.,Food & Drink,1317.86,Expense
2020-11-26,Daily grocery total mall pharmacy interest.,Health & Fitness,82.15,Expense
2020-11-26,Mall personal deal market reward material.,Investment,1348.68,Income
2020-11-26,Vendor package freelance.,Shopping,355.69,Expense
2020-11-26,Heavy class story side speak.,Entertainment,1422.47,Expense
2020-11-27,Hardware freelance annual.,Health & Fitness,1880.63,Expense
2020-11-27,Store equipment taxi platform.,Rent,1116.82,Expense
2020-11-27,Doctor dream whole six.,Investment,4280.0,Income
2020-11-27,Balance health parking contract discount salary weekly.,Entertainment,702.07,Expense
2020-11-27,Payment digital.,Travel,1832.26,Expense
2020-11-27,Entertainment renewal total economy platform renewal.,Salary,1179.77,Income
2020-11-27,Analysis hair rest wide.,Food & Drink,1108.98,Expense
2020-11-27,Deal premium discount insurance.,Utilities,395.06,Expense
2020-11-27,Digital gym.,Salary,1006.6,Income
2020-11-28,Clinic charge order.,Health & Fitness,1512.12,Expense
2020-11-28,Economy phone travel net digital.,Other,2418.27,Income
2020-11-28,Special charge.,Rent,878.02,Expense
2020-11-28,Booking software.,Utilities,295.26,Expense
2020-11-28,Daily savings regular.,Other,2258.45,Income
2020-11-28,Balance hospital flight regular.,Shopping,191.36,Expense
2020-11-29,Adjustment savings renewal utility freelance pharmacy.,Shopping,1088.22,Expense
2020-11-29,Market electricity insurance.,Utilities,1119.5,Expense
2020-11-29,Phone water parking.,Health & Fitness,917.49,Expense
2020-11-29,Grocery fuel direct material bus.,Investment,1469.01,Income
2020-11-29,Restaurant system maintenance network.,Investment,3251.34,Income
2020-11-29,Question now key show.,Utilities,1001.77,Expense
2020-11-30,Reward tax clinic.,Travel,1076.95,Expense
2020-11-30,Hospital vendor deal.,Other,2056.47,Income
2020-11-30,Account equipment advance bonus transfer online market.,Entertainment,1250.67,Expense
2020-12-01,Month whom stage soon.,Travel,836.83,Expense
2020-12-01,Food software phone weekly adjustment phone.,Shopping,299.94,Expense
2020-12-01,Management pharmacy freelance credit.,Shopping,1886.75,Expense
2020-12-01,Interest annual pharmacy credit.,Rent,1384.8,Expense
2020-12-01,Utility express app.,Rent,319.46,Expense
2020-12-01,Booking material deal bill flight annual.,Travel,821.22,Expense
2020-12-01,Bill service shop parking.,Travel,1187.76,Expense
2020-12-01,Deal app.,Investment,4238.95,Income
2020-12-02,Standard market purchase.,Health & Fitness,1282.16,Expense
2020-12-02,Delivery market service booking material advance insurance.,Investment,1255.27,Income
2020-12-02,Flight water gross debit.,Investment,1409.72,Income
2020-12-03,Software equipment net business express subscription subscription.,Other,2599.85,Income
2020-12-03,Online food.,Food & Drink,1714.27,Expense
2020-12-03,Payment premium gross digital purchase.,Entertainment,1599.19,Expense
2020-12-03,Personal flight standard platform deposit.,Travel,1902.31,Expense
2020-12-03,Charge investment gym.,Investment,839.16,Income
2020-12-04,Service package hospital purchase.,Salary,1925.19,Income
2020-12-04,Transfer automatic app salary personal bill.,Health & Fitness,1729.53,Expense
2020-12-04,Charge tools freelance internet budget total.,Other,2447.12,Income
2020-12-04,System contract phone fuel material client.,Utilities,469.01,Expense
2020-12-05,Surface expect several evening town.,Shopping,389.31,Expense
2020-12-05,Appear lose he.,Salary,495.02,Income
2020-12-06,Account express support.,Entertainment,1592.48,Expense
2020-12-06,Special management.,Entertainment,1754.64,Expense
2020-12-06,Account water hotel project.,Other,2417.0,Income
2020-12-06,Internet hospital salary delivery electricity.,Health & Fitness,574.84,Expense
2020-12-06,Begin treat stage this.,Utilities,1729.41,Expense
2020-12-06,Package hardware processed net travel support.,Shopping,667.57,Expense
2020-12-06,Account purchase bonus charge restaurant train advance.,Rent,101.31,Expense
2020-12-06,Discount automatic.,Shopping,1232.14,Expense
2020-12-06,Regular platform credit fuel total travel monthly.,Travel,1709.0,Expense
2020-12-07,Flight purchase.,Food & Drink,908.45,Expense
2020-12-07,Food material market management.,Salary,1205.09,Income
2020-12-07,Processed weekly travel shop utility.,Travel,337.77,Expense
2020-12-08,Management clinic savings.,Utilities,96.29,Expense
2020-12-08,Reward investment weekly insurance delivery budget.,Investment,2323.2,Income
2020-12-09,Material investment software software gross maintenance mall.,Health & Fitness,854.47,Expense
2020-12-09,Flight hotel order contract phone insurance hotel.,Rent,1738.65,Expense
2020-12-09,Taxi phone equipment express health.,Health & Fitness,423.45,Expense
2020-12-09,Mortgage bonus travel.,Health & Fitness,1475.05,Expense
2020-12-09,Net order savings loan discount.,Salary,1126.38,Income
2020-12-09,Market material booking health total booking.,Entertainment,1090.44,Expense
2020-12-10,Mall direct digital direct tax.,Salary,524.95,Income
2020-12-10,Water market platform automatic electricity network fuel.,Entertainment,1627.8,Expense
2020-12-10,App project utility.,Rent,1761.8,Expense
2020-12-10,Investment software.,Shopping,389.47,Expense
2020-12-10,Online transfer health bill.,Other,1903.76,Income
2020-12-10,Business monthly software water plan salary platform.,Shopping,1207.35,Expense
2020-12-10,Transfer app software parking standard pharmacy reward.,Investment,2665.56,Income
2020-12-10,Weekly business network loan credit mortgage.,Salary,1459.62,Income
2020-12-10,Automatic train reward.,Entertainment,1974.15,Expense
2020-12-10,Platform store.,Shopping,721.86,Expense
2020-12-10,Net processed project savings.,Food & Drink,710.78,Expense
2020-12-10,Phone automatic financial client client net mortgage.,Travel,856.8,Expense
2020-12-10,Balance premium priority budget.,Food & Drink,1599.32,Expense
2020-12-10,Agreement us stuff.,Travel,1642.89,Expense
2020-12-10,Apply maybe dog yes.,Shopping,686.35,Expense
2020-12-11,Case expert stop.,Travel,1676.58,Expense
2020-12-11,Support budget adjustment delivery reward.,Travel,1252.72,Expense
2020-12-11,Deal vendor regular premium deal special management.,Other,1872.58,Income
2020-12-11,Delivery grocery express.,Shopping,619.73,Expense
2020-12-11,Water bus premium food fuel client bus.,Rent,446.16,Expense
2020-12-12,Daily bill.,Shopping,1457.01,Expense
2020-12-12,Payment total app.,Travel,1667.19,Expense
2020-12-12,Pending discount deal transfer insurance salary internet.,Health & Fitness,1681.02,Expense
2020-12-12,Processed special invoice train equipment restaurant direct.,Entertainment,1727.6,Expense
2020-12-12,Large accept bad eight.,Salary,1731.87,Income
2020-12-13,Management project service.,Salary,947.19,Income
2020-12-13,Automatic flight taxi flight parking.,Entertainment,1455.19,Expense
2020-12-13,Entertainment vendor mall.,Health & Fitness,853.66,Expense
2020-12-13,Material management store salary.,Travel,1389.29,Expense
2020-12-13,Vote participant institution simply down.,Salary,696.8,Income
2020-12-14,Clinic hotel management project deposit water gross.,Food & Drink,878.98,Expense
2020-12-14,Book toward.,Entertainment,1961.74,Expense
2020-12-14,Contract order food premium savings.,Food & Drink,1314.11,Expense
2020-12-14,Draw police.,Shopping,916.14,Expense
2020-12-14,Household store software.,Salary,1140.91,Income
2020-12-14,Phone financial mall regular equipment.,Rent,801.71,Expense
2020-12-15,Maintenance delivery tax purchase package bonus clinic.,Utilities,833.29,Expense
2020-12-15,Order travel invoice freelance app.,Investment,2665.27,Income
2020-12-15,Travel bonus online hardware.,Investment,1878.52,Income
2020-12-15,Processed salary deal.,Food & Drink,306.21,Expense
2020-12-15,Client gross.,Health & Fitness,1118.4,Expense
2020-12-15,Direct market renewal delivery.,Shopping,236.43,Expense
2020-12-15,Net platform phone purchase restaurant.,Other,2987.16,Income
2020-12-15,Plan utility support processed express annual.,Entertainment,480.72,Expense
2020-12-15,Hardware platform internet premium.,Shopping,740.84,Expense
2020-12-16,Investment market standard.,Health & Fitness,641.65,Expense
2020-12-16,Professor beat window.,Shopping,778.3,Expense
2020-12-16,Bonus clinic project processed platform investment.,Travel,992.82,Expense
2020-12-16,Investment pass drive.,Food & Drink,643.17,Expense
2020-12-16,Contract contract.,Rent,1673.86,Expense
2020-12-16,Place offer.,Shopping,474.79,Expense
2020-12-16,Fuel market service.,Investment,3209.94,Income
2020-12-16,Transfer advance subscription.,Food & Drink,663.77,Expense
2020-12-17,System hospital phone purchase salary bill.,Travel,1471.99,Expense
2020-12-17,Order charge.,Food & Drink,1668.6,Expense
2020-12-17,Insurance purchase advance management tax platform.,Shopping,632.17,Expense
2020-12-18,Wonder effect administration small.,Other,1322.0,Income
2020-12-18,Name skill medical after them.,Utilities,995.7,Expense
2020-12-18,Weekly special network charge system.,Salary,1318.59,Income
2020-12-18,Express contract maintenance taxi plan water.,Travel,952.08,Expense
2020-12-19,Taxi deposit network entertainment interest grocery fee.,Rent,1485.31,Expense
2020-12-19,Savings hardware travel travel.,Entertainment,1691.81,Expense
2020-12-19,Direct budget water savings personal system plan.,Entertainment,1313.55,Expense
2020-12-20,Insurance fee payment service automatic package.,Travel,1490.64,Expense
2020-12-20,Savings advance.,Utilities,1385.1,Expense
2020-12-20,And national spend.,Food & Drink,1447.66,Expense
2020-12-20,Run pick sign.,Salary,208.43,Income
2020-12-20,Hardware platform food.,Food & Drink,1039.69,Expense
2020-12-20,Account business credit insurance mall online support.,Entertainment,1409.46,Expense
2020-12-21,Gross service system priority business.,Rent,519.56,Expense
2020-12-21,Mall adjustment pending regular travel train.,Entertainment,1300.81,Expense
2020-12-21,Market grocery delivery market.,Shopping,1149.54,Expense
2020-12-21,Monthly interest plan management.,Rent,960.82,Expense
2020-12-21,Grocery phone travel online economy.,Other,2628.72,Income
2020-12-21,Pharmacy business.,Utilities,667.31,Expense
2020-12-22,Bus software water store.,Entertainment,1917.9,Expense
2020-12-22,Entertainment regular weekly monthly.,Utilities,1065.74,Expense
2020-12-22,Electricity deposit advance priority payment.,Utilities,355.29,Expense
2020-12-22,Wonder long consider care.,Utilities,158.91,Expense
2020-12-23,Health software automatic health net budget.,Food & Drink,1347.1,Expense
2020-12-23,Firm financial.,Rent,1705.01,Expense
2020-12-23,Daily fuel digital deal priority personal.,Salary,621.8,Income
2020-12-23,Restaurant system water tools.,Salary,1284.41,Income
2020-12-23,Investment mortgage gross health mortgage savings.,Food & Drink,1625.31,Expense
2020-12-23,Fall analysis.,Travel,683.74,Expense
2020-12-24,Freelance fee hardware online gross advance booking.,Health & Fitness,59.13,Expense
2020-12-24,Software app savings economy.,Utilities,1642.25,Expense
2020-12-24,Investment special direct vendor.,Rent,1629.32,Expense
2020-12-24,Hospital subscription.,Food & Drink,1689.59,Expense
2020-12-24,Account business invoice budget.,Health & Fitness,799.61,Expense
2020-12-24,List already positive experience television.,Shopping,1908.74,Expense
2020-12-25,App maintenance.,Investment,1576.27,Income
2020-12-25,Internet purchase market credit restaurant.,Travel,928.58,Expense
2020-12-25,Payment support.,Travel,570.15,Expense
2020-12-25,Hospital balance pending contract.,Food & Drink,1812.15,Expense
2020-12-25,Parking digital.,Salary,1595.15,Income
2020-12-25,Shop order service maintenance.,Investment,3795.92,Income
2020-12-25,Mall monthly.,Food & Drink,250.25,Expense
2020-12-25,Event son join hundred.,Salary,1746.04,Income
2020-12-26,Management food reward.,Investment,3993.52,Income
2020-12-26,Discount household.,Other,4152.98,Income
2020-12-26,Fund cost reality happen.,Investment,2423.0,Income
2020-12-26,Train equipment service savings booking.,Investment,1795.35,Income
2020-12-26,Train annual vendor salary hospital.,Health & Fitness,876.38,Expense
2020-12-26,Vendor personal maintenance.,Investment,622.14,Income
2020-12-27,Monthly personal.,Rent,1430.57,Expense
2020-12-27,Network flight mortgage reward package.,Travel,1582.03,Expense
2020-12-27,Delivery salary priority pharmacy utility regular.,Shopping,1026.16,Expense
2020-12-27,Special purchase delivery business budget hotel insurance.,Health & Fitness,1525.62,Expense
2020-12-27,Deal account material gross renewal client.,Travel,1069.34,Expense
2020-12-28,Vendor mall mall contract mortgage platform.,Salary,911.24,Income
2020-12-28,Song risk bad.,Travel,1994.88,Expense
2020-12-28,Shop pharmacy gym grocery invoice client monthly.,Health & Fitness,227.8,Expense
2020-12-28,Mortgage utility discount platform shop charge pharmacy.,Health & Fitness,929.64,Expense
2020-12-29,Internet regular pharmacy taxi clinic system.,Health & Fitness,160.01,Expense
2020-12-29,Debit internet subscription.,Health & Fitness,1218.02,Expense
2020-12-29,Train regular order special online grocery app.,Utilities,1238.94,Expense
2020-12-29,Travel deposit tax health package internet.,Food & Drink,1732.81,Expense
2020-12-29,Credit subscription deposit online.,Entertainment,263.61,Expense
2020-12-30,Package net online contract business.,Entertainment,767.55,Expense
2020-12-30,Adjustment balance interest management discount renewal purchase.,Investment,4779.86,Income
2020-12-30,Material freelance internet weekly fee plan.,Investment,3942.61,Income
2020-12-30,Family bill foreign fast knowledge.,Shopping,1956.89,Expense
2020-12-31,Priority standard app charge bill.,Shopping,291.34,Expense
2020-12-31,Net hotel.,Health & Fitness,1412.76,Expense
2020-12-31,Net discount.,Other,3828.01,Income
2020-12-31,Contract system.,Shopping,1383.57,Expense
2020-12-31,Train entertainment.,Travel,1441.31,Expense
2020-12-31,Ready goal amount.,Rent,892.92,Expense
2020-12-31,Interest premium project annual material.,Rent,210.91,Expense
2021-01-01,Your ever woman way avoid.,Food & Drink,101.52,Expense
2021-01-01,Economy investment weekly market payment.,Entertainment,1286.46,Expense
2021-01-01,Digital maintenance interest parking booking standard.,Food & Drink,1432.92,Expense
2021-01-01,Financial credit.,Entertainment,1252.29,Expense
2021-01-01,Total tools package network.,Health & Fitness,1606.3,Expense
2021-01-01,Gross restaurant adjustment.,Investment,3377.81,Income
2021-01-01,Processed electricity regular.,Rent,1651.04,Expense
2021-01-02,Store health.,Health & Fitness,1446.3,Expense
2021-01-02,Direct hospital phone household bill shop renewal.,Salary,1174.39,Income
2021-01-02,Fuel tax service.,Utilities,1348.7,Expense
2021-01-02,Advance loan standard hardware.,Health & Fitness,1664.71,Expense
2021-01-03,Network shop standard package hardware mall.,Food & Drink,1813.08,Expense
2021-01-03,Internet discount shop priority grocery service advance.,Rent,998.03,Expense
2021-01-03,System balance.,Investment,558.98,Income
2021-01-03,Client water freelance.,Travel,1602.89,Expense
2021-01-03,App entertainment flight software client daily.,Entertainment,1127.53,Expense
2021-01-03,Shop net digital clinic booking.,Food & Drink,1033.78,Expense
2021-01-04,Mall insurance.,Entertainment,1146.69,Expense
2021-01-04,Daily standard service fuel advance standard.,Shopping,1612.6,Expense
2021-01-04,Purchase weekly utility salary personal.,Entertainment,1354.1,Expense
2021-01-04,Financial fee renewal.,Travel,997.28,Expense
2021-01-04,Store hardware.,Utilities,1516.02,Expense
2021-01-04,Package service direct water transfer internet hospital.,Rent,500.92,Expense
2021-01-04,Payment transfer weekly priority fee subscription vendor.,Utilities,914.89,Expense
2021-01-04,Transfer grocery app advance.,Travel,1561.77,Expense
2021-01-05,Service gym network mall daily.,Shopping,1262.38,Expense
2021-01-05,Balance insurance.,Other,879.13,Income
2021-01-05,Order adjustment special personal.,Investment,2619.55,Income
2021-01-05,Personal travel budget processed utility order.,Health & Fitness,1365.61,Expense
2021-01-05,System monthly travel credit investment delivery.,Health & Fitness,1282.64,Expense
2021-01-05,Clinic advance transfer utility regular hotel.,Salary,570.26,Income
2021-01-06,Priority online.,Other,3792.49,Income
2021-01-06,Flight household electricity vendor special priority fee.,Investment,3063.83,Income
2021-01-06,Investment daily freelance.,Entertainment,1110.26,Expense
2021-01-06,Savings special store clinic project processed.,Utilities,888.09,Expense
2021-01-06,Processed service digital priority management pending fuel.,Food & Drink,974.34,Expense
2021-01-06,Travel standard clinic direct.,Food & Drink,1308.0,Expense
2021-01-06,Renewal personal charge system automatic.,Travel,1372.61,Expense
2021-01-06,Charge project bus bonus financial internet gym.,Other,1663.72,Income
2021-01-06,Call door.,Entertainment,1067.02,Expense
2021-01-06,Credit shop market platform.,Entertainment,1105.72,Expense
2021-01-06,Message seek civil all.,Travel,723.34,Expense
2021-01-07,Discount taxi health annual fee annual.,Travel,629.77,Expense
2021-01-07,Deal special gym client weekly.,Rent,1105.73,Expense
2021-01-07,Project economy advance.,Other,2494.5,Income
2021-01-07,Purchase invoice vendor tax app.,Shopping,546.2,Expense
2021-01-07,Parking management fee maintenance digital hospital regular.,Food & Drink,1632.96,Expense
2021-01-08,Processed mall shop.,Investment,922.09,Income
2021-01-08,Health financial insurance credit network.,Other,4186.12,Income
2021-01-08,Delivery account entertainment mortgage clinic client tax.,Food & Drink,1062.13,Expense
2021-01-08,Fuel entertainment market grocery.,Other,4176.75,Income
2021-01-08,Reward regular internet management.,Shopping,1266.43,Expense
2021-01-08,Him note painting quickly.,Utilities,348.27,Expense
2021-01-09,Pending tools water bill insurance credit processed.,Health & Fitness,605.65,Expense
2021-01-09,Grocery financial bus personal gross.,Health & Fitness,1171.43,Expense
2021-01-09,Tax salary market flight.,Health & Fitness,1152.49,Expense
2021-01-09,Household app premium premium utility flight financial.,Entertainment,1181.45,Expense
2021-01-09,Subscription clinic train.,Health & Fitness,1450.74,Expense
2021-01-10,Investment deal reward.,Entertainment,559.96,Expense
2021-01-10,Economic box save.,Utilities,472.06,Expense
2021-01-10,Contract gym discount advance utility automatic mall.,Other,4813.82,Income
2021-01-10,Contract fuel advance flight.,Other,826.9,Income
2021-01-10,Know baby case happen.,Other,2472.0,Income
2021-01-11,Special app financial travel bus booking weekly.,Health & Fitness,1142.99,Expense
2021-01-11,Bonus equipment reward.,Food & Drink,1015.78,Expense
2021-01-11,Hit no energy employee land.,Salary,518.1,Income
2021-01-11,Gym online deal app plan standard.,Investment,1350.79,Income
2021-01-12,Deal freelance tax business maintenance app.,Utilities,771.78,Expense
2021-01-12,Transfer restaurant.,Shopping,1469.54,Expense
2021-01-12,Personal investment order salary.,Rent,518.82,Expense
2021-01-12,Customer career available common.,Other,2856.0,Income
2021-01-13,Remember nearly face feel.,Travel,1281.49,Expense
2021-01-13,Pharmacy fuel flight mortgage.,Shopping,1372.25,Expense
2021-01-13,Internet fee.,Utilities,775.08,Expense
2021-01-13,Electricity contract net freelance order budget package.,Utilities,1007.68,Expense
2021-01-13,Specific whose.,Utilities,156.99,Expense
2021-01-14,Delivery interest grocery.,Shopping,559.51,Expense
2021-01-14,Shop pharmacy.,Health & Fitness,1055.74,Expense
2021-01-14,Support loan subscription monthly.,Salary,1481.72,Income
2021-01-14,Door management guess.,Shopping,1708.14,Expense
2021-01-14,Soldier meeting building.,Travel,919.1,Expense
2021-01-15,Discount freelance food.,Utilities,1118.5,Expense
2021-01-15,Parking water investment.,Rent,180.98,Expense
2021-01-15,Tools delivery.,Utilities,1803.34,Expense
2021-01-15,Account total delivery software vendor electricity net.,Rent,1316.11,Expense
2021-01-15,Level work candidate this.,Other,3440.0,Income
2021-01-15,Huge response long.,Travel,53.66,Expense
2021-01-15,Delivery total payment loan automatic software digital.,Salary,1893.8,Income
2021-01-15,Priority hospital tax charge flight tools.,Travel,1351.34,Expense
2021-01-16,Bus store.,Shopping,1505.65,Expense
2021-01-16,Booking digital shop.,Entertainment,826.01,Expense
2021-01-16,Plan interest express health deal household.,Utilities,1569.75,Expense
2021-01-16,Shop budget credit household network direct pharmacy.,Travel,949.94,Expense
2021-01-16,Mortgage financial plan.,Food & Drink,1834.04,Expense
2021-01-16,Travel renewal.,Travel,552.03,Expense
2021-01-16,Credit client pharmacy hospital vendor.,Salary,1324.11,Income
2021-01-17,Platform discount support hospital insurance.,Salary,1343.91,Income
2021-01-17,Deal payment entertainment reward annual utility.,Food & Drink,901.14,Expense
2021-01-17,Grocery renewal maintenance internet.,Investment,2523.12,Income
2021-01-17,Quite general there sister.,Food & Drink,1822.13,Expense
2021-01-17,Pending booking special.,Entertainment,541.03,Expense
2021-01-17,Transfer hardware express food.,Salary,837.66,Income
2021-01-17,Total invoice gross taxi electricity hospital.,Entertainment,1936.73,Expense
2021-01-17,Statement available win politics.,Shopping,556.22,Expense
2021-01-17,Monthly processed.,Travel,1440.81,Expense
2021-01-18,Economy hotel total app monthly online standard.,Health & Fitness,901.27,Expense
2021-01-18,Special automatic savings reward annual train.,Investment,1115.51,Income
2021-01-18,Package system weekly platform subscription.,Food & Drink,602.51,Expense
2021-01-18,Mall market clinic annual material.,Rent,686.13,Expense
2021-01-18,Invoice parking.,Investment,1397.31,Income
2021-01-18,Special bill.,Other,2894.91,Income
2021-01-18,Deal bonus platform tax budget.,Rent,37.43,Expense
2021-01-19,Grocery mortgage automatic market store.,Shopping,1136.03,Expense
2021-01-19,Personal renewal salary standard market.,Travel,1850.4,Expense
2021-01-19,Business express plan payment utility automatic.,Entertainment,1112.18,Expense
2021-01-19,Shop regular savings internet electricity direct balance.,Shopping,1234.05,Expense
2021-01-19,Software reward.,Travel,1484.0,Expense
2021-01-19,Utility bus automatic adjustment restaurant savings.,Investment,2495.55,Income
2021-01-19,Item treat area.,Travel,1553.72,Expense
2021-01-19,Food hardware phone.,Utilities,1545.36,Expense
2021-01-19,Reward credit pharmacy booking.,Shopping,1142.56,Expense
2021-01-19,Balance internet digital online balance delivery hotel.,Rent,700.64,Expense
2021-01-19,Mall project financial financial deposit budget.,Entertainment,1143.56,Expense
2021-01-20,Check clearly follow remember generation.,Health & Fitness,445.82,Expense
2021-01-20,Savings system.,Health & Fitness,1445.47,Expense
2021-01-20,Investment water renewal bus.,Utilities,1830.48,Expense
2021-01-20,Weekly pending network hardware.,Utilities,1620.9,Expense
2021-01-20,Parking deal network phone app.,Health & Fitness,940.87,Expense
2021-01-20,Clinic package travel debit tax system.,Shopping,1071.17,Expense
2021-01-20,Digital app.,Salary,1247.44,Income
2021-01-20,Market phone savings taxi.,Food & Drink,507.69,Expense
2021-01-21,Renewal reward.,Health & Fitness,775.42,Expense
2021-01-21,Support booking premium gross weekly plan business.,Shopping,1692.27,Expense
2021-01-21,Contract service internet digital special water digital.,Travel,1171.07,Expense
2021-01-21,Discount deposit pharmacy material bill net mortgage.,Salary,816.84,Income
2021-01-21,Pharmacy deal delivery bus mall transfer equipment.,Rent,1136.85,Expense
2021-01-21,Charge tools monthly interest support debit.,Investment,817.81,Income
2021-01-22,Delivery interest net.,Food & Drink,906.66,Expense
2021-01-22,Parking restaurant package household economy total discount.,Other,3812.49,Income
2021-01-22,Business debit.,Other,1975.52,Income
2021-01-23,Invoice travel renewal project.,Travel,1256.36,Expense
2021-01-23,Entertainment health tools interest electricity personal hotel.,Entertainment,472.14,Expense
2021-01-23,Annual standard.,Shopping,1249.47,Expense
2021-01-23,Transfer gym tools household.,Travel,527.52,Expense
2021-01-23,Hotel flight.,Rent,1238.74,Expense
2021-01-23,Market daily.,Rent,719.9,Expense
2021-01-23,App special adjustment parking.,Shopping,627.37,Expense
2021-01-23,Credit network payment hardware bus.,Travel,625.86,Expense
2021-01-23,Premium charge tools fee.,Shopping,1094.6,Expense
2021-01-23,Charge credit plan gym store.,Investment,1556.18,Income
2021-01-23,Weekly grocery equipment pending food plan.,Salary,221.29,Income
2021-01-23,Delivery order app charge maintenance salary tools.,Food & Drink,557.33,Expense
2021-01-24,Total loan monthly salary freelance hotel.,Utilities,1553.72,Expense
2021-01-24,Suffer economy play.,Other,1620.0,Income
2021-01-24,Tools standard advance automatic standard.,Other,1759.11,Income
2021-01-24,Priority charge health automatic phone.,Food & Drink,483.23,Expense
2021-01-24,Health internet loan insurance bill bus phone.,Other,2766.54,Income
2021-01-25,Budget express.,Food & Drink,1463.71,Expense
2021-01-25,Fuel client personal platform.,Food & Drink,1262.43,Expense
2021-01-26,By field move.,Food & Drink,624.78,Expense
2021-01-26,Restaurant taxi business taxi.,Investment,1137.83,Income
2021-01-26,Total plan purchase subscription taxi internet savings.,Shopping,1100.86,Expense
2021-01-27,Option oil commercial.,Health & Fitness,1467.4,Expense
2021-01-27,Purchase deposit hospital hotel pending processed project.,Travel,766.51,Expense
2021-01-27,Nation politics few each southern.,Health & Fitness,1066.4,Expense
2021-01-27,Short indicate police.,Utilities,409.58,Expense
2021-01-27,American tell ball we side.,Other,3176.0,Income
2021-01-27,Shop priority parking app insurance electricity gross.,Health & Fitness,1081.0,Expense
2021-01-27,Delivery tax renewal online.,Shopping,1782.81,Expense
2021-01-27,Subscription platform.,Rent,1172.77,Expense
2021-01-28,Account digital store credit market phone.,Health & Fitness,476.25,Expense
2021-01-28,Deal advance hardware economy discount.,Health & Fitness,622.62,Expense
2021-01-28,Health food renewal direct.,Shopping,678.15,Expense
2021-01-28,Tax personal weekly market shop.,Salary,1513.29,Income
2021-01-28,Weekly investment net bonus booking.,Food & Drink,1308.27,Expense
2021-01-29,Law read citizen.,Utilities,521.37,Expense
2021-01-29,Booking invoice project renewal mall bus.,Utilities,695.19,Expense
2021-01-29,Store deal grocery hardware mortgage.,Rent,1853.08,Expense
2021-01-29,Shop subscription deal.,Investment,1883.86,Income
2021-01-29,Mall credit.,Shopping,470.56,Expense
2021-01-29,Balance savings premium tax payment.,Health & Fitness,1834.69,Expense
2021-01-29,Hospital digital payment annual app.,Utilities,1211.27,Expense
2021-01-29,Equipment hospital taxi travel premium daily electricity.,Health & Fitness,467.82,Expense
2021-01-30,Direct bonus express vendor plan.,Shopping,1854.61,Expense
2021-01-30,Debit store reward parking management food.,Rent,1307.57,Expense
2021-01-30,Purchase household entertainment loan.,Rent,1002.44,Expense
2021-01-31,Shop savings maintenance clinic budget management clinic.,Rent,1363.89,Expense
2021-01-31,System water financial total.,Utilities,356.06,Expense
2021-01-31,Client discount material financial transfer.,Travel,777.35,Expense
2021-01-31,Project weekly bus standard.,Shopping,1590.51,Expense
2021-01-31,Bus charge standard vendor.,Health & Fitness,1021.86,Expense
2021-02-01,Total discount package invoice.,Entertainment,1505.84,Expense
2021-02-01,Investment economy train tools account parking.,Entertainment,1232.32,Expense
2021-02-01,Hotel annual pending.,Health & Fitness,579.18,Expense
2021-02-01,Standard annual payment loan.,Rent,893.89,Expense
2021-02-01,Material system credit economy.,Rent,496.37,Expense
2021-02-02,Deposit project purchase tools.,Rent,569.08,Expense
2021-02-02,Processed support standard.,Investment,3364.19,Income
2021-02-02,Less future century technology.,Salary,1935.09,Income
2021-02-02,Utility tax material gross.,Travel,1030.96,Expense
2021-02-02,Booking bill market entertainment.,Salary,921.79,Income
2021-02-03,Automatic pharmacy transfer management mortgage reward.,Health & Fitness,1415.29,Expense
2021-02-03,Order deposit parking adjustment debit tools mortgage.,Utilities,1075.63,Expense
2021-02-03,App bill management savings annual entertainment.,Travel,917.23,Expense
2021-02-03,Payment app fuel hardware.,Investment,3408.21,Income
2021-02-03,Gym direct delivery processed premium purchase fee.,Food & Drink,1152.48,Expense
2021-02-03,Balance utility vendor food.,Salary,1523.97,Income
2021-02-03,Hospital taxi bill special maintenance.,Entertainment,1635.66,Expense
2021-02-03,Charge water freelance bus vendor pending.,Entertainment,437.03,Expense
2021-02-03,Loan flight.,Rent,1708.87,Expense
2021-02-03,Personal gym express.,Rent,1916.46,Expense
2021-02-04,Equipment material tax mall market pharmacy invoice.,Investment,2689.61,Income
2021-02-04,Economy invoice flight.,Food & Drink,854.63,Expense
2021-02-04,Net account taxi.,Food & Drink,1848.02,Expense
2021-02-04,Financial health market parking payment balance deal.,Travel,682.72,Expense
2021-02-04,Store net.,Travel,1137.18,Expense
2021-02-05,Hardware tools store.,Health & Fitness,457.26,Expense
2021-02-05,Mortgage net.,Shopping,1156.12,Expense
2021-02-05,Maintenance payment.,Investment,2652.49,Income
2021-02-05,Wish candidate have no.,Health & Fitness,1610.42,Expense
2021-02-05,Letter environment easy.,Rent,290.11,Expense
2021-02-05,Digital monthly gross.,Shopping,1291.24,Expense
2021-02-06,Network charge phone platform invoice.,Health & Fitness,1935.09,Expense
2021-02-06,Direct salary.,Health & Fitness,506.86,Expense
2021-02-06,Charge internet material flight.,Salary,1946.31,Income
2021-02-06,Online insurance hardware phone bonus.,Rent,1403.8,Expense
2021-02-06,Shop special reward credit charge savings.,Investment,2308.06,Income
2021-02-07,Train advance.,Other,1068.85,Income
2021-02-07,Standard flight delivery premium bonus.,Shopping,1697.78,Expense
2021-02-07,Subscription invoice app economy renewal.,Shopping,507.05,Expense
2021-02-07,Internet project platform payment.,Travel,1830.52,Expense
2021-02-08,Account fee taxi.,Investment,2063.51,Income
2021-02-08,Face his.,Shopping,1934.87,Expense
2021-02-08,While total spend.,Health & Fitness,189.7,Expense
2021-02-08,Net pending automatic bus.,Travel,424.38,Expense
2021-02-08,Standard subscription hotel.,Travel,1102.31,Expense
2021-02-09,Tax deal management material internet hardware household.,Other,2571.37,Income
2021-02-09,Couple city you level.,Travel,1077.78,Expense
2021-02-09,Age war measure whom.,Travel,1173.27,Expense
2021-02-09,Interest flight app.,Salary,707.57,Income
2021-02-09,Hospital phone transfer equipment business balance pharmacy.,Travel,1695.59,Expense
2021-02-09,Hospital booking special utility discount phone vendor.,Health & Fitness,1794.92,Expense
2021-02-09,Package software pharmacy.,Food & Drink,1719.67,Expense
2021-02-10,Tools mortgage priority contract loan transfer loan.,Entertainment,1242.95,Expense
2021-02-10,Regular net gross market purchase renewal special.,Food & Drink,1445.4,Expense
2021-02-10,Charge economy credit tools fuel material.,Utilities,917.9,Expense
2021-02-10,Equipment clinic client fuel train.,Utilities,1546.11,Expense
2021-02-10,Software client.,Investment,3310.14,Income
2021-02-10,Priority fee.,Other,3541.53,Income
2021-02-10,Debit priority.,Shopping,1504.0,Expense
2021-02-10,Pending loan annual advance mall booking balance.,Health & Fitness,395.77,Expense
2021-02-11,Weekly renewal.,Utilities,1070.96,Expense
2021-02-11,Tools gym deposit.,Salary,1164.8,Income
2021-02-11,Priority investment train direct service market credit.,Entertainment,1009.37,Expense
2021-02-11,Mr suggest issue.,Food & Drink,1242.9,Expense
2021-02-11,Good anything manager think pressure.,Health & Fitness,225.61,Expense
2021-02-11,Invoice transfer payment.,Shopping,1147.76,Expense
2021-02-11,Savings gross renewal water internet.,Travel,1713.36,Expense
2021-02-11,Adjustment tax shop.,Entertainment,1115.16,Expense
2021-02-12,Delivery loan financial economy net personal.,Utilities,964.52,Expense
2021-02-12,Tools economy savings.,Health & Fitness,1524.08,Expense
2021-02-12,Adjustment network software processed mall renewal gym.,Entertainment,878.41,Expense
2021-02-12,Purchase monthly.,Food & Drink,1116.85,Expense
2021-02-12,Order parking order shop vendor fee mall.,Salary,762.62,Income
2021-02-12,Total bus contract tax.,Health & Fitness,1305.28,Expense
2021-02-13,Credit travel service balance order hospital.,Rent,1427.95,Expense
2021-02-13,Material invoice processed regular.,Salary,1396.22,Income
2021-02-13,Train taxi train credit.,Shopping,796.83,Expense
2021-02-13,Shake hand hundred now.,Health & Fitness,1831.36,Expense
2021-02-13,Subscription payment renewal gym restaurant.,Investment,2491.15,Income
2021-02-13,Flight deposit daily vendor taxi savings.,Travel,1970.6,Expense
2021-02-13,Gross freelance digital insurance deposit.,Investment,2961.95,Income
2021-02-14,Support restaurant pharmacy processed subscription investment.,Shopping,1206.59,Expense
2021-02-14,Package household hardware project weekly debit.,Salary,1689.17,Income
2021-02-14,Freelance service weekly clinic shop electricity bus.,Utilities,1606.98,Expense
2021-02-15,Clinic advance account.,Food & Drink,1470.44,Expense
2021-02-15,Software interest maintenance vendor transfer credit.,Rent,253.93,Expense
2021-02-15,Booking tax advance travel transfer.,Health & Fitness,825.99,Expense
2021-02-15,Processed annual clinic online app system client.,Entertainment,1221.35,Expense
2021-02-16,Network available mean share.,Rent,1274.45,Expense
2021-02-16,Business standard order client app restaurant processed.,Shopping,1438.44,Expense
2021-02-17,Direct software booking charge.,Salary,1019.26,Income
2021-02-17,Special flight.,Travel,1769.82,Expense
2021-02-17,Phone gym subscription.,Investment,2831.76,Income
2021-02-18,Quite budget window hour some.,Travel,1301.99,Expense
2021-02-18,Balance maintenance mortgage.,Salary,1440.68,Income
2021-02-18,App special tax mortgage.,Rent,1068.86,Expense
2021-02-18,Train parking service.,Investment,2071.6,Income
2021-02-18,Weekly personal.,Other,2405.76,Income
2021-02-18,Package savings.,Investment,1049.82,Income
2021-02-18,Payment freelance clinic.,Rent,1286.96,Expense
2021-02-19,Weekly pending invoice balance utility.,Food & Drink,113.53,Expense
2021-02-19,Discount service subscription.,Entertainment,1062.59,Expense
2021-02-19,Voice sense current meeting matter.,Investment,804.0,Income
2021-02-20,Total market economy mall store.,Entertainment,248.86,Expense
2021-02-20,Case four.,Salary,241.08,Income
2021-02-21,Utility bonus gym restaurant hardware clinic bonus.,Entertainment,527.11,Expense
2021-02-21,Express maintenance gross package.,Shopping,1426.53,Expense
2021-02-21,Internet electricity loan.,Investment,1654.21,Income
2021-02-21,Hotel hospital travel shop.,Rent,657.59,Expense
2021-02-21,Lead paper middle foreign party.,Utilities,783.41,Expense
2021-02-22,Network monthly insurance shop.,Food & Drink,481.0,Expense
2021-02-22,Regular debit network renewal.,Salary,1211.7,Income
2021-02-22,Household fuel electricity.,Shopping,212.07,Expense
2021-02-22,Loan online system pharmacy.,Entertainment,1588.88,Expense
2021-02-22,Interest online health loan equipment adjustment.,Health & Fitness,641.6,Expense
2021-02-22,Transfer clinic fuel standard credit.,Investment,2533.68,Income
2021-02-23,Delivery app express transfer automatic loan entertainment.,Rent,732.63,Expense
2021-02-23,Premium utility travel mortgage travel plan renewal.,Travel,1077.96,Expense
2021-02-23,Loan tools investment reward priority reward management.,Food & Drink,1481.16,Expense
2021-02-23,Project food annual express personal.,Utilities,194.58,Expense
2021-02-23,Wrong school federal from.,Shopping,1178.81,Expense
2021-02-23,Gym investment equipment project.,Investment,2386.67,Income
2021-02-23,Credit tools internet premium system entertainment.,Rent,579.69,Expense
2021-02-24,Water shop shop hospital parking service.,Health & Fitness,1063.89,Expense
2021-02-24,Subscription payment transfer.,Investment,854.76,Income
2021-02-24,Subscription clinic utility booking balance transfer entertainment.,Other,3833.45,Income
2021-02-24,Management material network insurance package annual booking.,Entertainment,562.91,Expense
2021-02-24,Majority none little admit former.,Shopping,1313.29,Expense
2021-02-24,Insurance charge app fee pharmacy.,Utilities,1664.85,Expense
2021-02-24,Discount vendor.,Travel,776.87,Expense
2021-02-24,Invoice processed taxi phone.,Travel,490.99,Expense
2021-02-24,Vendor parking material.,Entertainment,582.32,Expense
2021-02-25,Delivery plan shop annual express express insurance.,Travel,1600.55,Expense
2021-02-25,Water financial train material health shop market.,Travel,811.64,Expense
2021-02-25,Taxi hospital advance fee gross booking savings.,Investment,4325.43,Income
2021-02-26,Freelance hotel financial food.,Utilities,552.35,Expense
2021-02-26,Automatic tax hardware project tools debit utility.,Travel,704.44,Expense
2021-02-26,Debit pharmacy.,Shopping,632.17,Expense
2021-02-26,Tools internet hospital shop processed direct mortgage.,Health & Fitness,1994.46,Expense
2021-02-26,Deposit order fee standard water flight.,Rent,588.18,Expense
2021-02-26,Internet budget mortgage clinic mortgage.,Utilities,362.8,Expense
2021-02-26,Discount clinic bonus gross market.,Investment,2942.03,Income
2021-02-27,Taxi debit.,Investment,2879.22,Income
2021-02-27,On someone rise read.,Shopping,1878.72,Expense
2021-02-27,Purchase savings hardware flight.,Utilities,1791.8,Expense
2021-02-27,Bill grocery maintenance economy internet.,Salary,1708.37,Income
2021-02-27,Management purchase gym.,Health & Fitness,658.54,Expense
2021-02-27,Clinic direct discount payment budget.,Health & Fitness,825.99,Expense
2021-02-28,Salary investment booking regular credit.,Salary,945.34,Income
2021-02-28,Annual tax bus software material hardware.,Food & Drink,1694.74,Expense
2021-02-28,Processed clinic electricity regular.,Shopping,1478.66,Expense
2021-02-28,Personal tools.,Travel,1617.61,Expense
2021-02-28,Delivery electricity.,Utilities,840.87,Expense
2021-02-28,Listen whose situation simply officer.,Health & Fitness,442.37,Expense
2021-03-01,Bill debit travel automatic business.,Other,4723.82,Income
2021-03-01,Deal subscription tools payment.,Travel,1622.0,Expense
2021-03-01,Internet taxi maintenance deposit.,Shopping,1159.97,Expense
2021-03-01,Premium package invoice digital internet transfer.,Food & Drink,1355.23,Expense
2021-03-01,Delivery business flight water shop.,Other,4645.15,Income
2021-03-01,Tools plan household.,Food & Drink,817.46,Expense
2021-03-01,Adjustment renewal.,Utilities,828.85,Expense
2021-03-02,Salary bonus clinic credit online.,Food & Drink,1394.47,Expense
2021-03-02,Clinic total deal invoice equipment.,Salary,998.59,Income
2021-03-02,Lose modern return simple herself.,Entertainment,1712.35,Expense
2021-03-02,Subscription contract order contract package management platform.,Entertainment,1164.3,Expense
2021-03-02,Annual platform restaurant order package fuel deposit.,Food & Drink,646.26,Expense
2021-03-02,Online special entertainment salary store.,Health & Fitness,1087.75,Expense
2021-03-02,Kid industry.,Health & Fitness,130.49,Expense
2021-03-02,Occur red.,Other,4960.0,Income
2021-03-02,Clinic hotel app.,Rent,725.96,Expense
2021-03-02,Train weekly parking freelance hardware.,Health & Fitness,899.13,Expense
2021-03-02,Purchase credit net.,Salary,1991.12,Income
2021-03-03,Advance deposit.,Food & Drink,1112.26,Expense
2021-03-03,Annual daily priority software.,Travel,742.93,Expense
2021-03-03,Annual entertainment bus gross.,Travel,1186.73,Expense
2021-03-03,Client service maintenance.,Food & Drink,740.08,Expense
2021-03-03,Store savings fee hotel credit health express.,Salary,312.78,Income
2021-03-03,Account daily digital weekly.,Utilities,979.43,Expense
2021-03-03,Express vendor gross.,Food & Drink,843.61,Expense
2021-03-03,Payment household savings business processed.,Entertainment,670.66,Expense
2021-03-04,Payment bus loan booking utility.,Investment,2121.36,Income
2021-03-04,Direct bonus loan hotel.,Rent,1082.08,Expense
2021-03-04,Improve simple turn.,Rent,1898.53,Expense
2021-03-04,Project weekly platform.,Food & Drink,899.92,Expense
2021-03-04,Special direct interest.,Food & Drink,1540.87,Expense
2021-03-04,Loan online mortgage special water equipment credit.,Rent,1083.58,Expense
2021-03-04,Transfer tax invoice bus gross hardware insurance.,Salary,243.02,Income
2021-03-04,Clinic clinic standard app deal account monthly.,Rent,467.14,Expense
2021-03-04,Charge hardware.,Salary,329.82,Income
2021-03-05,Maintenance internet entertainment freelance water express.,Salary,1876.14,Income
2021-03-05,System financial material support delivery maintenance.,Food & Drink,1096.66,Expense
2021-03-05,Heavy what least mouth national.,Food & Drink,110.65,Expense
2021-03-05,Million night your.,Rent,1328.91,Expense
2021-03-05,Digital charge project net mortgage deposit software.,Health & Fitness,1507.21,Expense
2021-03-05,Investment premium.,Shopping,1016.98,Expense
2021-03-05,Deal payment subscription grocery travel grocery.,Salary,828.7,Income
2021-03-06,Software gym client mortgage grocery renewal.,Food & Drink,1163.53,Expense
2021-03-06,Order platform bill household.,Entertainment,917.98,Expense
2021-03-06,Management interest interest credit daily adjustment grocery.,Utilities,567.61,Expense
2021-03-06,Regular delivery priority financial hotel shop debit.,Investment,1693.2,Income
2021-03-07,Order subscription annual pending train parking.,Food & Drink,839.9,Expense
2021-03-07,Pending gym direct deposit restaurant water.,Entertainment,1044.62,Expense
2021-03-07,Machine whatever everything fear walk.,Utilities,1576.09,Expense
2021-03-07,Platform restaurant investment economy network client.,Shopping,203.08,Expense
2021-03-07,Relate real major.,Entertainment,1176.9,Expense
2021-03-07,Mall payment.,Health & Fitness,828.38,Expense
2021-03-07,Savings bonus plan adjustment package.,Health & Fitness,1532.79,Expense
2021-03-07,Taxi utility.,Salary,892.49,Income
2021-03-07,Client parking premium software delivery.,Travel,725.0,Expense
2021-03-07,Premium household.,Shopping,793.54,Expense
2021-03-07,Insurance project store delivery processed.,Other,2239.38,Income
2021-03-07,Shop net support weekly.,Shopping,505.49,Expense
2021-03-07,Pending train grocery contract balance.,Other,2731.19,Income
2021-03-08,Platform app deposit tax shop regular.,Salary,1977.58,Income
2021-03-08,Weekly app payment train personal mall standard.,Rent,1471.06,Expense
2021-03-08,Budget interest app gym plan parking.,Utilities,1076.26,Expense
2021-03-08,Night various return explain.,Entertainment,663.83,Expense
2021-03-08,Project annual.,Health & Fitness,919.53,Expense
2021-03-08,Express processed renewal.,Travel,1176.38,Expense
2021-03-09,Train subscription annual.,Salary,1248.02,Income
2021-03-09,Mortgage package platform reward package.,Investment,3682.58,Income
2021-03-09,Explain research.,Utilities,1975.18,Expense
2021-03-09,Here woman stand west source.,Investment,2771.0,Income
2021-03-09,Renewal train gross.,Other,1006.5,Income
2021-03-09,Financial train.,Other,3613.07,Income
2021-03-09,Bonus express hospital material food.,Health & Fitness,1493.75,Expense
2021-03-09,Net reward equipment train savings deal financial.,Salary,600.14,Income
2021-03-10,Hotel net.,Utilities,1383.96,Expense
2021-03-10,Entertainment account travel.,Shopping,649.11,Expense
2021-03-10,Platform fee package direct.,Salary,1055.67,Income
2021-03-10,Budget platform food reward.,Investment,4093.83,Income
2021-03-10,Platform fee transfer support equipment salary.,Utilities,135.42,Expense
2021-03-10,Pretty section degree still.,Utilities,228.75,Expense
2021-03-10,Savings tools gym.,Health & Fitness,824.01,Expense
2021-03-11,Insurance platform market delivery invoice maintenance.,Other,4475.38,Income
2021-03-11,System food hardware express order.,Health & Fitness,1279.66,Expense
2021-03-11,Train automatic.,Utilities,1057.81,Expense
2021-03-11,Vendor system net water management investment economy.,Entertainment,1555.9,Expense
2021-03-11,Adjustment water.,Travel,79.34,Expense
2021-03-11,Express budget subscription delivery train.,Salary,794.79,Income
2021-03-11,Project total client package balance.,Investment,3593.39,Income
2021-03-11,Flight savings invoice freelance special bus.,Food & Drink,576.27,Expense
2021-03-12,Automatic transfer payment.,Food & Drink,1144.55,Expense
2021-03-12,Package package mall electricity.,Rent,440.53,Expense
2021-03-12,Hospital total vendor automatic.,Salary,1103.84,Income
2021-03-12,Receive case past only drug.,Utilities,39.57,Expense
2021-03-12,Water direct health.,Shopping,99.11,Expense
2021-03-12,Loan loan project store platform business.,Travel,1286.64,Expense
2021-03-12,Gross package delivery premium system.,Salary,340.52,Income
2021-03-12,Order project gross.,Salary,1007.24,Income
2021-03-12,Vendor order parking tools reward special.,Investment,3288.97,Income
2021-03-13,Market network mall daily client.,Shopping,1700.18,Expense
2021-03-13,Delivery payment project weekly grocery network phone.,Health & Fitness,1002.08,Expense
2021-03-13,Weekly mall delivery insurance.,Rent,497.13,Expense
2021-03-13,Business subscription market store market plan network.,Other,4222.6,Income
2021-03-13,Taxi plan business service contract budget.,Travel,1887.01,Expense
2021-03-13,Fuel net fee mortgage travel purchase personal.,Entertainment,1207.16,Expense
2021-03-13,Bill vendor insurance taxi service.,Rent,1164.4,Expense
2021-03-14,Business travel online account direct fuel order.,Utilities,1270.46,Expense
2021-03-14,Express investment client.,Salary,680.41,Income
2021-03-14,Bill direct.,Entertainment,1089.47,Expense
2021-03-14,Discount travel hardware.,Food & Drink,1290.82,Expense
2021-03-14,Hospital charge service mortgage balance.,Health & Fitness,1167.84,Expense
2021-03-14,Mortgage platform deposit express client vendor.,Rent,1490.87,Expense
2021-03-14,Transfer invoice interest debit transfer investment.,Utilities,690.82,Expense
2021-03-15,Shop salary renewal pending direct.,Shopping,774.79,Expense
2021-03-15,Point appear including.,Entertainment,1181.82,Expense
2021-03-15,Travel digital purchase parking net.,Salary,1261.14,Income
2021-03-15,Automatic service parking account.,Shopping,146.5,Expense
2021-03-15,Client material tax.,Utilities,406.49,Expense
2021-03-15,Hardware priority salary annual digital utility online.,Investment,3001.98,Income
2021-03-15,Electricity entertainment mortgage advance train.,Food & Drink,1252.74,Expense
2021-03-15,Race case.,Other,929.0,Income
2021-03-16,Travel salary pharmacy taxi project salary bus.,Food & Drink,922.91,Expense
2021-03-16,Imagine various there.,Other,4809.0,Income
2021-03-16,Phone tools discount standard.,Investment,2495.8,Income
2021-03-16,Booking fuel pharmacy household plan investment.,Salary,987.07,Income
2021-03-16,Total economy pending train balance balance taxi.,Utilities,1120.87,Expense
2021-03-16,Sense expert experience.,Investment,4401.0,Income
2021-03-16,Freelance plan.,Food & Drink,937.79,Expense
2021-03-17,Material payment credit food interest.,Rent,402.72,Expense
2021-03-17,Invoice internet.,Food & Drink,568.03,Expense
2021-03-17,Processed total charge personal debit.,Salary,1845.46,Income
2021-03-17,Budget standard premium.,Other,2994.69,Income
2021-03-17,Balance pending mall special.,Entertainment,131.95,Expense
2021-03-17,Present discussion.,Health & Fitness,1031.34,Expense
2021-03-17,Individual study value.,Investment,855.0,Income
2021-03-18,Health weekly delivery digital vendor.,Rent,1159.39,Expense
2021-03-18,Total food weekly.,Utilities,615.72,Expense
2021-03-18,Small control see the.,Travel,921.5,Expense
2021-03-19,Subscription system premium maintenance travel personal platform.,Health & Fitness,573.25,Expense
2021-03-19,Total parking premium mortgage debit.,Shopping,1138.73,Expense
2021-03-19,Subscription direct hospital flight financial fee financial.,Other,4178.65,Income
2021-03-19,Across nothing.,Food & Drink,1997.19,Expense
2021-03-19,Household order total mortgage hardware standard.,Health & Fitness,359.46,Expense
2021-03-20,Pharmacy mortgage.,Entertainment,324.63,Expense
2021-03-20,Expect writer myself management.,Shopping,1375.33,Expense
2021-03-20,Deal material.,Food & Drink,1454.4,Expense
2021-03-20,Tools deposit clinic.,Entertainment,1479.94,Expense
2021-03-20,Net economy system parking hotel tools.,Entertainment,1564.18,Expense
2021-03-21,Digital online invoice electricity adjustment.,Health & Fitness,1621.65,Expense
2021-03-21,Life cover both class.,Salary,156.25,Income
2021-03-21,Food water pending software hotel invoice direct.,Investment,2697.49,Income
2021-03-21,Restaurant food.,Investment,2954.07,Income
2021-03-21,Order advance food.,Entertainment,190.89,Expense
2021-03-21,Hotel purchase transfer booking delivery utility.,Health & Fitness,541.11,Expense
2021-03-21,Digital support purchase invoice vendor hospital client.,Shopping,374.09,Expense
2021-03-21,Online health.,Entertainment,510.13,Expense
2021-03-22,Discount purchase.,Other,2506.82,Income
2021-03-22,Train phone electricity charge household support.,Food & Drink,1341.19,Expense
2021-03-22,Grocery online package.,Entertainment,1397.53,Expense
2021-03-22,Foreign husband believe word local.,Travel,912.89,Expense
2021-03-22,Purpose cover particularly police if.,Other,3620.0,Income
2021-03-22,Responsibility add front.,Investment,1038.0,Income
2021-03-23,Few reveal activity president.,Investment,4023.0,Income
2021-03-23,End dog.,Rent,1588.26,Expense
2021-03-23,Direct account order.,Food & Drink,1156.99,Expense
2021-03-23,Phone purchase online.,Rent,906.51,Expense
2021-03-24,Electricity restaurant.,Rent,1265.04,Expense
2021-03-24,Savings health.,Health & Fitness,1123.93,Expense
2021-03-24,Property let.,Entertainment,833.49,Expense
2021-03-24,Purchase advance internet insurance interest mortgage delivery.,Food & Drink,906.96,Expense
2021-03-24,Personal support fuel.,Entertainment,1896.73,Expense
2021-03-24,Fuel debit delivery.,Investment,1730.74,Income
2021-03-24,Platform market personal entertainment net pharmacy.,Travel,960.77,Expense
2021-03-24,Digital vendor bus pharmacy.,Health & Fitness,1183.73,Expense
2021-03-24,Booking savings grocery.,Rent,986.32,Expense
2021-03-24,Tax financial package phone salary total interest.,Food & Drink,1084.77,Expense
2021-03-25,Platform support.,Rent,1157.53,Expense
2021-03-25,Rather type thousand show.,Shopping,837.82,Expense
2021-03-25,Platform insurance regular bus clinic purchase.,Shopping,1001.82,Expense
2021-03-25,Daily reward market travel management adjustment.,Utilities,1359.29,Expense
2021-03-25,Automatic health pending credit.,Rent,653.55,Expense
2021-03-25,Payment booking.,Investment,2791.92,Income
2021-03-26,Utility train water.,Food & Drink,1756.53,Expense
2021-03-26,Happen determine whatever.,Other,3060.0,Income
2021-03-26,Digital shop.,Entertainment,127.76,Expense
2021-03-27,Entertainment parking bonus charge renewal.,Food & Drink,1806.86,Expense
2021-03-27,Total software fuel digital reward internet credit.,Other,3318.37,Income
2021-03-27,Utility support daily travel.,Rent,443.93,Expense
2021-03-27,Lawyer writer health.,Health & Fitness,1907.65,Expense
2021-03-27,Transfer payment.,Utilities,1449.45,Expense
2021-03-27,Premium travel payment online budget.,Investment,4068.22,Income
2021-03-27,Phone train platform material freelance bus subscription.,Rent,1020.14,Expense
2021-03-27,Online clinic daily.,Other,2599.71,Income
2021-03-27,Tax utility.,Other,1843.74,Income
2021-03-28,Account fee discount budget daily.,Salary,300.76,Income
2021-03-28,Household package priority train.,Health & Fitness,960.39,Expense
2021-03-28,Serious soon stay seven.,Salary,143.6,Income
2021-03-29,Interest hardware internet project store transfer hospital.,Travel,528.29,Expense
2021-03-29,Purchase pending plan restaurant order store account.,Shopping,1743.99,Expense
2021-03-29,Business parking hotel.,Rent,851.95,Expense
2021-03-29,Land region back nor article.,Rent,869.43,Expense
2021-03-29,Freelance salary.,Rent,1126.97,Expense
2021-03-29,Debit loan food deposit subscription software.,Food & Drink,663.3,Expense
2021-03-29,Bill deal.,Health & Fitness,1127.12,Expense
2021-03-30,Phone daily special digital charge.,Rent,420.13,Expense
2021-03-30,Dark mr clearly take.,Health & Fitness,1625.42,Expense
2021-03-30,Train food daily.,Shopping,1748.28,Expense
2021-03-31,Loan economy daily system phone entertainment travel.,Entertainment,26.2,Expense
2021-03-31,Savings priority renewal mortgage budget.,Rent,1070.28,Expense
2021-03-31,Transfer network.,Shopping,705.34,Expense
2021-03-31,Bus train electricity travel.,Travel,1568.99,Expense
2021-03-31,Management economy transfer vendor investment.,Rent,501.31,Expense
2021-03-31,Clinic reward.,Investment,2522.06,Income
2021-03-31,Tools savings tools health.,Investment,4477.17,Income
2021-04-01,Restaurant discount hardware network tax.,Utilities,1124.52,Expense
2021-04-01,Fuel balance gym premium mortgage premium special.,Shopping,514.85,Expense
2021-04-01,Freelance booking investment discount grocery.,Health & Fitness,884.07,Expense
2021-04-01,Water priority daily.,Food & Drink,1511.55,Expense
2021-04-01,Platform hotel standard parking business taxi.,Rent,1459.69,Expense
2021-04-01,Bus monthly entertainment health loan balance.,Health & Fitness,224.69,Expense
2021-04-01,Quite response.,Health & Fitness,1343.33,Expense
2021-04-01,Economy automatic mortgage pending standard entertainment service.,Salary,122.7,Income
2021-04-01,Pharmacy service freelance automatic parking.,Travel,984.48,Expense
2021-04-02,Vendor monthly balance support renewal equipment discount.,Entertainment,501.45,Expense
2021-04-02,Booking freelance network internet.,Investment,4867.71,Income
2021-04-02,Weekly personal.,Rent,380.19,Expense
2021-04-02,Gross priority.,Entertainment,1216.84,Expense
2021-04-02,System pending tax travel.,Utilities,1675.99,Expense
2021-04-02,Support store regular express fee hardware fuel.,Salary,1468.55,Income
2021-04-02,Grocery credit balance health.,Utilities,850.54,Expense
2021-04-02,Together knowledge.,Shopping,1737.5,Expense
2021-04-03,Automatic travel parking bus vendor.,Food & Drink,1039.59,Expense
2021-04-03,Software taxi online gross debit fee.,Travel,1010.61,Expense
2021-04-03,Management total app client personal bus bonus.,Rent,1235.56,Expense
2021-04-03,Order vendor.,Shopping,447.36,Expense
2021-04-03,Transfer business flight insurance.,Utilities,1419.24,Expense
2021-04-03,Household fuel market investment.,Entertainment,903.76,Expense
2021-04-03,Budget salary charge deposit.,Rent,815.02,Expense
2021-04-03,Grocery system deposit gym budget pharmacy priority.,Travel,1203.37,Expense
2021-04-03,Food credit.,Rent,1301.29,Expense
2021-04-03,Car indeed nor next.,Travel,1204.82,Expense
2021-04-03,How staff.,Entertainment,317.91,Expense
2021-04-03,Authority interest red must art.,Rent,706.73,Expense
2021-04-03,Net gym standard pharmacy contract platform.,Rent,1590.44,Expense
2021-04-04,Train personal grocery.,Health & Fitness,387.98,Expense
2021-04-04,Online advance interest hardware pharmacy.,Entertainment,1083.41,Expense
2021-04-04,Travel tools.,Utilities,308.34,Expense
2021-04-05,Mortgage platform.,Rent,239.15,Expense
2021-04-05,Processed priority contract direct internet insurance.,Rent,43.41,Expense
2021-04-05,Mall utility interest vendor equipment.,Entertainment,616.05,Expense
2021-04-05,Automatic fee utility.,Utilities,997.13,Expense
2021-04-05,Debit transfer gross.,Salary,1235.4,Income
2021-04-05,Digital debit store equipment.,Rent,384.7,Expense
2021-04-06,Interest freelance delivery fuel.,Shopping,1111.6,Expense
2021-04-06,Support hardware premium.,Entertainment,1769.06,Expense
2021-04-06,Order freelance mall renewal salary clinic.,Other,3832.71,Income
2021-04-06,Processed economy daily annual.,Travel,1378.3,Expense
2021-04-07,App fee vendor payment.,Utilities,1554.25,Expense
2021-04-07,Payment automatic app plan adjustment pharmacy.,Travel,1607.14,Expense
2021-04-07,Software net total personal pharmacy economy payment.,Entertainment,636.4,Expense
2021-04-07,Booking project mortgage fee plan travel.,Rent,854.98,Expense
2021-04-07,Tools order entertainment order reward fee.,Health & Fitness,1572.67,Expense
2021-04-07,Premium entertainment.,Food & Drink,1839.06,Expense
2021-04-07,Automatic online net.,Utilities,1227.27,Expense
2021-04-07,Clinic financial health booking monthly booking delivery.,Salary,872.14,Income
2021-04-08,Budget balance delivery phone balance fee transfer.,Entertainment,554.68,Expense
2021-04-08,Year him thank trade.,Shopping,1691.86,Expense
2021-04-08,Utility debit.,Other,2768.68,Income
2021-04-08,Contract debit maintenance order.,Shopping,1276.95,Expense
2021-04-08,All important shoulder she.,Rent,1527.59,Expense
2021-04-09,Monthly order investment.,Other,4063.2,Income
2021-04-09,Radio product.,Food & Drink,1221.9,Expense
2021-04-09,App market payment priority clinic balance transfer.,Investment,1630.82,Income
2021-04-10,Budget shop balance tools automatic order.,Food & Drink,1273.58,Expense
2021-04-10,Invoice app mall gross.,Entertainment,1457.4,Expense
2021-04-10,Water material order processed.,Salary,293.65,Income
2021-04-10,Parking plan project market restaurant water client.,Shopping,1143.06,Expense
2021-04-11,President girl condition.,Travel,67.62,Expense
2021-04-11,Adjustment material market standard market advance regular.,Shopping,1090.97,Expense
2021-04-11,Daily gross client standard pharmacy app internet.,Utilities,936.3,Expense
2021-04-11,Interest flight parking credit charge fuel.,Other,987.83,Income
2021-04-11,More road development about.,Travel,1843.86,Expense
2021-04-11,Account tools direct.,Other,2787.09,Income
2021-04-11,Automatic mall personal.,Salary,1671.0,Income
2021-04-11,Parking grocery.,Rent,1298.7,Expense
2021-04-11,Purchase weekly bonus.,Entertainment,566.54,Expense
2021-04-12,Express weekly investment store project.,Utilities,1085.17,Expense
2021-04-12,Leg rest interest.,Utilities,1741.03,Expense
2021-04-12,Payment annual taxi health travel phone.,Utilities,380.27,Expense
2021-04-12,Invoice utility daily pharmacy mortgage.,Rent,218.41,Expense
2021-04-12,Flight entertainment balance.,Salary,1026.38,Income
2021-04-13,Tools tax.,Investment,4797.03,Income
2021-04-13,Taxi maintenance daily delivery credit tools discount.,Investment,3314.28,Income
2021-04-13,Pending direct adjustment household.,Travel,406.67,Expense
2021-04-13,Easy get every.,Shopping,148.47,Expense
2021-04-13,Travel project discount tax system automatic transfer.,Rent,483.9,Expense
2021-04-13,Maintenance renewal parking.,Rent,802.63,Expense
2021-04-14,Clinic business priority maintenance parking.,Rent,1259.18,Expense
2021-04-14,Travel deposit freelance support.,Salary,921.04,Income
2021-04-14,Pending train grocery restaurant parking support.,Shopping,1348.68,Expense
2021-04-14,Premium health.,Rent,1181.56,Expense
2021-04-14,Freelance annual freelance.,Travel,594.49,Expense
2021-04-14,Debit vendor.,Shopping,1183.59,Expense
2021-04-14,Deposit travel savings package transfer.,Health & Fitness,879.4,Expense
2021-04-14,Regular gross.,Food & Drink,377.87,Expense
2021-04-15,Taxi pending.,Health & Fitness,1184.43,Expense
2021-04-15,System express food network.,Food & Drink,1630.76,Expense
2021-04-15,Contract app gym water.,Entertainment,1242.6,Expense
2021-04-16,Material payment.,Health & Fitness,1877.0,Expense
2021-04-16,Restaurant interest automatic software.,Health & Fitness,982.28,Expense
2021-04-16,Clinic phone personal priority.,Utilities,1400.21,Expense
2021-04-17,Processed direct hospital discount internet.,Salary,938.15,Income
2021-04-17,Entertainment order.,Rent,1177.92,Expense
2021-04-17,Renewal online tools maintenance.,Shopping,765.65,Expense
2021-04-17,Personal material fee pharmacy savings gross.,Travel,1009.09,Expense
2021-04-17,Travel premium special financial.,Food & Drink,1063.18,Expense
2021-04-18,Pending hardware management.,Food & Drink,1258.32,Expense
2021-04-18,Support hardware fee hotel salary.,Travel,1109.51,Expense
2021-04-18,Network support client regular mall phone loan.,Salary,1629.97,Income
2021-04-18,Special information.,Food & Drink,192.6,Expense
2021-04-18,Order tax balance gross management.,Travel,457.44,Expense
2021-04-18,Project client pending investment tools system utility.,Travel,1143.8,Expense
2021-04-18,Annual discount hotel debit insurance grocery clinic.,Shopping,1148.48,Expense
2021-04-19,Scientist i doctor.,Health & Fitness,630.16,Expense
2021-04-19,Regular express renewal special investment.,Shopping,1231.87,Expense
2021-04-19,Five our pull fly few.,Investment,1168.0,Income
2021-04-19,Cell year.,Rent,1767.85,Expense
2021-04-19,Direct platform shop entertainment insurance.,Entertainment,831.8,Expense
2021-04-19,Equipment train account purchase bus.,Entertainment,612.67,Expense
2021-04-19,Personal app direct.,Other,4186.55,Income
2021-04-19,Order business credit.,Rent,469.62,Expense
2021-04-19,Equipment pharmacy daily order annual annual investment.,Travel,487.16,Expense
2021-04-19,Investment hardware balance.,Other,2984.85,Income
2021-04-19,Pending order freelance phone monthly market transfer.,Entertainment,1940.0,Expense
2021-04-19,Deal beyond almost.,Shopping,845.47,Expense
2021-04-20,Gross utility plan reward train digital gross.,Travel,1441.52,Expense
2021-04-20,Deal personal personal advance hardware savings.,Travel,1404.9,Expense
2021-04-20,Savings adjustment.,Salary,791.3,Income
2021-04-20,Taxi client phone support business gym health.,Rent,1233.11,Expense
2021-04-20,Special shop adjustment.,Entertainment,1738.55,Expense
2021-04-21,Client gross standard store household balance.,Salary,1269.43,Income
2021-04-21,Package delivery taxi freelance electricity hotel standard.,Health & Fitness,1704.97,Expense
2021-04-21,Tax equipment restaurant purchase equipment.,Health & Fitness,1901.67,Expense
2021-04-21,Determine feel article we they.,Shopping,976.47,Expense
2021-04-21,Phone project.,Other,2709.35,Income
2021-04-22,Business hardware electricity online.,Other,697.32,Income
2021-04-22,Pending maintenance store.,Investment,1988.51,Income
2021-04-22,Network mall loan.,Travel,1494.81,Expense
2021-04-23,Platform restaurant deposit travel.,Travel,666.71,Expense
2021-04-23,Automatic total.,Health & Fitness,1893.27,Expense
2021-04-23,Electricity budget.,Entertainment,965.76,Expense
2021-04-23,Health deal maintenance deposit.,Health & Fitness,1323.21,Expense
2021-04-23,Loan order regular.,Food & Drink,692.47,Expense
2021-04-23,Weekly household gym app.,Rent,571.57,Expense
2021-04-23,Client freelance fuel health reward deposit.,Travel,602.79,Expense
2021-04-23,Network material weekly.,Rent,1143.15,Expense
2021-04-23,Five indicate chance heavy senior.,Health & Fitness,865.53,Expense
2021-04-23,Phone total.,Salary,1051.55,Income
2021-04-23,Quickly new another general poor.,Travel,438.98,Expense
2021-04-24,Total subscription internet maintenance market.,Salary,1355.37,Income
2021-04-24,Support feeling remain.,Salary,1058.6,Income
2021-04-24,Premium salary salary special tax pending.,Travel,1535.81,Expense
2021-04-24,Economy premium restaurant store investment subscription fuel.,Shopping,1314.53,Expense
2021-04-24,Maintenance annual priority.,Travel,1199.37,Expense
2021-04-24,Market bus.,Shopping,671.97,Expense
2021-04-24,Pending app priority food priority health.,Other,3543.96,Income
2021-04-25,Package personal salary economy weekly.,Health & Fitness,163.83,Expense
2021-04-25,Processed phone.,Health & Fitness,1121.88,Expense
2021-04-25,Adjustment special budget transfer processed.,Shopping,880.49,Expense
2021-04-25,Salary bill support interest.,Health & Fitness,1177.07,Expense
2021-04-25,Network processed standard order net express maintenance.,Food & Drink,1854.78,Expense
2021-04-25,Market annual order direct platform discount.,Investment,3178.26,Income
2021-04-25,Priority market travel subscription.,Entertainment,511.3,Expense
2021-04-25,Payment order.,Shopping,1184.26,Expense
2021-04-25,Gym tools network.,Food & Drink,674.8,Expense
2021-04-25,Maintenance order online grocery.,Travel,102.35,Expense
2021-04-26,Personal monthly financial advance advance.,Shopping,512.53,Expense
2021-04-26,Parking service salary digital utility flight.,Rent,541.68,Expense
2021-04-26,Tools debit budget mortgage train.,Rent,1082.12,Expense
2021-04-26,Shop salary priority utility savings.,Salary,611.34,Income
2021-04-26,Standard bus hospital taxi.,Entertainment,531.76,Expense
2021-04-26,Taxi client flight material household standard booking.,Rent,813.61,Expense
2021-04-26,Bus express savings purchase travel automatic vendor.,Rent,1247.93,Expense
2021-04-26,Special store bus management renewal credit.,Travel,504.15,Expense
2021-04-26,Network material project vendor.,Entertainment,1244.33,Expense
2021-04-27,Special pharmacy balance flight business.,Utilities,1323.53,Expense
2021-04-27,Payment shop net.,Health & Fitness,692.98,Expense
2021-04-27,Hotel deposit daily order water express.,Health & Fitness,56.61,Expense
2021-04-27,Restaurant grocery bonus annual bill network.,Salary,655.09,Income
2021-04-27,None whose.,Entertainment,796.57,Expense
2021-04-27,Bonus support deal adjustment utility electricity platform.,Food & Drink,223.73,Expense
2021-04-27,Movie stop.,Utilities,1530.68,Expense
2021-04-27,Care drug data position two.,Food & Drink,416.8,Expense
2021-04-27,Management weekly package maintenance deposit advance savings.,Entertainment,793.28,Expense
2021-04-28,Gross contract household mall loan vendor grocery.,Shopping,1332.1,Expense
2021-04-28,Train bonus pending budget.,Food & Drink,1389.07,Expense
2021-04-28,Bus software debit.,Rent,885.89,Expense
2021-04-28,Express package platform.,Travel,681.1,Expense
2021-04-28,Hospital project material deal client.,Shopping,1449.44,Expense
2021-04-28,Deal app account.,Rent,1024.74,Expense
2021-04-28,Bus payment business client gym advance total.,Other,2868.83,Income
2021-04-28,Payment booking material.,Salary,1070.0,Income
2021-04-28,Economy deposit pharmacy gym.,Health & Fitness,492.82,Expense
2021-04-28,Project phone.,Investment,2526.99,Income
2021-04-28,Train special.,Shopping,803.11,Expense
2021-04-29,Payment flight advance investment train maintenance adjustment.,Shopping,841.28,Expense
2021-04-29,Purchase deposit bus.,Salary,864.66,Income
2021-04-29,Priority shop.,Shopping,369.5,Expense
2021-04-29,Renewal personal economy loan mall express.,Health & Fitness,1224.53,Expense
2021-04-29,Online regular delivery fuel booking.,Other,2267.03,Income
2021-04-29,Standard annual.,Shopping,935.99,Expense
2021-04-29,Loan personal market premium salary.,Entertainment,611.82,Expense
2021-04-29,Direct gym.,Salary,510.4,Income
2021-04-29,Freelance economy client taxi network grocery online.,Entertainment,1191.87,Expense
2021-04-30,Purchase pharmacy purchase special invoice online discount.,Entertainment,1652.37,Expense
2021-04-30,Payment internet.,Other,1700.85,Income
2021-04-30,Software entertainment mortgage.,Food & Drink,1843.97,Expense
2021-04-30,Help painting always.,Rent,25.38,Expense
2021-04-30,Balance subscription parking pharmacy.,Investment,2724.21,Income
2021-04-30,Flight online financial bill client charge bus.,Utilities,1062.96,Expense
2021-05-01,Flight loan advance bus store.,Utilities,1228.12,Expense
2021-05-01,Digital management.,Salary,1987.47,Income
2021-05-01,Deal personal plan restaurant store health.,Entertainment,1612.14,Expense
2021-05-01,Daily grocery.,Rent,1356.71,Expense
2021-05-01,Processed debit grocery health utility.,Investment,4346.16,Income
2021-05-02,Pending client deposit delivery mall market transfer.,Food & Drink,1477.22,Expense
2021-05-02,Reward vendor material bus.,Food & Drink,733.77,Expense
2021-05-02,Source onto provide.,Utilities,267.08,Expense
2021-05-03,Payment payment network deal contract food.,Utilities,1209.96,Expense
2021-05-03,Net equipment reward.,Rent,449.42,Expense
2021-05-03,Platform shop fee travel internet.,Travel,1430.8,Expense
2021-05-04,Decade trade field training.,Entertainment,1005.52,Expense
2021-05-04,While bring yourself.,Health & Fitness,153.43,Expense
2021-05-04,Premium credit business.,Shopping,878.96,Expense
2021-05-04,Grocery purchase tax monthly restaurant financial health.,Travel,1137.54,Expense
2021-05-04,Store deal client vendor travel savings train.,Investment,4332.88,Income
2021-05-04,Water hotel package system system equipment account.,Utilities,1275.83,Expense
2021-05-05,Project gross mall direct.,Health & Fitness,441.76,Expense
2021-05-05,Travel hardware credit restaurant.,Utilities,505.13,Expense
2021-05-05,Management clinic.,Salary,1233.04,Income
2021-05-05,Entertainment electricity reward regular.,Health & Fitness,960.25,Expense
2021-05-06,Purchase online utility.,Health & Fitness,1927.63,Expense
2021-05-06,Budget business maintenance vendor.,Shopping,697.88,Expense
2021-05-06,Receive region however.,Food & Drink,878.08,Expense
2021-05-06,Freelance investment charge restaurant electricity.,Rent,1267.64,Expense
2021-05-06,Household purchase material debit.,Entertainment,828.38,Expense
2021-05-06,Market savings daily software flight direct.,Investment,858.35,Income
2021-05-06,Pending reward bill special subscription.,Travel,1077.29,Expense
2021-05-06,Travel net flight app taxi.,Entertainment,1494.16,Expense
2021-05-07,Have including none.,Rent,816.01,Expense
2021-05-07,Focus executive letter possible final.,Rent,1725.6,Expense
2021-05-07,Insurance management project automatic vendor business investment.,Food & Drink,1138.51,Expense
2021-05-07,Bonus maintenance internet tools express budget.,Salary,540.86,Income
2021-05-07,Credit regular digital insurance direct automatic parking.,Salary,240.49,Income
2021-05-07,Monthly discount subscription economy.,Entertainment,351.85,Expense
2021-05-07,Third letter sort reveal seven.,Shopping,1421.9,Expense
2021-05-07,Travel direct.,Other,1645.97,Income
2021-05-07,Personal weekly annual bonus software management.,Entertainment,898.15,Expense
2021-05-07,Tax fee processed daily.,Food & Drink,735.12,Expense
2021-05-07,Pharmacy tools financial gym mortgage loan.,Other,2522.41,Income
2021-05-07,Delivery water net tools water management.,Utilities,650.18,Expense
2021-05-08,Plan credit fuel regular special.,Food & Drink,1226.37,Expense
2021-05-08,System equipment deposit freelance internet financial.,Travel,140.06,Expense
2021-05-08,Management express insurance phone loan charge invoice.,Entertainment,546.04,Expense
2021-05-08,Health equipment.,Travel,469.89,Expense
2021-05-08,Client transfer pending.,Shopping,436.95,Expense
2021-05-08,Management booking app.,Entertainment,1506.55,Expense
2021-05-09,Annual clinic.,Travel,1455.39,Expense
2021-05-09,Insurance fee food balance credit fuel.,Food & Drink,796.08,Expense
2021-05-09,Package fee credit contract grocery restaurant.,Salary,1125.02,Income
2021-05-10,Pending hotel hospital total freelance.,Shopping,1244.44,Expense
2021-05-10,Automatic mall hardware total support daily priority.,Rent,1112.81,Expense
2021-05-10,Deal credit.,Food & Drink,1289.9,Expense
2021-05-10,Administration network once.,Utilities,1604.63,Expense
2021-05-11,Economy platform clinic weekly travel.,Entertainment,1116.1,Expense
2021-05-11,Hardware transfer economy investment automatic.,Shopping,818.02,Expense
2021-05-11,Charge form here.,Health & Fitness,185.38,Expense
2021-05-11,Nearly want front shake.,Entertainment,877.0,Expense
2021-05-11,Special hotel hospital adjustment.,Shopping,1205.6,Expense
2021-05-11,System market material pharmacy priority.,Investment,1149.73,Income
2021-05-11,Credit deposit order budget daily online.,Travel,501.23,Expense
2021-05-12,Entertainment annual.,Investment,505.37,Income
2021-05-12,Digital network entertainment equipment direct weekly.,Food & Drink,393.37,Expense
2021-05-12,Discount loan.,Shopping,385.48,Expense
2021-05-12,Taxi equipment debit.,Travel,757.16,Expense
2021-05-12,Economy deal invoice bus.,Utilities,282.52,Expense
2021-05-12,Service travel investment system software bonus.,Travel,881.17,Expense
2021-05-12,Hotel invoice flight equipment market.,Rent,687.45,Expense
2021-05-12,Leave run goal cause.,Rent,797.58,Expense
2021-05-13,Material hospital express savings restaurant.,Shopping,899.17,Expense
2021-05-13,Service tax water.,Rent,616.63,Expense
2021-05-13,Train discount hotel loan app hotel contract.,Travel,737.51,Expense
2021-05-13,Transfer delivery entertainment store priority payment.,Travel,1718.79,Expense
2021-05-14,Contain threat wrong whatever.,Health & Fitness,450.93,Expense
2021-05-14,Stuff avoid.,Rent,1025.86,Expense
2021-05-14,Mortgage online financial.,Food & Drink,1900.38,Expense
2021-05-14,Clinic automatic store budget insurance.,Utilities,1054.76,Expense
2021-05-14,Annual insurance subscription deposit.,Health & Fitness,1653.95,Expense
2021-05-14,Direct discount regular budget material tax.,Utilities,1314.61,Expense
2021-05-15,Standard bill pharmacy standard bill.,Entertainment,1124.04,Expense
2021-05-15,Advance maintenance investment pending taxi standard.,Food & Drink,885.73,Expense
2021-05-15,Interest premium online vendor.,Rent,1628.82,Expense
2021-05-15,Freelance plan.,Rent,1517.19,Expense
2021-05-15,Bus clinic net special salary standard.,Shopping,37.12,Expense
2021-05-15,Include successful.,Investment,3362.0,Income
2021-05-16,Reward support bonus taxi.,Shopping,433.81,Expense
2021-05-16,Business annual deal investment.,Food & Drink,1495.39,Expense
2021-05-16,Charge plan.,Utilities,578.5,Expense
2021-05-16,Deal pharmacy adjustment.,Investment,3542.01,Income
2021-05-16,Food direct regular material contract.,Other,2948.76,Income
2021-05-17,Budget food.,Food & Drink,720.5,Expense
2021-05-17,Religious across.,Utilities,480.18,Expense
2021-05-17,Health mall booking online monthly phone client.,Other,2903.44,Income
2021-05-17,Package economy annual.,Shopping,1313.68,Expense
2021-05-18,Deposit project monthly payment.,Entertainment,1690.9,Expense
2021-05-18,Monthly delivery fuel flight support invoice.,Entertainment,1111.93,Expense
2021-05-18,Entertainment gym automatic service.,Travel,978.9,Expense
2021-05-18,Debit tax purchase premium support premium.,Investment,2901.98,Income
2021-05-18,System annual express.,Utilities,156.25,Expense
2021-05-19,Flight entertainment client.,Rent,1243.5,Expense
2021-05-19,Plan vendor adjustment personal purchase.,Utilities,1286.8,Expense
2021-05-19,Automatic system total material.,Travel,1184.24,Expense
2021-05-19,System budget train project utility shop.,Travel,1530.71,Expense
2021-05-19,App renewal contract taxi entertainment phone.,Salary,518.57,Income
2021-05-19,Savings store management travel daily.,Health & Fitness,785.47,Expense
2021-05-19,Hospital freelance mortgage standard net tools net.,Utilities,585.15,Expense
2021-05-19,Economy processed budget adjustment phone vendor.,Shopping,1205.55,Expense
2021-05-19,Health pay project pattern.,Investment,1921.0,Income
2021-05-19,Bill priority interest.,Entertainment,519.52,Expense
2021-05-20,Invoice loan bus transfer.,Travel,1359.79,Expense
2021-05-20,Charge charge fuel plan priority vendor app.,Entertainment,1379.03,Expense
2021-05-20,Entertainment plan fee net client monthly maintenance.,Shopping,890.58,Expense
2021-05-20,Automatic bus project account plan economy support.,Shopping,834.05,Expense
2021-05-20,Travel platform household weekly.,Investment,2862.68,Income
2021-05-20,Market platform.,Other,4192.82,Income
2021-05-20,Bill tools weekly advance maintenance food.,Utilities,364.1,Expense
2021-05-20,Contract special client household gym premium tax.,Utilities,607.57,Expense
2021-05-20,Savings network tools entertainment economy food premium.,Travel,382.9,Expense
2021-05-21,Shop fuel.,Entertainment,574.76,Expense
2021-05-21,Support credit freelance bonus.,Shopping,813.01,Expense
2021-05-21,Debit hotel taxi.,Travel,1245.85,Expense
2021-05-21,Advance balance advance mall transfer financial support.,Shopping,1468.47,Expense
2021-05-21,Parking bus digital platform regular direct.,Investment,1361.42,Income
2021-05-21,Project booking management freelance equipment bill debit.,Entertainment,1628.01,Expense
2021-05-21,Package utility net tools.,Health & Fitness,192.75,Expense
2021-05-22,Support shop.,Travel,127.68,Expense
2021-05-22,Interest freelance electricity.,Entertainment,639.39,Expense
2021-05-22,Hotel tax net pharmacy business.,Rent,1141.7,Expense
2021-05-22,Train shop interest financial.,Food & Drink,100.32,Expense
2021-05-22,Administration mother in admit.,Rent,362.52,Expense
2021-05-22,Fee purchase freelance.,Shopping,1040.49,Expense
2021-05-23,Deposit budget food delivery.,Rent,1540.48,Expense
2021-05-23,Freelance interest express business grocery hardware.,Salary,1119.01,Income
2021-05-23,Special advance.,Health & Fitness,942.92,Expense
2021-05-23,Maintenance premium budget mortgage annual mall fee.,Other,3396.95,Income
2021-05-23,Within admit spend purpose south.,Salary,933.27,Income
2021-05-23,Train taxi order package express.,Other,1172.25,Income
2021-05-23,Train health payment special credit.,Shopping,1512.57,Expense
2021-05-23,Interest digital water net software payment.,Investment,2194.23,Income
2021-05-24,Truth modern.,Salary,1365.46,Income
2021-05-24,Financial pharmacy plan deposit subscription.,Salary,181.5,Income
2021-05-24,Train daily budget train bonus interest.,Investment,3447.61,Income
2021-05-24,People education great.,Health & Fitness,1729.85,Expense
2021-05-24,Health image.,Utilities,885.13,Expense
2021-05-25,Wrong difficult range.,Travel,1594.7,Expense
2021-05-25,Client plan digital store.,Entertainment,997.21,Expense
2021-05-25,Entertainment maintenance invoice budget priority.,Health & Fitness,582.97,Expense
2021-05-25,Management credit.,Investment,974.7,Income
2021-05-25,Behavior here.,Health & Fitness,1019.6,Expense
2021-05-25,Household equipment parking.,Travel,1955.24,Expense
2021-05-25,Electricity delivery.,Food & Drink,546.59,Expense
2021-05-25,Tools phone.,Health & Fitness,1344.71,Expense
2021-05-26,Maintenance balance adjustment insurance adjustment grocery annual.,Rent,871.24,Expense
2021-05-26,Salary grocery interest.,Shopping,704.26,Expense
2021-05-26,Daily online payment purchase.,Travel,1077.99,Expense
2021-05-26,Hardware direct app adjustment vendor hotel.,Travel,258.99,Expense
2021-05-27,Management fuel loan fee total mortgage special.,Utilities,195.55,Expense
2021-05-27,Automatic booking daily contract insurance credit.,Utilities,721.76,Expense
2021-05-27,Argue act commercial matter.,Salary,84.84,Income
2021-05-27,Reward flight.,Salary,878.83,Income
2021-05-27,Tools entertainment monthly.,Utilities,458.89,Expense
2021-05-27,Not teach believe month.,Travel,162.69,Expense
2021-05-28,Tax network taxi restaurant.,Utilities,1366.47,Expense
2021-05-28,Standard hardware.,Utilities,124.04,Expense
2021-05-29,Shop priority utility.,Rent,516.53,Expense
2021-05-29,Debit pharmacy credit.,Utilities,739.94,Expense
2021-05-29,Renewal weekly renewal.,Utilities,735.53,Expense
2021-05-29,Store financial parking delivery.,Travel,1467.23,Expense
2021-05-29,Standard service.,Rent,1361.92,Expense
2021-05-29,Payment online special gym network phone pending.,Shopping,1450.59,Expense
2021-05-29,Tax fee store standard business insurance processed.,Food & Drink,367.38,Expense
2021-05-29,Gym processed digital.,Travel,947.16,Expense
2021-05-29,Management gross.,Food & Drink,1119.21,Expense
2021-05-29,Hotel bonus tax weekly delivery restaurant.,Utilities,1319.56,Expense
2021-05-29,Personal client mall system savings contract restaurant.,Entertainment,1408.74,Expense
2021-05-29,Deep test thought.,Rent,1233.87,Expense
2021-05-29,Grocery pending investment.,Rent,828.1,Expense
2021-05-30,Direct flight regular hospital standard management mall.,Travel,1662.61,Expense
2021-05-30,Service bill.,Health & Fitness,652.12,Expense
2021-05-30,Another avoid understand.,Salary,1164.86,Income
2021-05-31,Up federal nor note.,Entertainment,649.84,Expense
2021-05-31,Probably conference sure administration debate.,Food & Drink,904.97,Expense
2021-05-31,Electricity vendor advance.,Entertainment,477.23,Expense
2021-05-31,Hospital economy health financial.,Other,3967.8,Income
2021-06-01,Adjustment daily.,Food & Drink,556.69,Expense
2021-06-01,Business advance salary gross deal.,Travel,537.6,Expense
2021-06-01,Platform restaurant.,Salary,1911.08,Income
2021-06-01,Package freelance.,Travel,1304.44,Expense
2021-06-01,Adjustment flight shop utility platform.,Salary,1832.33,Income
2021-06-01,Household deposit platform.,Entertainment,1136.02,Expense
2021-06-02,Fuel deal platform package.,Salary,587.39,Income
2021-06-02,Direct express contract gym delivery maintenance.,Health & Fitness,865.82,Expense
2021-06-02,Shop net health utility.,Salary,1495.36,Income
2021-06-02,Approach join stuff future.,Health & Fitness,1964.95,Expense
2021-06-02,Management mortgage monthly.,Entertainment,1349.37,Expense
2021-06-02,Bus service net debit network.,Entertainment,1275.59,Expense
2021-06-02,Savings fuel fee clinic.,Food & Drink,928.5,Expense
2021-06-02,Forward sense cause write right.,Utilities,1915.87,Expense
2021-06-03,Plan market subscription pending electricity transfer.,Health & Fitness,776.86,Expense
2021-06-03,Ahead event yeah make.,Investment,820.0,Income
2021-06-03,Personal priority store software annual taxi.,Utilities,147.88,Expense
2021-06-03,Investment train pharmacy pending.,Salary,861.43,Income
2021-06-04,Household app.,Rent,793.7,Expense
2021-06-04,Financial bus debit restaurant fee.,Other,3044.43,Income
2021-06-04,Weekly gross.,Rent,884.04,Expense
2021-06-04,Health service hotel.,Health & Fitness,833.26,Expense
2021-06-04,Store deal pending hardware balance.,Entertainment,1551.48,Expense
2021-06-05,Train service charge mortgage reward.,Other,2498.89,Income
2021-06-05,Salary management bill debit equipment pending.,Entertainment,890.89,Expense
2021-06-05,Order flight tax salary daily grocery package.,Rent,623.57,Expense
2021-06-05,Balance phone.,Salary,837.54,Income
2021-06-05,Monthly mortgage utility regular store regular.,Travel,1156.51,Expense
2021-06-06,Priority business.,Entertainment,769.74,Expense
2021-06-06,Standard total client platform processed.,Investment,2322.97,Income
2021-06-06,Wait it quickly produce beat.,Salary,1982.06,Income
2021-06-06,First blood accept final.,Shopping,823.45,Expense
2021-06-06,Require bank child.,Utilities,734.16,Expense
2021-06-06,Purchase insurance software invoice reward.,Utilities,780.33,Expense
2021-06-06,Advance direct gym.,Rent,1618.46,Expense
2021-06-06,Grocery hardware mall pharmacy charge clinic train.,Entertainment,859.07,Expense
2021-06-07,Equipment pending balance service monthly regular.,Other,3405.7,Income
2021-06-07,Express hotel shop material flight business.,Entertainment,1152.28,Expense
2021-06-07,Savings delivery debit tax insurance.,Other,2516.15,Income
2021-06-07,Flight direct online flight.,Entertainment,1196.37,Expense
2021-06-07,System client debit management premium household direct.,Health & Fitness,632.17,Expense
2021-06-07,Pending deal taxi.,Shopping,970.61,Expense
2021-06-07,Economy weekly net salary.,Travel,741.95,Expense
2021-06-07,Internet order automatic.,Shopping,1306.57,Expense
2021-06-07,Weekly special pending.,Utilities,1356.61,Expense
2021-06-07,Bill regular bonus taxi.,Travel,1439.44,Expense
2021-06-07,Order health advance digital.,Health & Fitness,1190.08,Expense
2021-06-07,Monthly package savings premium.,Health & Fitness,563.75,Expense
2021-06-08,Maintenance app bill deal clinic renewal reward.,Food & Drink,1653.64,Expense
2021-06-08,Entertainment monthly loan travel.,Travel,706.15,Expense
2021-06-08,Monthly debit express.,Rent,1178.36,Expense
2021-06-08,Savings weekly app household support equipment platform.,Investment,3445.7,Income
2021-06-09,Food taxi store charge grocery pharmacy renewal.,Utilities,106.04,Expense
2021-06-09,Hardware support processed processed investment special express.,Other,3368.87,Income
2021-06-09,Direct store store service app freelance bonus.,Utilities,603.73,Expense
2021-06-09,Bill beautiful issue.,Food & Drink,1580.56,Expense
2021-06-10,Pharmacy purchase personal.,Health & Fitness,489.04,Expense
2021-06-10,Pending loan material contract bus personal payment.,Investment,4746.46,Income
2021-06-10,Service special clinic delivery pending special.,Utilities,1914.16,Expense
2021-06-10,Hospital booking deal phone online daily phone.,Other,3402.27,Income
2021-06-11,Network investment.,Utilities,826.19,Expense
2021-06-11,App weekly network invoice internet.,Investment,3195.81,Income
2021-06-11,Activity including single right.,Shopping,575.45,Expense
2021-06-11,Mention billion bed never others.,Rent,666.08,Expense
2021-06-12,Discount household charge advance vendor.,Investment,1157.39,Income
2021-06-12,Total payment priority booking health.,Health & Fitness,1758.56,Expense
2021-06-12,Equipment standard.,Entertainment,325.49,Expense
2021-06-12,Restaurant management fee.,Utilities,485.24,Expense
2021-06-12,Charge loan restaurant restaurant.,Other,2960.53,Income
2021-06-12,Tax pending entertainment gross net.,Travel,431.48,Expense
2021-06-12,Contract tax support project order client personal.,Utilities,748.31,Expense
2021-06-12,Food business material electricity.,Salary,493.72,Income
2021-06-12,Fuel subscription booking.,Entertainment,670.13,Expense
2021-06-12,Tools invoice.,Health & Fitness,914.95,Expense
2021-06-13,Clinic mall bus payment system.,Utilities,1176.19,Expense
2021-06-13,Balance household account processed economy.,Entertainment,1180.35,Expense
2021-06-14,Special maintenance total utility discount.,Salary,685.25,Income
2021-06-14,Occur college herself.,Utilities,673.39,Expense
2021-06-15,Feeling manage as.,Utilities,1834.33,Expense
2021-06-15,Bus plan booking mall deposit.,Entertainment,291.23,Expense
2021-06-15,Interest salary flight water fee priority.,Rent,881.82,Expense
2021-06-16,Purchase tax tools bill tools.,Other,3659.62,Income
2021-06-16,Loan invoice renewal discount.,Other,4248.87,Income
2021-06-16,Inside machine baby.,Shopping,266.61,Expense
2021-06-17,Travel bus account standard entertainment.,Entertainment,1357.33,Expense
2021-06-17,Budget clinic savings daily tools service.,Salary,1079.07,Income
2021-06-17,Discount subscription support.,Utilities,486.52,Expense
2021-06-17,Annual contract subscription interest.,Travel,1536.21,Expense
2021-06-17,Express system.,Travel,829.15,Expense
2021-06-18,Service market net pharmacy invoice taxi electricity.,Entertainment,1089.84,Expense
2021-06-18,Deal client flight debit bonus hospital.,Travel,608.18,Expense
2021-06-18,Fee flight equipment salary bonus support.,Travel,1919.64,Expense
2021-06-18,Hardware household account debit direct household personal.,Investment,1711.47,Income
2021-06-18,Clinic debit bus booking utility.,Utilities,1228.09,Expense
2021-06-19,Order express.,Other,3589.86,Income
2021-06-19,Client monthly monthly pharmacy.,Entertainment,1315.27,Expense
2021-06-19,Renewal budget material.,Travel,1174.9,Expense
2021-06-19,Daily vendor utility plan online.,Travel,1034.82,Expense
2021-06-19,Electricity store.,Entertainment,616.05,Expense
2021-06-19,Bus insurance direct debit food.,Food & Drink,1265.05,Expense
2021-06-20,Result many pattern.,Rent,626.07,Expense
2021-06-20,Charge loan health budget support.,Health & Fitness,421.19,Expense
2021-06-20,Freelance freelance.,Other,3408.13,Income
2021-06-20,Taxi net internet market hospital gross.,Entertainment,150.67,Expense
2021-06-20,Payment economy balance.,Entertainment,1477.64,Expense
2021-06-20,Credit app financial.,Health & Fitness,1713.66,Expense
2021-06-20,Shop daily pharmacy.,Rent,1466.56,Expense
2021-06-20,Career according.,Health & Fitness,1628.24,Expense
2021-06-21,Platform economy reward.,Utilities,1969.95,Expense
2021-06-21,Express clinic interest renewal.,Travel,1236.63,Expense
2021-06-21,Fuel hotel parking equipment.,Other,3140.5,Income
2021-06-21,Contract charge advance equipment.,Food & Drink,950.98,Expense
2021-06-21,Parking pharmacy loan savings pharmacy contract.,Salary,423.53,Income
2021-06-21,Material booking monthly flight reward plan.,Travel,666.3,Expense
2021-06-21,Savings software deal fee.,Utilities,1503.87,Expense
2021-06-22,Utility freelance.,Entertainment,163.13,Expense
2021-06-22,Gym package bill financial.,Salary,1249.24,Income
2021-06-22,Package credit purchase net charge delivery support.,Travel,1071.58,Expense
2021-06-22,Success here television key.,Rent,1295.59,Expense
2021-06-23,Gross material.,Travel,1692.53,Expense
2021-06-23,Subscription delivery.,Food & Drink,34.74,Expense
2021-06-23,Service health payment.,Utilities,603.39,Expense
2021-06-23,Carry fly water cut fire.,Health & Fitness,46.28,Expense
2021-06-24,Parking deposit standard internet.,Food & Drink,1074.97,Expense
2021-06-24,Fact reason make office.,Entertainment,690.05,Expense
2021-06-24,Advance discount.,Health & Fitness,448.84,Expense
2021-06-24,Clinic platform.,Travel,831.88,Expense
2021-06-24,Monthly express.,Rent,927.39,Expense
2021-06-24,Project regular service material electricity online.,Other,1266.71,Income
2021-06-24,Transfer budget payment taxi network gross.,Food & Drink,1457.17,Expense
2021-06-24,Debit subscription restaurant contract.,Travel,1969.46,Expense
2021-06-24,Mall hospital pharmacy digital hospital health pending.,Utilities,22.84,Expense
2021-06-25,Delivery tools.,Utilities,283.76,Expense
2021-06-25,System internet standard weekly annual entertainment total.,Shopping,1050.27,Expense
2021-06-25,Electricity platform monthly loan management purchase.,Utilities,849.5,Expense
2021-06-25,Travel vendor freelance electricity maintenance.,Rent,1445.08,Expense
2021-06-25,Vendor contract economy.,Food & Drink,711.89,Expense
2021-06-25,Total taxi household fee.,Utilities,1020.58,Expense
2021-06-26,Phone economy household standard subscription.,Food & Drink,1429.86,Expense
2021-06-26,Pending financial bonus restaurant tax.,Shopping,972.56,Expense
2021-06-26,Utility electricity standard parking shop.,Rent,441.67,Expense
2021-06-26,Shop gym deposit bonus.,Shopping,299.18,Expense
2021-06-26,Heavy staff hotel box.,Entertainment,460.82,Expense
2021-06-26,Financial regular special account.,Travel,359.99,Expense
2021-06-27,Or nation race.,Investment,2923.0,Income
2021-06-27,Shop phone processed service health support balance.,Travel,348.23,Expense
2021-06-27,Maintenance phone net gym pharmacy.,Utilities,875.8,Expense
2021-06-27,Budget account express.,Health & Fitness,1074.06,Expense
2021-06-27,Booking bus.,Food & Drink,1655.81,Expense
2021-06-27,Gym bonus network.,Salary,1467.63,Income
2021-06-28,Something story attorney summer.,Food & Drink,1327.24,Expense
2021-06-28,Hardware flight mall regular.,Travel,718.43,Expense
2021-06-28,Gym maintenance standard transfer bus gross.,Entertainment,760.88,Expense
2021-06-28,Cause field education child.,Utilities,1198.52,Expense
2021-06-28,Available wrong look husband.,Investment,1856.0,Income
2021-06-28,Subscription clinic net taxi subscription direct automatic.,Shopping,1185.58,Expense
2021-06-28,Well left.,Rent,1020.3,Expense
2021-06-29,Fee delivery standard.,Rent,652.24,Expense
2021-06-29,Material hospital train digital.,Entertainment,1014.57,Expense
2021-06-29,Myself so growth time.,Food & Drink,827.61,Expense
2021-06-29,Purchase health shop.,Salary,1345.97,Income
2021-06-30,Parking mall system phone health financial adjustment.,Health & Fitness,1457.14,Expense
2021-06-30,Premium project utility processed digital package gym.,Utilities,1063.83,Expense
2021-06-30,Service grocery entertainment internet.,Travel,1710.36,Expense
2021-06-30,Monthly transfer.,Travel,967.09,Expense
2021-06-30,Order direct grocery system.,Investment,2763.3,Income
2021-06-30,Financial maintenance hardware investment pharmacy contract.,Rent,1283.77,Expense
2021-06-30,Adjustment processed budget water purchase mall.,Rent,671.93,Expense
2021-07-01,Parking travel priority plan.,Rent,870.0,Expense
2021-07-01,Pending account.,Entertainment,441.71,Expense
2021-07-01,Service freelance interest package deal hardware market.,Shopping,1054.03,Expense
2021-07-01,Freelance restaurant equipment hardware app clinic travel.,Shopping,43.17,Expense
2021-07-01,Service discount.,Entertainment,849.76,Expense
2021-07-01,Platform automatic taxi utility pharmacy client.,Utilities,305.24,Expense
2021-07-01,Vendor platform digital mortgage.,Food & Drink,1657.17,Expense
2021-07-01,Reward internet adjustment personal freelance deal.,Other,3029.18,Income
2021-07-01,Annual maintenance.,Investment,2272.59,Income
2021-07-02,Health pharmacy health transfer software salary.,Food & Drink,1882.82,Expense
2021-07-02,Gym purchase water contract economy taxi.,Health & Fitness,732.4,Expense
2021-07-02,Express clinic savings advance.,Shopping,1823.58,Expense
2021-07-02,Contract restaurant grocery phone.,Salary,1053.65,Income
2021-07-02,Market bus.,Entertainment,1080.65,Expense
2021-07-03,Mall total.,Shopping,489.87,Expense
2021-07-03,Travel bus.,Salary,1246.11,Income
2021-07-03,Entertainment food deposit budget.,Entertainment,1201.81,Expense
2021-07-03,Purchase online payment phone savings hospital investment.,Shopping,1573.32,Expense
2021-07-03,Store advance digital savings savings.,Salary,1488.45,Income
2021-07-03,Priority package support.,Food & Drink,461.32,Expense
2021-07-04,Action else.,Salary,1808.91,Income
2021-07-04,Deal management.,Rent,739.17,Expense
2021-07-04,Net equipment financial pharmacy mall total delivery.,Entertainment,1898.57,Expense
2021-07-04,Worker quality hundred sell whole.,Salary,475.67,Income
2021-07-04,Point be shoulder price great.,Entertainment,1939.48,Expense
2021-07-04,Flight parking mall budget order insurance pending.,Food & Drink,1444.17,Expense
2021-07-04,Phone reward mortgage.,Shopping,416.34,Expense
2021-07-04,Credit charge daily.,Shopping,1205.94,Expense
2021-07-04,Bonus renewal water market.,Travel,933.07,Expense
2021-07-04,Network advance.,Investment,3122.43,Income
2021-07-04,Support advance salary electricity hardware internet.,Salary,1125.58,Income
2021-07-05,Restaurant online.,Investment,2392.43,Income
2021-07-05,Hardware bill fee store management.,Utilities,1504.28,Expense
2021-07-05,Purchase maintenance.,Salary,914.38,Income
2021-07-05,Priority clinic financial salary net investment.,Shopping,1253.35,Expense
2021-07-05,Shop tools digital support.,Salary,127.37,Income
2021-07-05,Hardware equipment standard.,Rent,1912.01,Expense
2021-07-05,Payment support direct material tools freelance daily.,Rent,1975.09,Expense
2021-07-05,Credit invoice equipment deal freelance.,Rent,916.7,Expense
2021-07-05,Bill project account.,Salary,1509.21,Income
2021-07-06,Newspaper reach determine hear leg.,Other,4282.0,Income
2021-07-06,Weekly system.,Investment,1447.41,Income
2021-07-06,Discount salary business economy deposit budget tools.,Shopping,592.41,Expense
2021-07-06,Premium system online online annual.,Rent,846.63,Expense
2021-07-06,Bus debit tools.,Investment,3141.06,Income
2021-07-06,Mall deposit bill hotel.,Salary,294.77,Income
2021-07-06,Vendor package charge plan balance deposit discount.,Health & Fitness,288.08,Expense
2021-07-06,Entertainment transfer regular flight premium account material.,Shopping,1190.62,Expense
2021-07-07,Shop entertainment travel parking.,Rent,1171.69,Expense
2021-07-07,Net health order support automatic.,Utilities,455.71,Expense
2021-07-07,Mortgage bill salary.,Entertainment,989.63,Expense
2021-07-07,Household bus.,Salary,112.79,Income
2021-07-07,General agency bit.,Shopping,1010.78,Expense
2021-07-07,Annual priority network regular regular.,Entertainment,1002.53,Expense
2021-07-07,Budget vendor mall economy flight.,Shopping,937.29,Expense
2021-07-07,Net account account contract deal.,Travel,977.67,Expense
2021-07-07,Support mortgage.,Entertainment,90.94,Expense
2021-07-07,Annual internet transfer.,Entertainment,23.74,Expense
2021-07-07,Economy service subscription bonus health delivery.,Entertainment,587.25,Expense
2021-07-08,Purchase invoice investment store hospital.,Health & Fitness,1393.51,Expense
2021-07-08,Purchase hotel health.,Health & Fitness,106.94,Expense
2021-07-08,Total credit store network subscription utility priority.,Entertainment,816.1,Expense
2021-07-08,Platform equipment store freelance hardware interest.,Shopping,750.7,Expense
2021-07-08,Hotel entertainment flight support payment.,Entertainment,906.83,Expense
2021-07-08,Financial standard booking health.,Investment,845.89,Income
2021-07-09,Net freelance water regular plan flight household.,Other,4254.42,Income
2021-07-09,Fee processed clinic fee household economy.,Health & Fitness,689.63,Expense
2021-07-09,Find lay deal lot.,Utilities,1747.27,Expense
2021-07-09,Deal premium restaurant.,Travel,455.03,Expense
2021-07-09,Express bus regular invoice parking gym.,Investment,2169.25,Income
2021-07-09,Electricity grocery investment personal weekly.,Other,3093.68,Income
2021-07-09,Break wait.,Utilities,1635.61,Expense
2021-07-09,Insurance gross loan maintenance network software.,Entertainment,1885.75,Expense
2021-07-09,Total entertainment loan deposit business taxi.,Shopping,989.62,Expense
2021-07-10,Project system.,Health & Fitness,1824.1,Expense
2021-07-10,Standard budget.,Investment,2417.74,Income
2021-07-10,Deposit budget pharmacy food account.,Salary,1137.49,Income
2021-07-10,Deposit hospital.,Travel,1059.03,Expense
2021-07-10,Feel special.,Rent,1425.69,Expense
2021-07-10,Just recent.,Other,3540.0,Income
2021-07-10,Regular bill payment app hotel delivery.,Shopping,493.42,Expense
2021-07-11,System travel.,Travel,356.7,Expense
2021-07-11,Train weekly fuel deposit financial contract.,Health & Fitness,1069.41,Expense
2021-07-11,Discussion if continue policy.,Shopping,192.51,Expense
2021-07-11,Support possible.,Rent,577.28,Expense
2021-07-11,Might necessary former.,Travel,904.15,Expense
2021-07-11,Market software.,Entertainment,134.37,Expense
2021-07-12,Service internet special account deposit net deal.,Food & Drink,681.67,Expense
2021-07-12,Ahead pass culture or.,Salary,1770.41,Income
2021-07-12,Balance total vendor regular financial.,Utilities,1335.86,Expense
2021-07-12,Food mortgage gym budget platform special budget.,Food & Drink,269.6,Expense
2021-07-13,Purchase contract fee support.,Salary,1506.01,Income
2021-07-13,Business bus.,Salary,550.86,Income
2021-07-13,Discount restaurant system discount gross insurance debit.,Food & Drink,1195.47,Expense
2021-07-13,Internet software package weekly material contract.,Other,2976.11,Income
2021-07-13,Relate day.,Shopping,115.98,Expense
2021-07-13,Platform monthly regular clinic annual.,Other,4213.99,Income
2021-07-13,Daily economy budget mall hotel.,Food & Drink,1454.48,Expense
2021-07-13,Network direct platform project business debit interest.,Salary,568.53,Income
2021-07-14,Store market app clinic.,Other,2516.76,Income
2021-07-14,Big the cost for leader.,Entertainment,778.47,Expense
2021-07-14,Network household taxi savings mortgage automatic network.,Salary,1906.24,Income
2021-07-14,Express monthly pharmacy.,Rent,1062.68,Expense
2021-07-14,Network entertainment train budget digital shop.,Travel,1408.44,Expense
2021-07-14,Budget package maintenance bus electricity debit weekly.,Shopping,778.59,Expense
2021-07-14,Bus financial processed plan gross.,Travel,555.21,Expense
2021-07-14,Bonus deposit market mall economy material.,Salary,654.79,Income
2021-07-15,Utility personal budget.,Utilities,1038.93,Expense
2021-07-15,App standard daily.,Other,1584.75,Income
2021-07-15,Hotel savings processed tax.,Health & Fitness,800.95,Expense
2021-07-15,Budget standard internet.,Food & Drink,569.49,Expense
2021-07-15,Software standard.,Rent,510.66,Expense
2021-07-15,Purchase pending equipment standard reward freelance.,Rent,637.43,Expense
2021-07-15,Month police others particularly.,Investment,730.0,Income
2021-07-15,Account hospital.,Investment,3885.79,Income
2021-07-15,Grocery contract investment.,Health & Fitness,583.77,Expense
2021-07-15,Transfer flight regular premium digital subscription material.,Other,2489.28,Income
2021-07-16,Net support advance food.,Shopping,173.94,Expense
2021-07-16,Annual express insurance gym material.,Food & Drink,1631.88,Expense
2021-07-16,Grocery software.,Entertainment,1478.12,Expense
2021-07-16,Hotel utility charge loan maintenance.,Travel,1124.96,Expense
2021-07-16,Net fee train market travel premium direct.,Rent,701.36,Expense
2021-07-16,Pharmacy fee loan invoice.,Shopping,551.89,Expense
2021-07-17,Annual electricity.,Salary,506.11,Income
2021-07-17,Internet hardware.,Travel,818.72,Expense
2021-07-17,Debit hospital renewal flight business insurance.,Entertainment,1418.61,Expense
2021-07-17,Project total gym.,Rent,549.69,Expense
2021-07-17,Subscription credit mortgage purchase budget contract.,Utilities,858.76,Expense
2021-07-18,Management restaurant transfer utility balance.,Rent,510.25,Expense
2021-07-19,Investment network fuel shop service pending.,Rent,745.36,Expense
2021-07-19,Household renewal tools.,Rent,1931.77,Expense
2021-07-19,Try opportunity public.,Utilities,283.82,Expense
2021-07-19,Advance priority vendor.,Investment,1474.06,Income
2021-07-19,Payment utility package standard direct pharmacy.,Health & Fitness,1202.13,Expense
2021-07-19,Booking material parking fuel.,Health & Fitness,785.77,Expense
2021-07-19,Girl suddenly.,Rent,1679.96,Expense
2021-07-20,Hospital premium purchase vendor tools package purchase.,Food & Drink,782.69,Expense
2021-07-20,Project mall restaurant shop food restaurant travel.,Investment,2618.08,Income
2021-07-21,Advance parking health travel.,Health & Fitness,782.99,Expense
2021-07-21,Delivery network client system.,Utilities,231.4,Expense
2021-07-21,Direct mall grocery bus parking personal software.,Entertainment,443.67,Expense
2021-07-22,Freelance platform transfer software priority charge household.,Entertainment,1273.46,Expense
2021-07-22,Restaurant vendor utility hospital.,Health & Fitness,882.26,Expense
2021-07-22,Hotel discount electricity special freelance restaurant monthly.,Utilities,706.0,Expense
2021-07-22,Online package mortgage hospital.,Investment,2982.21,Income
2021-07-22,Total flight.,Investment,2314.78,Income
2021-07-23,Bus health pending electricity health monthly daily.,Entertainment,874.88,Expense
2021-07-23,Adjustment gym platform premium.,Utilities,1057.92,Expense
2021-07-23,Subscription interest.,Investment,3063.85,Income
2021-07-23,Shop vendor loan.,Entertainment,497.75,Expense
2021-07-23,Total hotel utility.,Investment,2919.77,Income
2021-07-23,Insurance subscription direct loan taxi network.,Rent,1378.33,Expense
2021-07-23,Booking support processed project.,Utilities,1482.45,Expense
2021-07-23,Regular taxi tax.,Rent,792.01,Expense
2021-07-23,Home others offer institution main.,Other,4174.0,Income
2021-07-23,Draw bring health.,Salary,1395.18,Income
2021-07-24,Never majority cell.,Rent,47.82,Expense
2021-07-24,Economy personal flight network.,Salary,1367.19,Income
2021-07-24,Network gym regular subscription entertainment package.,Travel,1703.35,Expense
2021-07-24,Reward budget.,Salary,785.11,Income
2021-07-24,Insurance special.,Investment,1682.88,Income
2021-07-25,Household app booking pharmacy annual package charge.,Travel,1425.25,Expense
2021-07-25,Interest investment maintenance economy net order.,Shopping,1607.08,Expense
2021-07-25,Credit net special credit hotel economy payment.,Utilities,1289.48,Expense
2021-07-25,Invoice order savings financial delivery.,Entertainment,472.17,Expense
2021-07-25,Digital salary service.,Rent,247.32,Expense
2021-07-26,Household bus daily business special entertainment app.,Other,2607.97,Income
2021-07-26,Special payment management.,Utilities,369.02,Expense
2021-07-26,Economy system restaurant.,Food & Drink,1049.18,Expense
2021-07-26,Investment app bonus priority salary investment.,Health & Fitness,956.53,Expense
2021-07-26,Project entertainment utility bus contract.,Utilities,1389.43,Expense
2021-07-26,Total insurance mortgage electricity regular.,Food & Drink,148.43,Expense
2021-07-26,Discount premium personal regular.,Shopping,596.76,Expense
2021-07-27,Grocery service special pending order.,Entertainment,1754.64,Expense
2021-07-27,Charge water.,Investment,2246.25,Income
2021-07-27,Client fee charge reward loan bus.,Shopping,319.75,Expense
2021-07-27,Debit household management.,Food & Drink,1049.44,Expense
2021-07-28,Train mortgage electricity economy savings business financial.,Shopping,1637.31,Expense
2021-07-28,Debit household.,Travel,653.6,Expense
2021-07-28,Pharmacy deal online tax annual.,Health & Fitness,962.63,Expense
2021-07-28,Mall debit service train annual tools automatic.,Utilities,1304.33,Expense
2021-07-28,Maintenance internet water processed daily contract special.,Health & Fitness,1714.57,Expense
2021-07-28,People tend weight machine.,Utilities,1102.12,Expense
2021-07-28,Client weekly payment.,Rent,1651.6,Expense
2021-07-28,Direct hardware.,Entertainment,844.08,Expense
2021-07-29,Booking hospital economy fee parking.,Utilities,63.69,Expense
2021-07-29,White measure manager range.,Shopping,231.26,Expense
2021-07-29,Household charge pharmacy credit.,Utilities,1712.8,Expense
2021-07-29,Account gross automatic annual renewal premium.,Entertainment,1481.76,Expense
2021-07-29,Fuel online bus hardware fee payment savings.,Food & Drink,1752.88,Expense
2021-07-29,Debit invoice market.,Shopping,64.93,Expense
2021-07-30,Net weekly pharmacy charge loan.,Other,2288.93,Income
2021-07-30,Food credit.,Other,4266.16,Income
2021-07-31,Travel electricity special pharmacy support balance.,Other,2786.23,Income
2021-07-31,Personal salary.,Other,3050.73,Income
2021-07-31,Salary fee vendor.,Rent,1137.15,Expense
2021-07-31,Software personal utility pharmacy.,Travel,1165.17,Expense
2021-07-31,Mortgage direct fee.,Entertainment,702.28,Expense
2021-08-01,Travel reward subscription travel booking software transfer.,Travel,515.89,Expense
2021-08-01,Tools hotel travel weekly financial household.,Rent,398.24,Expense
2021-08-01,Advance weekly.,Shopping,748.59,Expense
2021-08-01,Adjustment digital standard.,Entertainment,1815.27,Expense
2021-08-01,Charge tax household discount adjustment mall express.,Salary,944.84,Income
2021-08-02,Adjustment hospital weekly health.,Other,1576.81,Income
2021-08-02,Reward phone service network.,Health & Fitness,1675.18,Expense
2021-08-02,Major bar air set.,Travel,252.48,Expense
2021-08-02,Fuel app balance restaurant financial.,Health & Fitness,1528.88,Expense
2021-08-02,Entertainment material standard.,Entertainment,1005.47,Expense
2021-08-02,Platform business pending service charge credit.,Health & Fitness,1671.75,Expense
2021-08-02,Personal express system freelance.,Utilities,1981.45,Expense
2021-08-02,Purchase mall support subscription.,Rent,610.85,Expense
2021-08-02,Renewal health online internet charge online.,Other,3395.36,Income
2021-08-03,Market balance net taxi freelance.,Travel,426.24,Expense
2021-08-03,Contract interest interest processed.,Entertainment,462.72,Expense
2021-08-04,Deposit purchase app.,Travel,611.54,Expense
2021-08-04,Grocery project flight mall material travel.,Travel,1031.21,Expense
2021-08-04,Internet net health taxi mortgage network.,Entertainment,1035.21,Expense
2021-08-04,Insurance interest shop travel reward phone.,Rent,633.25,Expense
2021-08-04,Contract transfer mall purchase grocery.,Investment,2019.58,Income
2021-08-04,Platform renewal shop.,Salary,352.18,Income
2021-08-05,Management maintenance project contract total material.,Travel,1037.74,Expense
2021-08-05,Bonus interest financial maintenance clinic interest restaurant.,Entertainment,1421.21,Expense
2021-08-05,Store loan business.,Rent,1333.29,Expense
2021-08-05,Gross client.,Health & Fitness,1387.78,Expense
2021-08-05,Deal bill account payment insurance project interest.,Rent,327.21,Expense
2021-08-05,Payment adjustment financial service gross digital.,Rent,1895.03,Expense
2021-08-05,Equipment annual discount.,Utilities,1051.03,Expense
2021-08-06,Ever mrs.,Salary,134.99,Income
2021-08-06,Entertainment discount regular travel adjustment.,Health & Fitness,144.77,Expense
2021-08-06,Priority standard advance total economy daily weekly.,Shopping,552.24,Expense
2021-08-07,Taxi mall automatic priority deposit net.,Utilities,870.43,Expense
2021-08-07,Package invoice insurance client adjustment booking.,Food & Drink,731.83,Expense
2021-08-07,Pending market train regular internet.,Health & Fitness,561.6,Expense
2021-08-07,Not significant manager member.,Salary,1197.51,Income
2021-08-07,Support transfer savings.,Investment,2134.74,Income
2021-08-07,Hospital client digital bill pending platform internet.,Food & Drink,1715.62,Expense
2021-08-07,Environmental myself.,Investment,1676.0,Income
2021-08-08,State among rest national wrong.,Food & Drink,1233.47,Expense
2021-08-08,Budget market purchase gross plan.,Utilities,847.65,Expense
2021-08-08,Automatic interest salary.,Rent,818.41,Expense
2021-08-09,Client entertainment tax service gross gym bus.,Other,3279.81,Income
2021-08-09,Financial platform weekly fee hotel subscription discount.,Rent,778.37,Expense
2021-08-09,Financial bonus transfer deposit premium.,Food & Drink,798.23,Expense
2021-08-09,Fuel budget clinic equipment loan investment purchase.,Utilities,143.75,Expense
2021-08-09,Fear yourself last.,Shopping,382.75,Expense
2021-08-10,Insurance transfer credit order.,Investment,3781.56,Income
2021-08-10,Invoice support advance advance debit purchase business.,Utilities,653.26,Expense
2021-08-10,Train client app.,Rent,1725.55,Expense
2021-08-10,Client mortgage financial digital savings.,Utilities,1295.9,Expense
2021-08-10,Service salary account.,Travel,1546.73,Expense
2021-08-10,Standard express.,Salary,267.62,Income
2021-08-11,Account credit tools debit.,Travel,896.56,Expense
2021-08-11,Invoice order delivery platform vendor credit monthly.,Investment,2481.89,Income
2021-08-11,Restaurant water.,Investment,3543.74,Income
2021-08-11,Reward savings.,Shopping,1161.59,Expense
2021-08-11,Hotel regular adjustment app insurance personal.,Investment,2307.95,Income
2021-08-11,Keep yes.,Health & Fitness,144.68,Expense
2021-08-12,Purchase restaurant daily mall digital.,Entertainment,46.6,Expense
2021-08-12,Budget parking maintenance hardware account store personal.,Entertainment,586.42,Expense
2021-08-12,Equipment clinic interest.,Shopping,1725.62,Expense
2021-08-13,Subscription invoice fee material.,Food & Drink,1770.31,Expense
2021-08-13,Pattern size spend.,Shopping,1962.27,Expense
2021-08-13,Specific onto go.,Food & Drink,787.0,Expense
2021-08-13,Utility savings digital booking monthly standard.,Shopping,772.99,Expense
2021-08-13,Gym taxi store food food food deposit.,Shopping,1602.29,Expense
2021-08-13,Debit debit equipment hardware service deposit credit.,Salary,419.21,Income
2021-08-14,Fee bus.,Rent,1249.34,Expense
2021-08-14,Direct deposit freelance.,Shopping,1331.47,Expense
2021-08-14,Personal total train.,Entertainment,1843.98,Expense
2021-08-14,Hospital interest loan savings order.,Shopping,765.01,Expense
2021-08-14,Travel weekly budget purchase.,Food & Drink,1302.03,Expense
2021-08-14,Platform salary financial direct entertainment gym.,Food & Drink,960.3,Expense
2021-08-14,Store store.,Salary,1590.48,Income
2021-08-14,Mall advance online deal personal train entertainment.,Food & Drink,687.43,Expense
2021-08-15,Bill utility.,Rent,281.69,Expense
2021-08-15,Transfer advance fee.,Travel,1027.69,Expense
2021-08-15,Debit renewal phone vendor.,Utilities,985.13,Expense
2021-08-15,Go exactly much food region.,Food & Drink,720.62,Expense
2021-08-15,Purchase contract hotel fee.,Travel,1549.66,Expense
2021-08-15,Utility regular phone.,Other,3889.46,Income
2021-08-15,Subscription package material.,Entertainment,1830.96,Expense
2021-08-16,Environment teach world quickly believe.,Investment,1349.0,Income
2021-08-16,Regular advance credit net tools system.,Shopping,55.6,Expense
2021-08-16,Pending financial reward phone economy.,Food & Drink,1458.36,Expense
2021-08-16,Special deposit personal market.,Shopping,1362.34,Expense
2021-08-16,Savings fee.,Other,4669.28,Income
2021-08-16,Online insurance parking online.,Other,3143.68,Income
2021-08-16,Clinic restaurant utility invoice.,Investment,2970.91,Income
2021-08-16,Parking discount project bonus.,Travel,788.7,Expense
2021-08-17,Hardware personal monthly reward utility bill.,Health & Fitness,655.25,Expense
2021-08-17,Bus discount purchase discount shop hardware regular.,Shopping,551.15,Expense
2021-08-17,Credit order.,Food & Drink,716.45,Expense
2021-08-17,Automatic network pending reward contract system economy.,Rent,1206.78,Expense
2021-08-17,Shop plan premium booking transfer grocery.,Salary,718.96,Income
2021-08-17,Monthly account pending deal.,Salary,1705.3,Income
2021-08-17,Business health equipment parking.,Investment,3785.9,Income
2021-08-17,Processed hardware.,Entertainment,706.34,Expense
2021-08-18,Freelance hardware.,Utilities,833.04,Expense
2021-08-18,Water bonus fee tools system tools.,Rent,1620.6,Expense
2021-08-18,Booking daily restaurant debit app.,Travel,623.09,Expense
2021-08-18,Grocery system gross app savings phone support.,Salary,1699.28,Income
2021-08-18,Software bonus household package vendor.,Investment,4602.57,Income
2021-08-18,Fuel insurance gym.,Entertainment,482.39,Expense
2021-08-18,Mortgage monthly credit.,Food & Drink,543.6,Expense
2021-08-18,Order train mortgage reward delivery investment credit.,Shopping,659.81,Expense
2021-08-18,Yeah term.,Health & Fitness,275.49,Expense
2021-08-19,Annual premium deposit platform.,Salary,957.84,Income
2021-08-19,Total insurance management credit.,Food & Drink,489.37,Expense
2021-08-19,Flight flight phone bonus.,Food & Drink,1316.78,Expense
2021-08-19,Management clinic insurance automatic.,Other,3118.56,Income
2021-08-20,Economic represent stock.,Health & Fitness,1628.88,Expense
2021-08-20,Vendor subscription hospital.,Entertainment,756.42,Expense
2021-08-20,Economy tools advance pharmacy net tax.,Health & Fitness,187.8,Expense
2021-08-20,Fuel entertainment premium.,Investment,2238.82,Income
2021-08-20,Maintenance fuel standard gross.,Shopping,1046.75,Expense
2021-08-20,Management deposit reward clinic hospital.,Health & Fitness,148.26,Expense
2021-08-20,Gross store invoice project.,Shopping,483.07,Expense
2021-08-20,Project hospital advance debit special clinic.,Health & Fitness,1315.36,Expense
2021-08-20,Fee utility standard.,Salary,723.14,Income
2021-08-21,Online management loan.,Rent,1020.3,Expense
2021-08-21,System net internet service fuel contract.,Shopping,1208.36,Expense
2021-08-21,Entertainment tools travel deposit.,Shopping,1503.84,Expense
2021-08-21,Service package client weekly health.,Travel,1485.58,Expense
2021-08-21,Advance internet app charge gross.,Travel,1199.71,Expense
2021-08-21,Central plan physical heart.,Other,4420.0,Income
2021-08-21,Charge advance premium subscription economy investment payment.,Travel,815.42,Expense
2021-08-21,Premium hardware economy economy balance renewal project.,Utilities,1173.37,Expense
2021-08-21,Interest taxi material.,Food & Drink,698.93,Expense
2021-08-21,Deposit plan market processed fee utility.,Rent,420.01,Expense
2021-08-21,Special standard entertainment client debit.,Travel,936.46,Expense
2021-08-21,Idea seek.,Utilities,135.57,Expense
2021-08-21,Utility invoice interest material.,Shopping,478.16,Expense
2021-08-22,Purchase processed special household mortgage hardware.,Salary,583.92,Income
2021-08-22,Freelance direct.,Health & Fitness,883.03,Expense
2021-08-22,Wear force able similar.,Salary,83.6,Income
2021-08-23,Total salary adjustment grocery taxi.,Salary,1281.89,Income
2021-08-23,Client flight charge subscription charge.,Utilities,367.56,Expense
2021-08-23,Play recently sure somebody.,Entertainment,1772.72,Expense
2021-08-23,Transfer market train.,Investment,3118.35,Income
2021-08-23,Fuel deposit invoice fee digital.,Entertainment,534.4,Expense
2021-08-23,Mortgage interest client advance online hospital.,Entertainment,1849.62,Expense
2021-08-24,Water travel interest priority.,Health & Fitness,51.84,Expense
2021-08-24,Internet phone salary personal salary payment express.,Shopping,823.91,Expense
2021-08-24,Economy purchase advance.,Utilities,26.84,Expense
2021-08-24,Household online gross monthly.,Other,2124.6,Income
2021-08-24,Delivery food online premium monthly.,Rent,225.41,Expense
2021-08-24,Why station manager.,Travel,1035.61,Expense
2021-08-24,Hardware financial interest daily adjustment priority support.,Travel,607.84,Expense
2021-08-25,Freelance discount hospital renewal standard.,Other,3647.46,Income
2021-08-25,Service hospital.,Utilities,699.41,Expense
2021-08-25,Subscription interest charge.,Shopping,758.51,Expense
2021-08-25,Bonus charge business.,Investment,2620.54,Income
2021-08-25,Loan clinic.,Rent,663.5,Expense
2021-08-25,Personal credit market financial insurance.,Health & Fitness,1408.72,Expense
2021-08-25,Front official not.,Salary,514.09,Income
2021-08-26,Monthly weekly financial bus processed management.,Rent,584.0,Expense
2021-08-26,Software monthly grocery utility debit invoice.,Shopping,1315.09,Expense
2021-08-26,Phone train economy booking app.,Food & Drink,1566.78,Expense
2021-08-26,Digital annual business entertainment.,Rent,879.4,Expense
2021-08-26,Salary support gym express gross freelance.,Travel,373.96,Expense
2021-08-27,Delivery taxi system loan payment.,Entertainment,1456.27,Expense
2021-08-27,Thus several animal phone.,Entertainment,579.36,Expense
2021-08-27,Discount network charge maintenance monthly purchase software.,Health & Fitness,1171.51,Expense
2021-08-27,Support restaurant salary.,Entertainment,858.34,Expense
2021-08-27,Material monthly adjustment salary.,Rent,609.6,Expense
2021-08-27,Discount market debit client flight utility shop.,Rent,920.83,Expense
2021-08-28,Household total material tax system.,Salary,386.23,Income
2021-08-28,Project subscription automatic automatic.,Entertainment,438.78,Expense
2021-08-28,Fee project restaurant.,Travel,770.44,Expense
2021-08-28,Special economy management.,Travel,1537.34,Expense
2021-08-28,Food entertainment.,Investment,3941.48,Income
2021-08-28,System investment support project clinic store.,Other,3671.56,Income
2021-08-28,Express deal.,Other,2670.43,Income
2021-08-28,Internet economy.,Rent,1182.53,Expense
2021-08-28,Standard network.,Investment,3235.73,Income
2021-08-29,Fuel delivery monthly transfer.,Shopping,1027.05,Expense
2021-08-29,Credit entertainment.,Shopping,632.63,Expense
2021-08-29,Buy tax.,Food & Drink,1732.94,Expense
2021-08-29,Hotel financial.,Investment,1359.02,Income
2021-08-29,Gross transfer bill hotel credit reward.,Other,933.67,Income
2021-08-30,Freelance management order.,Rent,1392.92,Expense
2021-08-30,Package network fuel financial client.,Salary,213.29,Income
2021-08-31,Savings system project support taxi.,Food & Drink,578.19,Expense
2021-08-31,Interest weekly account booking online.,Health & Fitness,1083.67,Expense
2021-08-31,Charge savings.,Investment,1725.76,Income
2021-08-31,Management market mortgage financial service.,Travel,1986.17,Expense
2021-08-31,Economy personal investment management order processed app.,Shopping,1307.86,Expense
2021-08-31,Support economy economy contract.,Utilities,527.54,Expense
2021-09-01,Online transfer tax booking renewal fuel.,Travel,963.09,Expense
2021-09-01,Charge system account system adjustment.,Utilities,1105.51,Expense
2021-09-01,Material household system software client bus.,Entertainment,818.72,Expense
2021-09-01,Purchase budget express.,Utilities,48.06,Expense
2021-09-01,Standard equipment vendor priority payment shop charge.,Entertainment,980.07,Expense
2021-09-01,Bonus gym store fuel booking store gym.,Health & Fitness,981.98,Expense
2021-09-01,Maintenance support water electricity.,Other,2467.82,Income
2021-09-02,Taxi economy monthly client train weekly.,Entertainment,267.94,Expense
2021-09-02,Restaurant direct internet.,Travel,538.4,Expense
2021-09-02,Household hotel.,Utilities,1239.94,Expense
2021-09-03,Market package reward parking platform mortgage.,Rent,527.96,Expense
2021-09-03,Balance adjustment.,Utilities,632.31,Expense
2021-09-03,Grocery restaurant.,Salary,1028.52,Income
2021-09-03,Tools pharmacy personal support.,Travel,1243.28,Expense
2021-09-03,Total hotel.,Investment,4864.91,Income
2021-09-04,Economy market.,Salary,577.9,Income
2021-09-04,Health monthly savings investment.,Rent,923.62,Expense
2021-09-04,Debit delivery.,Food & Drink,1578.58,Expense
2021-09-04,Monthly reward.,Other,3637.45,Income
2021-09-04,Shop pending salary.,Entertainment,1628.53,Expense
2021-09-04,Phone hardware restaurant.,Salary,889.87,Income
2021-09-05,Bonus adjustment taxi interest.,Other,4205.63,Income
2021-09-05,Payment phone account.,Rent,1395.18,Expense
2021-09-05,Pharmacy automatic entertainment service gym savings vendor.,Food & Drink,567.37,Expense
2021-09-05,Direct service flight client tax.,Investment,4516.05,Income
2021-09-05,A when dark read.,Rent,1600.69,Expense
2021-09-05,Regular digital bus.,Shopping,1358.41,Expense
2021-09-06,Service travel reward premium material hospital.,Travel,1954.82,Expense
2021-09-06,Direct parking internet internet pharmacy.,Entertainment,1622.8,Expense
2021-09-06,Gross discount discount utility salary electricity.,Entertainment,765.54,Expense
2021-09-06,Online material priority insurance tax plan pharmacy.,Investment,1143.85,Income
2021-09-06,Advance parking food loan market credit.,Rent,333.9,Expense
2021-09-06,Bill hardware.,Travel,443.51,Expense
2021-09-06,Personal phone.,Food & Drink,335.73,Expense
2021-09-06,Adjustment weekly package balance.,Other,1579.96,Income
2021-09-06,City usually ever.,Shopping,1489.18,Expense
2021-09-06,Clinic bonus entertainment.,Rent,417.97,Expense
2021-09-06,Automatic priority.,Health & Fitness,47.59,Expense
2021-09-06,Tools loan network.,Utilities,500.54,Expense
2021-09-07,Balance balance client budget subscription hotel savings.,Investment,3513.13,Income
2021-09-07,Fee special salary fuel booking.,Entertainment,1028.68,Expense
2021-09-07,Market support electricity annual.,Food & Drink,829.68,Expense
2021-09-07,Mortgage account transfer.,Salary,1611.81,Income
2021-09-07,Investment train app package.,Other,2092.2,Income
2021-09-07,Household transfer fee delivery debit.,Food & Drink,1366.84,Expense
2021-09-07,Flight investment deposit bus financial food.,Travel,1137.69,Expense
2021-09-07,Total discount online net material adjustment.,Travel,1100.59,Expense
2021-09-08,Internet fee bus flight.,Travel,1897.09,Expense
2021-09-08,Reward insurance management utility entertainment water automatic.,Investment,2268.74,Income
2021-09-08,Automatic platform insurance grocery credit account hotel.,Other,1611.36,Income
2021-09-08,Financial mortgage bonus phone charge automatic bonus.,Health & Fitness,1156.22,Expense
2021-09-08,Economy freelance bill hardware mortgage.,Investment,2984.43,Income
2021-09-08,Express reward.,Shopping,412.32,Expense
2021-09-08,Gross contract financial credit support vendor pending.,Salary,950.93,Income
2021-09-09,Renewal balance automatic.,Food & Drink,848.89,Expense
2021-09-09,Deposit direct bus gym management electricity.,Entertainment,339.67,Expense
2021-09-09,Delivery express pending delivery processed economy.,Salary,471.46,Income
2021-09-09,Bar professor power.,Shopping,684.68,Expense
2021-09-09,Ability live.,Travel,1604.28,Expense
2021-09-09,Personal rise sense investment.,Other,3509.0,Income
2021-09-09,Invoice train maintenance.,Travel,605.68,Expense
2021-09-09,Mortgage express regular package mall direct equipment.,Utilities,491.55,Expense
2021-09-10,System app charge fuel order.,Entertainment,1207.54,Expense
2021-09-10,Hotel salary.,Travel,164.08,Expense
2021-09-10,Difficult quite act receive stage.,Rent,866.91,Expense
2021-09-10,Adjustment invoice discount economy.,Rent,1595.85,Expense
2021-09-10,Credit renewal order interest subscription.,Utilities,582.82,Expense
2021-09-11,Similar send card year.,Salary,1209.22,Income
2021-09-11,Local director become.,Utilities,1095.49,Expense
2021-09-11,Most across.,Salary,709.58,Income
2021-09-11,Service bonus special.,Utilities,524.56,Expense
2021-09-11,Hospital bus premium clinic.,Health & Fitness,1348.84,Expense
2021-09-11,Plan freelance.,Health & Fitness,1061.16,Expense
2021-09-11,Finish thing.,Rent,662.56,Expense
2021-09-12,Platform household.,Rent,1078.98,Expense
2021-09-12,Mortgage maintenance pending priority electricity parking charge.,Food & Drink,1822.37,Expense
2021-09-12,Household gross direct entertainment utility.,Entertainment,692.38,Expense
2021-09-12,Charge household material package.,Rent,661.24,Expense
2021-09-12,Invoice annual fuel.,Shopping,627.35,Expense
2021-09-12,Invoice train balance clinic express project internet.,Investment,1828.31,Income
2021-09-12,Special maintenance.,Health & Fitness,1360.26,Expense
2021-09-12,Insurance investment advance business hospital electricity.,Utilities,1716.42,Expense
2021-09-12,Taxi order mortgage material phone net automatic.,Food & Drink,1461.86,Expense
2021-09-13,Adjustment daily.,Investment,561.01,Income
2021-09-13,Interest advance electricity.,Food & Drink,1100.97,Expense
2021-09-14,Electricity tax hospital automatic utility budget.,Salary,664.55,Income
2021-09-14,Special equipment entertainment system.,Entertainment,793.62,Expense
2021-09-14,Tax hardware mall financial.,Food & Drink,598.45,Expense
2021-09-14,Deal premium bonus fee.,Health & Fitness,1541.24,Expense
2021-09-15,Reward internet grocery salary management regular parking.,Rent,529.12,Expense
2021-09-15,Mortgage balance.,Salary,324.67,Income
2021-09-15,Goal defense security turn.,Other,4063.0,Income
2021-09-15,Special support.,Travel,855.93,Expense
2021-09-16,Credit bill direct clinic.,Travel,1447.2,Expense
2021-09-16,App bonus.,Food & Drink,890.51,Expense
2021-09-16,Hospital tools utility food processed budget travel.,Rent,857.39,Expense
2021-09-16,White fire cause everybody.,Health & Fitness,1031.04,Expense
2021-09-16,Monthly household transfer investment salary insurance.,Other,2267.29,Income
2021-09-16,Hotel water contract bill project financial.,Health & Fitness,597.4,Expense
2021-09-16,Travel business personal delivery processed.,Investment,2908.09,Income
2021-09-16,Beautiful beyond sell.,Food & Drink,159.33,Expense
2021-09-16,Salary grocery.,Rent,1546.74,Expense
2021-09-16,Digital package processed app.,Shopping,576.57,Expense
2021-09-16,Digital health water renewal.,Health & Fitness,1904.57,Expense
2021-09-17,Network outside parent.,Utilities,1906.05,Expense
2021-09-17,Investment discount hotel balance order deposit equipment.,Entertainment,271.28,Expense
2021-09-17,Day parent country.,Other,785.0,Income
2021-09-17,Service standard priority platform.,Other,1898.59,Income
2021-09-18,Budget maintenance bonus material account.,Travel,1114.96,Expense
2021-09-18,Train management.,Rent,1386.1,Expense
2021-09-18,Daily personal package savings material tools clinic.,Shopping,1196.03,Expense
2021-09-18,Special purchase invoice maintenance.,Investment,3595.23,Income
2021-09-18,Tax direct direct maintenance mortgage.,Food & Drink,1744.95,Expense
2021-09-18,Client direct booking.,Utilities,997.73,Expense
2021-09-18,Weekly advance annual deposit contract regular.,Utilities,1114.65,Expense
2021-09-18,Business food project.,Other,1780.82,Income
2021-09-18,Bill hardware utility special debit restaurant mall.,Investment,1358.14,Income
2021-09-18,Financial project deal hospital freelance.,Health & Fitness,1984.5,Expense
2021-09-18,Budget client fuel mall.,Salary,354.55,Income
2021-09-18,Gross bus electricity.,Salary,737.75,Income
2021-09-19,Value car team nothing.,Health & Fitness,750.31,Expense
2021-09-19,Raise several west side admit.,Utilities,1063.63,Expense
2021-09-19,Shop contract internet household.,Utilities,826.14,Expense
2021-09-19,Position six soldier.,Investment,3500.0,Income
2021-09-19,Balance subscription investment budget.,Health & Fitness,1470.99,Expense
2021-09-19,History drop point audience.,Food & Drink,1214.14,Expense
2021-09-19,Express account digital.,Rent,701.02,Expense
2021-09-19,Shop budget household food bill food plan.,Rent,867.57,Expense
2021-09-20,Charge debit water special.,Utilities,1438.44,Expense
2021-09-20,Maintenance economy market.,Utilities,1416.7,Expense
2021-09-20,Monthly advance.,Health & Fitness,1091.76,Expense
2021-09-20,Energy always.,Travel,506.73,Expense
2021-09-20,Clinic deal financial priority loan.,Travel,1720.28,Expense
2021-09-20,Restaurant system grocery reward debit.,Shopping,1251.58,Expense
2021-09-20,Invoice mall electricity bus account tools support.,Salary,1066.49,Income
2021-09-21,Media pick may indeed.,Investment,4588.0,Income
2021-09-21,Balance direct electricity network package digital.,Utilities,615.47,Expense
2021-09-21,Store fee.,Salary,1041.89,Income
2021-09-21,Vendor management investment flight platform food balance.,Investment,845.35,Income
2021-09-21,Mortgage salary package internet.,Travel,1389.33,Expense
2021-09-21,Shop phone savings clinic pharmacy.,Utilities,1502.65,Expense
2021-09-21,Financial purchase business.,Investment,3217.59,Income
2021-09-21,Personal delivery grocery freelance weekly.,Shopping,1578.77,Expense
2021-09-22,Store contract financial health system express budget.,Food & Drink,1148.06,Expense
2021-09-22,Gross bill financial tax renewal deal invoice.,Health & Fitness,312.61,Expense
2021-09-22,Total balance annual online net internet.,Rent,736.46,Expense
2021-09-23,Restaurant automatic adjustment weekly taxi.,Rent,824.08,Expense
2021-09-23,Hotel project invoice digital shop.,Investment,1951.32,Income
2021-09-24,Deposit bonus premium food delivery personal.,Travel,1794.56,Expense
2021-09-24,Internet order standard.,Shopping,1888.02,Expense
2021-09-24,Platform reward digital tax bill weekly priority.,Rent,1596.91,Expense
2021-09-24,Advance tax priority insurance priority booking.,Utilities,816.68,Expense
2021-09-25,Annual tax premium.,Investment,3683.96,Income
2021-09-25,Freelance platform subscription.,Entertainment,896.96,Expense
2021-09-25,Plan financial insurance loan project market.,Travel,1255.61,Expense
2021-09-25,Direct taxi shop booking adjustment online shop.,Health & Fitness,1207.96,Expense
2021-09-25,Tools tools renewal hardware maintenance invoice savings.,Food & Drink,1971.92,Expense
2021-09-25,Direct discount processed household hotel premium train.,Investment,4026.82,Income
2021-09-26,Booking service weekly annual.,Food & Drink,1009.66,Expense
2021-09-26,Health food savings.,Salary,1772.18,Income
2021-09-26,Grocery charge vendor phone parking gym advance.,Travel,870.02,Expense
2021-09-26,Fuel discount clinic budget mall food management.,Travel,1092.58,Expense
2021-09-26,Order service payment renewal express plan.,Health & Fitness,591.86,Expense
2021-09-27,Platform express flight credit train network.,Utilities,663.34,Expense
2021-09-27,Budget digital internet special payment adjustment.,Entertainment,769.28,Expense
2021-09-27,Market restaurant order pharmacy online taxi clinic.,Entertainment,1009.87,Expense
2021-09-27,Interest phone online shop payment.,Utilities,1040.77,Expense
2021-09-28,Booking deposit.,Rent,522.75,Expense
2021-09-28,Policy mrs.,Rent,530.94,Expense
2021-09-28,Processed booking net health.,Other,3065.89,Income
2021-09-28,Fuel regular management.,Health & Fitness,145.93,Expense
2021-09-28,Invoice special.,Rent,1519.36,Expense
2021-09-28,Gym gross hospital balance.,Shopping,788.52,Expense
2021-09-28,Plan electricity.,Utilities,412.36,Expense
2021-09-28,Processed annual.,Rent,335.47,Expense
2021-09-28,Gross service water support booking service market.,Utilities,463.06,Expense
2021-09-29,System water special savings annual.,Travel,337.89,Expense
2021-09-29,Flight mall phone bonus account tools.,Salary,937.55,Income
2021-09-29,Interest water market client.,Shopping,1218.68,Expense
2021-09-29,Entertainment deposit restaurant.,Other,2310.48,Income
2021-09-29,Credit taxi purchase.,Health & Fitness,573.41,Expense
2021-09-30,Subscription restaurant service tools economy.,Rent,1264.46,Expense
2021-09-30,Automatic total shop water hardware.,Rent,1198.19,Expense
2021-09-30,Bill entertainment system platform direct total delivery.,Shopping,703.04,Expense
2021-09-30,Network savings gym hardware bill support.,Rent,1513.14,Expense
2021-09-30,Fee parking equipment savings account.,Utilities,694.9,Expense
2021-09-30,Delivery network vendor monthly.,Entertainment,1670.52,Expense
2021-09-30,Investment hotel freelance annual parking gym order.,Rent,1384.09,Expense
2021-09-30,Parking digital water electricity.,Travel,617.58,Expense
2021-09-30,Standard adjustment hotel.,Entertainment,1316.36,Expense
2021-10-01,Deposit support utility booking monthly loan.,Utilities,558.23,Expense
2021-10-01,Base bad tv.,Salary,437.0,Income
2021-10-01,Budget daily weekly shop gross subscription.,Shopping,524.06,Expense
2021-10-01,Account economy health direct discount health deal.,Food & Drink,808.5,Expense
2021-10-01,Mall electricity.,Travel,1048.12,Expense
2021-10-02,Regular savings support electricity order deposit bus.,Utilities,1782.33,Expense
2021-10-02,Interest gross grocery gym express insurance delivery.,Food & Drink,1148.88,Expense
2021-10-02,Software balance shop booking.,Other,2681.21,Income
2021-10-03,Client discount.,Utilities,773.02,Expense
2021-10-03,Market adjustment charge credit total gym.,Food & Drink,1705.35,Expense
2021-10-03,Phone material material fuel material direct system.,Investment,2294.12,Income
2021-10-03,Clinic gym booking grocery parking monthly.,Other,3909.08,Income
2021-10-03,Debit investment personal.,Utilities,74.54,Expense
2021-10-03,Shop business adjustment.,Health & Fitness,901.45,Expense
2021-10-03,Parking insurance automatic business fuel insurance net.,Other,4780.08,Income
2021-10-03,Charge parking digital direct project invoice economy.,Other,1220.2,Income
2021-10-04,Hospital network balance client travel.,Rent,1433.31,Expense
2021-10-04,Priority client renewal adjustment.,Health & Fitness,1255.07,Expense
2021-10-04,Market insurance clinic project regular.,Entertainment,768.0,Expense
2021-10-04,Monthly network bonus bus.,Food & Drink,1410.42,Expense
2021-10-04,Payment savings special maintenance gross deposit phone.,Shopping,1322.89,Expense
2021-10-05,Mortgage market support system payment.,Rent,1266.28,Expense
2021-10-05,Investment charge hardware flight.,Rent,813.78,Expense
2021-10-05,Phone premium system bonus management.,Shopping,1563.63,Expense
2021-10-05,Network tools hotel.,Entertainment,1888.45,Expense
2021-10-05,Tools interest total.,Rent,1492.87,Expense
2021-10-06,Monthly debit.,Salary,137.6,Income
2021-10-06,Taxi health order software processed economy pending.,Investment,2916.17,Income
2021-10-07,Priority deposit priority fuel client platform annual.,Entertainment,925.29,Expense
2021-10-07,Interest maintenance vendor internet weekly investment client.,Utilities,1458.38,Expense
2021-10-07,Hardware loan booking entertainment.,Shopping,630.46,Expense
2021-10-07,Parking priority.,Entertainment,1193.29,Expense
2021-10-07,Force only shake power poor.,Salary,408.35,Income
2021-10-08,Clinic parking reward direct discount.,Salary,711.92,Income
2021-10-08,Role suffer around beat.,Investment,4203.0,Income
2021-10-08,Grocery annual.,Shopping,1014.32,Expense
2021-10-08,Utility loan weekly phone parking.,Salary,1093.28,Income
2021-10-09,Monthly balance economy hardware platform.,Health & Fitness,1382.19,Expense
2021-10-09,Personal payment automatic.,Rent,1136.85,Expense
2021-10-09,Clinic parking.,Health & Fitness,1149.88,Expense
2021-10-09,Special gross.,Rent,1325.65,Expense
2021-10-09,Flight fee pending budget business.,Travel,1078.09,Expense
2021-10-10,Clinic payment.,Shopping,342.15,Expense
2021-10-10,Deal transfer management purchase.,Utilities,276.1,Expense
2021-10-10,Reward renewal daily management account.,Shopping,737.37,Expense
2021-10-10,Store fee entertainment bus payment advance premium.,Shopping,229.53,Expense
2021-10-10,Weekly gross business restaurant special.,Entertainment,1769.3,Expense
2021-10-11,Package project project.,Utilities,704.66,Expense
2021-10-11,Monthly delivery.,Shopping,942.65,Expense
2021-10-11,Software train standard discount total mortgage.,Entertainment,1396.28,Expense
2021-10-11,Clinic economy.,Salary,786.6,Income
2021-10-11,Project contract bus freelance purchase hardware annual.,Health & Fitness,191.77,Expense
2021-10-11,Travel processed phone balance store renewal deposit.,Entertainment,607.14,Expense
2021-10-11,Software entertainment.,Travel,1050.9,Expense
2021-10-12,Personal charge renewal weekly regular personal budget.,Shopping,385.24,Expense
2021-10-12,Hospital train software utility monthly.,Rent,1745.95,Expense
2021-10-12,Shop purchase monthly payment platform parking.,Rent,474.05,Expense
2021-10-12,Credit water adjustment.,Utilities,1727.41,Expense
2021-10-12,App total.,Health & Fitness,1575.22,Expense
2021-10-12,Business flight train interest plan shop contract.,Other,4102.9,Income
2021-10-12,Taxi store balance client contract.,Investment,2697.88,Income
2021-10-13,Equipment hotel.,Investment,3764.76,Income
2021-10-13,Budget remain reduce.,Health & Fitness,1339.0,Expense
2021-10-13,Law participant.,Other,1219.0,Income
2021-10-13,Well mission situation result.,Travel,1783.75,Expense
2021-10-14,Support adjustment charge tax shop.,Other,2387.1,Income
2021-10-14,Balance app pending daily.,Utilities,740.9,Expense
2021-10-14,Credit maintenance pending advance.,Health & Fitness,1784.34,Expense
2021-10-14,Purchase standard material savings purchase.,Salary,1840.26,Income
2021-10-14,Mall travel.,Rent,1073.61,Expense
2021-10-15,Material app.,Food & Drink,1532.75,Expense
2021-10-15,Deal automatic vendor fee tax.,Travel,958.31,Expense
2021-10-15,Regular advance.,Rent,831.05,Expense
2021-10-15,Booking maintenance maintenance direct water personal water.,Travel,1169.31,Expense
2021-10-15,Equipment mall total priority.,Health & Fitness,1087.05,Expense
2021-10-15,Annual freelance delivery freelance business insurance weekly.,Food & Drink,849.05,Expense
2021-10-15,Weekly phone store.,Utilities,1757.22,Expense
2021-10-15,Grocery phone support.,Utilities,1427.01,Expense
2021-10-15,Account budget contract monthly bonus platform.,Salary,1827.64,Income
2021-10-15,Restaurant personal pharmacy account water.,Entertainment,1122.96,Expense
2021-10-16,Reward utility.,Rent,1049.99,Expense
2021-10-16,Camera sit environmental though.,Utilities,1589.46,Expense
2021-10-16,Automatic restaurant shop daily advance.,Other,1543.44,Income
2021-10-16,Budget adjustment invoice automatic flight.,Rent,1089.98,Expense
2021-10-16,Health debit investment internet.,Health & Fitness,512.84,Expense
2021-10-16,Client travel savings.,Shopping,1265.83,Expense
2021-10-16,Regular service.,Entertainment,1026.85,Expense
2021-10-16,Network travel fuel maintenance freelance annual.,Investment,520.47,Income
2021-10-16,Account health charge platform investment discount.,Travel,856.33,Expense
2021-10-17,Annual flight gross freelance pharmacy.,Investment,1637.89,Income
2021-10-17,Total daily gym express subscription.,Health & Fitness,814.76,Expense
2021-10-17,Entertainment equipment credit hotel.,Rent,1256.8,Expense
2021-10-17,Health direct daily software debit invoice.,Entertainment,811.62,Expense
2021-10-17,Internet order business account.,Investment,3620.68,Income
2021-10-17,Food adjustment travel gross.,Shopping,961.97,Expense
2021-10-17,Booking hardware food direct.,Utilities,880.83,Expense
2021-10-17,Gym plan hardware mall.,Shopping,608.21,Expense
2021-10-17,Automatic hotel plan.,Travel,1158.22,Expense
2021-10-18,Electricity system mortgage train internet.,Shopping,150.05,Expense
2021-10-18,Vendor purchase balance gross.,Health & Fitness,381.11,Expense
2021-10-18,Fee total health weekly network direct debit.,Food & Drink,960.03,Expense
2021-10-18,Delivery gross adjustment.,Shopping,1435.52,Expense
2021-10-18,Deposit order net direct loan shop.,Salary,1469.89,Income
2021-10-18,Reward subscription support system.,Shopping,1053.89,Expense
2021-10-18,Hospital reward budget.,Salary,705.02,Income
2021-10-18,Insurance personal discount.,Rent,1355.69,Expense
2021-10-19,Material pharmacy mall water.,Shopping,1415.87,Expense
2021-10-19,Mortgage business financial.,Health & Fitness,1270.79,Expense
2021-10-19,Standard restaurant online net special.,Travel,1217.15,Expense
2021-10-19,Plan loan.,Other,1361.86,Income
2021-10-19,Plan discount clinic salary pending.,Salary,757.4,Income
2021-10-19,Material tax software gross renewal.,Utilities,1410.65,Expense
2021-10-19,Plan interest discount.,Rent,1510.68,Expense
2021-10-19,Internet market entertainment delivery weekly.,Health & Fitness,1187.85,Expense
2021-10-20,Invoice mall vendor.,Travel,609.86,Expense
2021-10-20,Investment pharmacy maintenance electricity vendor.,Travel,496.51,Expense
2021-10-20,Discount tax.,Health & Fitness,807.49,Expense
2021-10-20,Advance client subscription.,Utilities,559.75,Expense
2021-10-20,Discount market regular client maintenance.,Rent,1704.76,Expense
2021-10-20,Southern evening ask republican.,Rent,1970.41,Expense
2021-10-20,Electricity utility tools system.,Utilities,786.53,Expense
2021-10-20,Pending business order app.,Food & Drink,737.24,Expense
2021-10-21,Taxi daily train grocery hardware delivery train.,Travel,1028.32,Expense
2021-10-21,Baby lawyer growth matter note.,Entertainment,1582.84,Expense
2021-10-21,Health platform freelance.,Health & Fitness,538.97,Expense
2021-10-21,Advance internet bus order.,Rent,857.61,Expense
2021-10-21,Gross advance clinic.,Health & Fitness,414.32,Expense
2021-10-22,Debit investment client direct loan.,Rent,1548.16,Expense
2021-10-22,Effort bill off.,Other,4328.0,Income
2021-10-22,Management loan standard flight online parking.,Food & Drink,218.43,Expense
2021-10-22,Fee account material support vendor adjustment loan.,Investment,1477.12,Income
2021-10-22,Budget fee tools gross discount regular.,Entertainment,1143.32,Expense
2021-10-22,Automatic total reward.,Other,2909.52,Income
2021-10-22,Contract project pending package processed renewal management.,Utilities,1075.03,Expense
2021-10-22,Purchase internet.,Entertainment,1031.82,Expense
2021-10-22,Household equipment network hotel.,Rent,1429.21,Expense
2021-10-23,Taxi weekly software transfer restaurant.,Health & Fitness,1506.67,Expense
2021-10-23,Salary savings system order internet food project.,Utilities,659.11,Expense
2021-10-23,Total total tools.,Health & Fitness,763.3,Expense
2021-10-23,Booking processed interest.,Utilities,133.64,Expense
2021-10-24,Animal hair turn.,Other,3761.0,Income
2021-10-24,Monthly account.,Other,2371.51,Income
2021-10-24,Pending credit project food invoice travel account.,Health & Fitness,934.63,Expense
2021-10-24,Transfer balance net phone.,Salary,953.55,Income
2021-10-24,Food market vendor plan.,Investment,1223.11,Income
2021-10-24,Scientist able teach.,Utilities,1227.78,Expense
2021-10-24,Electricity processed standard discount business flight payment.,Rent,1461.48,Expense
2021-10-24,Payment processed tools bus hospital freelance.,Other,3501.86,Income
2021-10-24,Hardware shop.,Utilities,577.89,Expense
2021-10-24,Daily pharmacy digital train.,Other,3755.33,Income
2021-10-25,Contract grocery balance.,Utilities,576.05,Expense
2021-10-25,Gym renewal.,Health & Fitness,506.63,Expense
2021-10-25,Weekly gym monthly.,Salary,1075.98,Income
2021-10-25,Payment package budget food balance.,Rent,858.55,Expense
2021-10-25,Pending weekly internet train debit premium bus.,Travel,565.66,Expense
2021-10-25,Standard utility.,Travel,1841.57,Expense
2021-10-26,Purchase material equipment advance charge priority.,Shopping,1189.94,Expense
2021-10-26,Gym express.,Food & Drink,1358.16,Expense
2021-10-26,Store hardware.,Entertainment,1072.21,Expense
2021-10-27,Vendor direct credit.,Rent,1316.44,Expense
2021-10-27,Need trial.,Salary,1056.13,Income
2021-10-27,Tax daily business adjustment utility business pending.,Other,1333.84,Income
2021-10-27,Focus indicate result.,Rent,259.4,Expense
2021-10-28,Direct insurance purchase.,Entertainment,141.89,Expense
2021-10-28,Taxi market gym store deposit train deal.,Entertainment,1185.74,Expense
2021-10-28,Electricity credit standard mall deposit electricity.,Utilities,793.6,Expense
2021-10-28,Mall savings.,Investment,2212.66,Income
2021-10-28,Annual insurance pending health financial.,Salary,1820.83,Income
2021-10-28,Mall charge support discount.,Entertainment,478.12,Expense
2021-10-28,Reward deposit online health.,Utilities,151.42,Expense
2021-10-28,Restaurant advance travel standard subscription.,Health & Fitness,1144.45,Expense
2021-10-28,Deal tools maintenance hotel household internet order.,Food & Drink,1751.86,Expense
2021-10-29,Contract system.,Health & Fitness,775.19,Expense
2021-10-29,Weekly insurance fuel.,Health & Fitness,1655.61,Expense
2021-10-29,Pending clinic package shop clinic food financial.,Health & Fitness,1517.28,Expense
2021-10-29,Delivery payment regular.,Shopping,778.49,Expense
2021-10-29,Subscription household contract budget bill account.,Other,4312.16,Income
2021-10-29,Maintenance economy app store software.,Food & Drink,752.54,Expense
2021-10-29,Pending annual mortgage delivery weekly financial.,Food & Drink,1850.49,Expense
2021-10-30,Internet processed.,Salary,750.04,Income
2021-10-30,Bonus financial subscription.,Travel,1769.17,Expense
2021-10-30,Savings mortgage service train.,Rent,1205.38,Expense
2021-10-30,Hotel interest personal booking deal.,Other,2298.19,Income
2021-10-30,Health water.,Investment,3882.2,Income
2021-10-30,Standard utility balance plan net economy freelance.,Travel,984.28,Expense
2021-10-30,Restaurant budget loan.,Travel,1314.3,Expense
2021-10-30,Number budget.,Rent,905.45,Expense
2021-10-31,Investment fuel water express.,Food & Drink,1082.96,Expense
2021-10-31,Clinic transfer renewal store client booking health.,Other,2642.3,Income
2021-10-31,Insurance investment purchase standard food credit water.,Food & Drink,1919.62,Expense
2021-10-31,Internet project mall equipment contract net.,Investment,3594.09,Income
2021-10-31,Freelance charge balance balance.,Rent,651.27,Expense
2021-10-31,Plan water grocery management express vendor.,Shopping,619.74,Expense
2021-10-31,Clinic gross adjustment flight tools.,Rent,901.72,Expense
2021-10-31,Gym app parking taxi.,Health & Fitness,868.28,Expense
2021-11-01,Pharmacy app booking salary discount client daily.,Health & Fitness,1360.39,Expense
2021-11-02,Budget account.,Rent,1373.91,Expense
2021-11-02,Premium mall.,Travel,1246.47,Expense
2021-11-02,Water entertainment standard software.,Salary,486.76,Income
2021-11-02,Net debit water savings fuel gym.,Travel,994.01,Expense
2021-11-02,Charge payment order processed renewal interest.,Rent,957.97,Expense
2021-11-02,Bonus water daily phone service.,Other,1435.45,Income
2021-11-02,Invoice debit business economy shop economy digital.,Utilities,672.79,Expense
2021-11-03,Gym transfer priority entertainment digital network material.,Investment,830.0,Income
2021-11-03,Direct management pharmacy budget transfer tools grocery.,Other,2728.38,Income
2021-11-03,Development middle animal.,Health & Fitness,265.39,Expense
2021-11-03,Reward travel special subscription credit bus personal.,Investment,1038.99,Income
2021-11-03,Service premium deal electricity.,Shopping,1388.64,Expense
2021-11-03,Travel priority delivery system personal management.,Rent,865.85,Expense
2021-11-04,Express restaurant vendor renewal mall train.,Shopping,360.85,Expense
2021-11-04,Pending gross.,Rent,1611.85,Expense
2021-11-04,Gross monthly.,Food & Drink,434.95,Expense
2021-11-04,Pending platform express.,Entertainment,1348.53,Expense
2021-11-04,Fuel business household.,Rent,356.59,Expense
2021-11-04,Discount package flight phone fee digital total.,Investment,3264.87,Income
2021-11-04,Theory tend.,Utilities,1537.89,Expense
2021-11-04,Store total.,Rent,948.23,Expense
2021-11-05,Freelance financial tax digital.,Investment,2098.08,Income
2021-11-05,Tools personal tools deal premium delivery.,Entertainment,1057.38,Expense
2021-11-05,Beat lead hard factor.,Investment,1517.0,Income
2021-11-05,Mall network direct bus.,Rent,691.02,Expense
2021-11-05,Drug happy will young simply.,Travel,337.67,Expense
2021-11-06,Character usually agency.,Entertainment,698.59,Expense
2021-11-06,Insurance deal savings pending.,Entertainment,1251.94,Expense
2021-11-06,Client project special restaurant.,Entertainment,1101.77,Expense
2021-11-06,Annual health salary net train.,Utilities,525.61,Expense
2021-11-07,Priority fuel bus advance.,Food & Drink,1538.59,Expense
2021-11-07,Hardware equipment mall credit express online store.,Investment,3330.51,Income
2021-11-07,Taxi deposit daily household payment management.,Food & Drink,1239.59,Expense
2021-11-07,Player really act friend.,Travel,1693.41,Expense
2021-11-07,Grocery investment credit total invoice.,Rent,1197.46,Expense
2021-11-08,Budget payment investment.,Investment,762.2,Income
2021-11-08,Market pending food project.,Utilities,852.77,Expense
2021-11-08,Adjustment app delivery shop.,Shopping,1050.6,Expense
2021-11-08,Train fuel business mall weekly management.,Food & Drink,754.95,Expense
2021-11-08,Debit train.,Utilities,711.24,Expense
2021-11-08,Bus fuel.,Travel,1400.05,Expense
2021-11-08,Deposit software daily.,Investment,2350.96,Income
2021-11-08,Budget network maintenance mall.,Investment,2160.78,Income
2021-11-09,Renewal savings entertainment bonus net.,Travel,430.19,Expense
2021-11-09,Weekly renewal interest mall net standard vendor.,Food & Drink,1304.73,Expense
2021-11-09,Booking flight balance household utility mall vendor.,Rent,1851.48,Expense
2021-11-09,Investment bonus automatic reward.,Salary,1113.85,Income
2021-11-09,Store package savings debit household.,Food & Drink,1151.95,Expense
2021-11-09,Shop financial direct regular management economy balance.,Utilities,449.11,Expense
2021-11-09,Balance phone payment.,Rent,1795.63,Expense
2021-11-09,Internet deposit maintenance internet fuel.,Health & Fitness,1336.96,Expense
2021-11-09,Processed discount shop electricity.,Salary,860.84,Income
2021-11-10,Order hotel.,Entertainment,1005.4,Expense
2021-11-10,Billion morning draw.,Travel,259.09,Expense
2021-11-10,Express credit gross software phone.,Investment,4443.19,Income
2021-11-10,Tax water service.,Health & Fitness,954.14,Expense
2021-11-11,Mortgage automatic investment debit digital.,Rent,1198.92,Expense
2021-11-11,Material salary hardware freelance pending electricity subscription.,Rent,710.1,Expense
2021-11-11,Phone parking pending discount.,Utilities,1212.28,Expense
2021-11-11,Adjustment entertainment.,Salary,694.96,Income
2021-11-11,Purchase grocery automatic adjustment parking.,Other,3223.08,Income
2021-11-12,Daily transfer grocery.,Salary,1171.64,Income
2021-11-12,Taxi water processed platform.,Investment,1595.73,Income
2021-11-12,Premium booking hospital personal investment.,Shopping,649.44,Expense
2021-11-12,Clinic parking account regular booking financial parking.,Salary,1351.2,Income
2021-11-12,Insurance investment phone hardware management taxi.,Health & Fitness,205.59,Expense
2021-11-12,Booking travel net taxi taxi.,Shopping,94.59,Expense
2021-11-12,Purchase support system transfer.,Shopping,172.31,Expense
2021-11-12,Service travel taxi water system health vendor.,Health & Fitness,274.31,Expense
2021-11-13,Account charge tax app pharmacy investment reward.,Other,4025.69,Income
2021-11-13,Hardware weekly plan.,Shopping,1582.14,Expense
2021-11-13,Financial delivery direct material purchase.,Investment,2663.25,Income
2021-11-14,Transfer charge restaurant freelance management plan.,Salary,1783.4,Income
2021-11-14,Support pending taxi online.,Travel,1048.47,Expense
2021-11-14,Delivery entertainment.,Health & Fitness,1095.7,Expense
2021-11-14,Maintenance vendor management support.,Rent,1245.75,Expense
2021-11-14,Loan support weekly interest debit.,Food & Drink,491.51,Expense
2021-11-14,Service investment total mortgage priority financial.,Shopping,533.0,Expense
2021-11-15,Gross weekly special pharmacy bill.,Travel,1002.74,Expense
2021-11-15,Water renewal deposit deposit.,Food & Drink,659.51,Expense
2021-11-15,Entertainment express.,Shopping,767.13,Expense
2021-11-15,Win central.,Rent,1010.12,Expense
2021-11-16,Personal gross economy.,Health & Fitness,299.54,Expense
2021-11-16,Fee net parking.,Utilities,1413.44,Expense
2021-11-16,Utility mall account food transfer hospital.,Investment,1848.28,Income
2021-11-16,Restaurant contract deal special.,Shopping,772.13,Expense
2021-11-16,Gross investment electricity investment insurance management payment.,Shopping,1467.85,Expense
2021-11-16,Booking direct personal.,Travel,1731.0,Expense
2021-11-16,Analysis discuss.,Investment,1902.0,Income
2021-11-16,Weekly hardware fee business.,Food & Drink,95.02,Expense
2021-11-17,Hotel hardware economy standard grocery.,Rent,1454.81,Expense
2021-11-17,Gym package flight bus account bonus.,Food & Drink,1479.28,Expense
2021-11-17,Red head window be.,Health & Fitness,1686.63,Expense
2021-11-17,Health material.,Salary,1616.12,Income
2021-11-17,Online internet.,Food & Drink,909.24,Expense
2021-11-17,Travel project deal premium internet.,Utilities,1012.52,Expense
2021-11-18,Card star avoid nothing.,Food & Drink,171.63,Expense
2021-11-18,Business investment priority hotel.,Salary,1303.44,Income
2021-11-18,Economy contract.,Shopping,1061.86,Expense
2021-11-18,Subscription project pending.,Utilities,1854.54,Expense
2021-11-18,Network order total system.,Travel,1731.62,Expense
2021-11-18,Client reward discount digital adjustment gross renewal.,Rent,831.3,Expense
2021-11-18,Door end fire.,Travel,1305.75,Expense
2021-11-19,Business monthly credit service client.,Shopping,620.19,Expense
2021-11-19,Advance internet subscription budget internet fuel.,Investment,1444.98,Income
2021-11-19,Subscription interest travel gym salary bus freelance.,Shopping,1726.18,Expense
2021-11-19,Fish evening avoid dark.,Shopping,1240.04,Expense
2021-11-19,Pharmacy express discount train interest contract.,Other,4973.54,Income
2021-11-19,Invoice delivery bonus debit business.,Entertainment,1871.5,Expense
2021-11-19,Market debit support restaurant adjustment salary.,Investment,3187.87,Income
2021-11-19,Loan flight premium automatic debit pharmacy.,Investment,2549.09,Income
2021-11-19,Management pharmacy pending.,Investment,1283.89,Income
2021-11-20,Discount household.,Shopping,1156.44,Expense
2021-11-20,Flight standard market hospital network.,Health & Fitness,1172.01,Expense
2021-11-20,Payment health tools store plan total.,Utilities,735.62,Expense
2021-11-20,Delivery booking fuel monthly.,Food & Drink,1562.31,Expense
2021-11-20,Freelance booking restaurant.,Investment,1876.32,Income
2021-11-20,Subscription deal tax.,Travel,906.43,Expense
2021-11-21,Image movie who debate.,Shopping,601.89,Expense
2021-11-21,Enter build citizen rather.,Investment,1794.0,Income
2021-11-21,Special personal water.,Other,2404.78,Income
2021-11-21,Premium vendor water equipment travel special charge.,Food & Drink,1720.28,Expense
2021-11-21,Household material savings interest booking.,Shopping,1579.09,Expense
2021-11-21,Payment fuel food flight account interest grocery.,Food & Drink,1448.95,Expense
2021-11-21,Savings renewal.,Entertainment,604.81,Expense
2021-11-21,Choice clearly.,Other,2974.0,Income
2021-11-22,Entertainment salary maintenance flight tools.,Shopping,1198.76,Expense
2021-11-22,Booking standard contract water tax.,Entertainment,1230.0,Expense
2021-11-22,Electricity software market express phone.,Food & Drink,923.92,Expense
2021-11-22,Standard regular.,Shopping,326.25,Expense
2021-11-22,Balance travel investment network.,Health & Fitness,446.93,Expense
2021-11-22,Pharmacy charge clinic.,Other,4670.99,Income
2021-11-22,Gross water plan grocery monthly project hotel.,Food & Drink,1602.85,Expense
2021-11-23,Mall flight reward advance charge business.,Investment,4782.53,Income
2021-11-23,Structure foreign before.,Salary,934.24,Income
2021-11-23,Grocery premium fuel mall plan gross app.,Other,3827.49,Income
2021-11-23,Daily premium personal renewal.,Shopping,1771.56,Expense
2021-11-24,Deposit credit express household health balance electricity.,Entertainment,240.55,Expense
2021-11-24,Direct mall digital online utility renewal.,Investment,2111.85,Income
2021-11-24,Food pharmacy service online gym premium.,Shopping,829.32,Expense
2021-11-24,Fuel bill.,Entertainment,1200.11,Expense
2021-11-24,Direct package system reward renewal delivery.,Salary,432.83,Income
2021-11-24,Online plan.,Entertainment,1502.33,Expense
2021-11-24,Fee restaurant debit loan delivery water interest.,Salary,805.25,Income
2021-11-25,Software system balance economy investment pending.,Health & Fitness,1485.92,Expense
2021-11-25,Electricity balance fee internet adjustment.,Rent,1650.32,Expense
2021-11-25,Standard bill net package insurance maintenance.,Utilities,276.81,Expense
2021-11-25,Grocery flight grocery.,Entertainment,762.18,Expense
2021-11-25,Tax clinic.,Other,2585.34,Income
2021-11-25,Gross travel health priority subscription daily priority.,Other,1936.1,Income
2021-11-26,Mall hospital grocery special tools phone regular.,Health & Fitness,597.33,Expense
2021-11-26,Service utility contract gym.,Utilities,1351.35,Expense
2021-11-26,How any federal star.,Utilities,632.04,Expense
2021-11-26,Electricity network payment maintenance special household store.,Salary,1437.95,Income
2021-11-27,Debit savings reward order.,Salary,1924.23,Income
2021-11-27,Weight take.,Health & Fitness,1950.99,Expense
2021-11-27,Food economy support bus express utility standard.,Food & Drink,808.35,Expense
2021-11-27,Grocery management.,Salary,801.11,Income
2021-11-27,Invoice weekly client.,Utilities,228.55,Expense
2021-11-27,Support purchase app pending.,Entertainment,1871.53,Expense
2021-11-28,Interest delivery.,Food & Drink,1305.55,Expense
2021-11-28,Health vendor economy.,Health & Fitness,503.52,Expense
2021-11-28,Deal gym utility charge.,Investment,2062.89,Income
2021-11-28,Order deposit vendor.,Salary,776.89,Income
2021-11-28,Economic left sound cause activity.,Other,4718.0,Income
2021-11-28,Budget maintenance pending payment.,Entertainment,1038.98,Expense
2021-11-28,Hardware online.,Salary,1643.0,Income
2021-11-28,Advance management.,Utilities,1207.81,Expense
2021-11-28,Advance taxi phone.,Salary,766.09,Income
2021-11-29,Client system hotel mall.,Investment,1941.13,Income
2021-11-29,Loan clinic priority market order.,Travel,1474.48,Expense
2021-11-29,Package food food hotel app hospital investment.,Salary,1094.31,Income
2021-11-29,Bonus debit project gym balance.,Other,3677.43,Income
2021-11-29,Food bus train equipment tools charge booking.,Entertainment,810.26,Expense
2021-11-30,Weekly tax debit account economy.,Other,3537.07,Income
2021-11-30,Client insurance market store plan standard management.,Utilities,457.81,Expense
2021-11-30,Water project entertainment clinic phone.,Health & Fitness,913.38,Expense
2021-11-30,Flight total utility network plan salary food.,Shopping,1171.23,Expense
2021-11-30,Digital bill gross.,Entertainment,1875.87,Expense
2021-12-01,Cup hundred rather.,Health & Fitness,491.06,Expense
2021-12-01,Maintenance shop parking order transfer delivery.,Salary,1915.99,Income
2021-12-01,Hardware purchase health.,Food & Drink,1574.86,Expense
2021-12-01,Hospital balance pharmacy entertainment entertainment.,Salary,1589.11,Income
2021-12-02,Advance utility plan tools.,Entertainment,520.29,Expense
2021-12-02,Total tax financial online app.,Shopping,691.57,Expense
2021-12-02,Total transfer financial standard premium.,Salary,587.46,Income
2021-12-02,Equipment pharmacy fuel savings project salary.,Shopping,737.93,Expense
2021-12-02,Adjustment package premium.,Food & Drink,1059.71,Expense
2021-12-02,Taxi business.,Rent,1879.28,Expense
2021-12-02,Clinic entertainment express water deal.,Shopping,1908.2,Expense
2021-12-02,Only true avoid young cup.,Other,2530.0,Income
2021-12-03,Deal hotel bill.,Health & Fitness,585.16,Expense
2021-12-03,Account mortgage hospital.,Health & Fitness,1975.88,Expense
2021-12-03,Begin suggest speak.,Investment,2877.0,Income
2021-12-03,Walk anything.,Shopping,504.06,Expense
2021-12-03,System bus net interest.,Rent,203.32,Expense
2021-12-03,Client payment platform fee software maintenance.,Health & Fitness,1066.6,Expense
2021-12-03,Internet pharmacy maintenance restaurant project delivery.,Food & Drink,777.07,Expense
2021-12-03,Software freelance fuel.,Salary,1179.55,Income
2021-12-03,Tools mortgage bus regular package material digital.,Travel,441.26,Expense
2021-12-04,Invoice mall platform adjustment.,Utilities,1121.77,Expense
2021-12-04,Travel booking.,Entertainment,1400.2,Expense
2021-12-04,Mortgage savings reward.,Entertainment,1287.15,Expense
2021-12-04,Premium automatic bus mall.,Other,3165.25,Income
2021-12-05,Water savings net.,Travel,1377.31,Expense
2021-12-05,Online advance digital salary debit.,Entertainment,1329.3,Expense
2021-12-05,Project shop tools platform.,Other,1146.37,Income
2021-12-05,Investment maintenance processed discount personal.,Rent,1288.47,Expense
2021-12-05,Hospital client management.,Food & Drink,858.51,Expense
2021-12-06,Software monthly tax transfer adjustment processed.,Health & Fitness,587.63,Expense
2021-12-06,Entertainment travel hospital advance discount.,Utilities,43.45,Expense
2021-12-06,Net fuel economy monthly.,Rent,1325.83,Expense
2021-12-06,Financial parking.,Travel,580.19,Expense
2021-12-06,Tax fuel express material support flight order.,Salary,1055.53,Income
2021-12-06,Hospital adjustment special client.,Rent,667.05,Expense
2021-12-06,Business purchase discount grocery support renewal.,Shopping,1216.98,Expense
2021-12-06,Tax invoice entertainment.,Salary,1016.73,Income
2021-12-06,Budget parking reward.,Salary,647.17,Income
2021-12-07,Client household transfer.,Investment,2956.31,Income
2021-12-07,System invoice tools.,Other,3999.43,Income
2021-12-07,Management tools credit daily flight vendor equipment.,Utilities,1645.34,Expense
2021-12-07,Food internet.,Entertainment,1408.43,Expense
2021-12-07,Booking salary deposit payment entertainment.,Travel,1367.95,Expense
2021-12-07,Payment weekly pending daily train equipment pharmacy.,Investment,3213.71,Income
2021-12-08,Material store.,Utilities,594.38,Expense
2021-12-08,Adjustment annual maintenance weekly service.,Other,704.59,Income
2021-12-08,Pending regular system.,Investment,3710.96,Income
2021-12-08,Priority network equipment adjustment.,Salary,1186.44,Income
2021-12-08,Mortgage deal restaurant deposit.,Rent,249.56,Expense
2021-12-08,Start house ahead raise.,Utilities,1628.82,Expense
2021-12-08,Contract project restaurant.,Shopping,999.96,Expense
2021-12-09,Annual standard gross reward.,Entertainment,1698.37,Expense
2021-12-09,Democrat cost evidence third.,Health & Fitness,387.77,Expense
2021-12-09,People early far include nearly.,Other,4585.0,Income
2021-12-09,Automatic business platform special monthly direct monthly.,Travel,1834.96,Expense
2021-12-09,Pharmacy water.,Health & Fitness,884.85,Expense
2021-12-09,Material insurance mall travel.,Rent,1275.12,Expense
2021-12-09,Discount market.,Entertainment,992.57,Expense
2021-12-09,Deposit package advance bill account project.,Health & Fitness,334.51,Expense
2021-12-10,Food hardware.,Shopping,1226.99,Expense
2021-12-10,Premium client management utility utility special.,Investment,3399.03,Income
2021-12-10,Phone equipment processed client weekly clinic.,Other,3017.33,Income
2021-12-10,Special weekly pending deposit taxi system personal.,Health & Fitness,1252.59,Expense
2021-12-10,Financial internet support daily fuel economy.,Rent,961.69,Expense
2021-12-11,Client account flight mall food hardware.,Salary,1105.12,Income
2021-12-11,Monthly gym fuel grocery processed.,Entertainment,532.18,Expense
2021-12-11,Invoice debit account travel platform invoice financial.,Health & Fitness,977.32,Expense
2021-12-11,Automatic clinic.,Food & Drink,238.77,Expense
2021-12-11,Hospital grocery business total store credit system.,Travel,449.83,Expense
2021-12-11,Bonus pharmacy business client financial express.,Food & Drink,882.58,Expense
2021-12-11,Evidence case.,Salary,56.12,Income
2021-12-11,Maintenance purchase processed weekly grocery.,Other,2680.42,Income
2021-12-11,Monthly network express renewal fee.,Entertainment,412.08,Expense
2021-12-11,Interest standard delivery personal.,Investment,3316.48,Income
2021-12-12,Health tax.,Entertainment,1291.22,Expense
2021-12-12,Parking freelance deal total.,Travel,876.91,Expense
2021-12-12,Tools booking bonus travel.,Shopping,826.35,Expense
2021-12-12,Gym contract.,Health & Fitness,510.46,Expense
2021-12-12,Salary personal taxi pharmacy special.,Utilities,630.62,Expense
2021-12-12,Regular tax maintenance.,Other,2566.21,Income
2021-12-12,Utility debit network fee software.,Rent,485.9,Expense
2021-12-12,Eat yes myself affect him.,Salary,1933.71,Income
2021-12-13,Interest financial reward.,Salary,1860.07,Income
2021-12-13,Food app taxi internet mall.,Utilities,791.35,Expense
2021-12-13,Bonus system investment bonus support.,Rent,214.01,Expense
2021-12-13,Savings net project.,Health & Fitness,1216.78,Expense
2021-12-13,Market salary.,Rent,49.7,Expense
2021-12-13,Name machine tree maybe.,Health & Fitness,106.83,Expense
2021-12-13,Conference five despite.,Salary,578.64,Income
2021-12-13,Bonus maintenance salary regular savings.,Rent,892.22,Expense
2021-12-14,Hotel loan clinic support tax taxi.,Utilities,1674.54,Expense
2021-12-14,App hardware credit freelance electricity network deposit.,Utilities,584.06,Expense
2021-12-14,Support renewal premium personal.,Food & Drink,1030.76,Expense
2021-12-14,Support credit taxi gross.,Rent,609.04,Expense
2021-12-14,Mortgage debit credit electricity.,Food & Drink,797.29,Expense
2021-12-15,Automatic hospital water special.,Rent,1604.11,Expense
2021-12-15,Speak line.,Investment,4030.0,Income
2021-12-15,Deal direct restaurant train balance.,Investment,4768.96,Income
2021-12-15,Fuel loan health booking annual.,Salary,1356.32,Income
2021-12-15,Fuel order food support contract.,Salary,1350.58,Income
2021-12-15,Yourself wind beyond prevent entire.,Other,3496.0,Income
2021-12-15,Daily parking annual clinic.,Salary,1302.84,Income
2021-12-15,Salary digital priority advance investment bus package.,Rent,1518.75,Expense
2021-12-15,Utility parking deal weekly app.,Other,1942.69,Income
2021-12-15,Gross investment total advance.,Utilities,960.33,Expense
2021-12-15,Budget pharmacy.,Travel,894.79,Expense
2021-12-16,Fuel charge standard payment credit online renewal.,Investment,2308.46,Income
2021-12-16,Store budget.,Shopping,871.64,Expense
2021-12-16,Equipment balance pharmacy.,Rent,1477.45,Expense
2021-12-16,Offer work home.,Health & Fitness,100.03,Expense
2021-12-17,Parking utility phone travel budget hospital reward.,Rent,988.79,Expense
2021-12-17,Account annual.,Travel,898.54,Expense
2021-12-17,Restaurant economy equipment material bonus delivery.,Other,754.18,Income
2021-12-17,Travel monthly.,Utilities,1505.47,Expense
2021-12-17,Investment vendor entertainment food water.,Health & Fitness,118.52,Expense
2021-12-17,Pharmacy credit savings special tools.,Shopping,956.78,Expense
2021-12-18,Savings fee processed online delivery.,Other,2277.63,Income
2021-12-18,Charge reward restaurant pharmacy pending household purchase.,Health & Fitness,961.12,Expense
2021-12-18,Phone system.,Investment,3045.23,Income
2021-12-18,Processed monthly plan priority plan restaurant.,Utilities,510.43,Expense
2021-12-18,Contract bill hotel service net.,Entertainment,580.42,Expense
2021-12-19,Door fish scene.,Investment,3469.0,Income
2021-12-19,Priority insurance premium transfer bill bill express.,Entertainment,766.58,Expense
2021-12-19,Clinic business online maintenance annual discount online.,Other,2539.98,Income
2021-12-20,Internet annual pending debit clinic.,Investment,1972.74,Income
2021-12-20,Software regular subscription.,Salary,915.96,Income
2021-12-20,Agreement red way nor none.,Rent,778.83,Expense
2021-12-20,My compare also argue.,Travel,1652.37,Expense
2021-12-20,Special tools renewal network financial account express.,Investment,4469.02,Income
2021-12-21,Reward support travel financial balance.,Health & Fitness,1077.08,Expense
2021-12-21,Software reward hardware economy pending express account.,Salary,1072.0,Income
2021-12-21,Flight grocery phone tax savings.,Health & Fitness,1130.8,Expense
2021-12-21,Bus tax purchase net freelance internet.,Travel,1647.46,Expense
2021-12-22,Subscription annual interest economy restaurant.,Other,2836.71,Income
2021-12-22,Client water regular booking health.,Rent,870.66,Expense
2021-12-22,Maintenance account gym.,Health & Fitness,379.85,Expense
2021-12-22,Flight discount flight payment tools gross.,Utilities,1255.02,Expense
2021-12-22,Loan digital delivery health advance weekly.,Shopping,1802.81,Expense
2021-12-23,Platform fee bus platform bill platform direct.,Investment,3706.15,Income
2021-12-23,Money a.,Rent,266.04,Expense
2021-12-23,Debit processed fuel business travel.,Investment,1025.87,Income
2021-12-23,Total transfer utility.,Utilities,243.89,Expense
2021-12-23,Fee charge digital loan gross travel.,Salary,222.6,Income
2021-12-24,Network mortgage charge salary interest tools health.,Food & Drink,640.45,Expense
2021-12-24,Salary train invoice flight internet bus clinic.,Salary,370.05,Income
2021-12-24,Salary debit service adjustment.,Salary,1710.6,Income
2021-12-24,Future concern sort.,Other,3277.0,Income
2021-12-24,Business transfer package personal.,Other,3496.88,Income
2021-12-25,Food hospital.,Entertainment,1222.29,Expense
2021-12-25,Bill shop system network online.,Utilities,1945.8,Expense
2021-12-25,Salary transfer total tax economy insurance gross.,Utilities,439.57,Expense
2021-12-25,Phone pending train discount budget.,Travel,1570.02,Expense
2021-12-25,Hardware utility express clinic internet.,Other,2082.24,Income
2021-12-25,Material internet gross net payment.,Shopping,494.81,Expense
2021-12-25,Shop reward financial invoice online.,Rent,974.88,Expense
2021-12-25,Payment bonus.,Salary,1912.6,Income
2021-12-25,Store app automatic automatic business.,Food & Drink,1241.96,Expense
2021-12-25,Store invoice bill.,Travel,942.1,Expense
2021-12-25,Digital network system bill parking purchase.,Salary,211.51,Income
2021-12-26,Transfer system business health digital.,Shopping,1374.72,Expense
2021-12-26,Against only.,Health & Fitness,1512.38,Expense
2021-12-26,Direct business.,Rent,1295.18,Expense
2021-12-26,Express debit.,Entertainment,1149.0,Expense
2021-12-26,Management purchase.,Salary,874.21,Income
2021-12-27,Special gym bus taxi.,Shopping,1422.94,Expense
2021-12-27,Economy debit.,Health & Fitness,1235.5,Expense
2021-12-27,Market hotel.,Investment,4381.79,Income
2021-12-28,Support financial grocery automatic.,Travel,1563.25,Expense
2021-12-28,Suffer team.,Other,4596.0,Income
2021-12-28,Salary reward project delivery.,Other,2647.98,Income
2021-12-28,Direct priority.,Shopping,1123.55,Expense
2021-12-29,Vendor interest reward balance software subscription order.,Shopping,525.17,Expense
2021-12-29,Insurance flight credit parking.,Investment,2686.89,Income
2021-12-29,Business market phone.,Rent,576.46,Expense
2021-12-29,Fee tools.,Food & Drink,1094.26,Expense
2021-12-29,Deal bus network management deposit shop.,Shopping,968.7,Expense
2021-12-29,Health phone.,Investment,645.98,Income
2021-12-29,Charge travel monthly.,Entertainment,517.69,Expense
2021-12-30,Food equipment.,Utilities,1165.79,Expense
2021-12-30,Processed loan.,Other,3608.74,Income
2021-12-30,Entertainment plan package freelance transfer client interest.,Investment,2985.43,Income
2021-12-30,Business weekly vendor hospital food.,Health & Fitness,1443.01,Expense
2021-12-30,Restaurant software net.,Utilities,606.45,Expense
2021-12-30,Automatic client delivery.,Other,3036.36,Income
2021-12-30,Water credit automatic interest gross market.,Rent,1762.0,Expense
2021-12-30,Hospital insurance system budget invoice.,Investment,1832.62,Income
2021-12-30,Financial budget client monthly bus.,Food & Drink,834.24,Expense
2021-12-30,Train plan hospital travel entertainment gross deal.,Food & Drink,1064.31,Expense
2021-12-31,Deposit water.,Food & Drink,875.5,Expense
2021-12-31,Entertainment personal hotel savings special hotel bill.,Shopping,269.5,Expense
2021-12-31,Train material.,Rent,1899.35,Expense
2021-12-31,Bus support.,Salary,366.31,Income
2021-12-31,Payment bonus mall vendor restaurant.,Travel,1474.78,Expense
2021-12-31,Account budget equipment.,Salary,103.19,Income
2021-12-31,Express project.,Health & Fitness,1026.28,Expense
2021-12-31,Client project adjustment interest gross phone.,Shopping,366.26,Expense
2021-12-31,Economy deal net.,Health & Fitness,415.04,Expense
2021-12-31,Loan internet personal savings.,Rent,655.9,Expense
2021-12-31,Relate product only from.,Investment,1622.0,Income
2021-12-31,Order special system.,Investment,1551.63,Income
2022-01-01,Material tax financial loan account advance software.,Entertainment,810.46,Expense
2022-01-01,Wish run join.,Salary,1043.47,Income
2022-01-01,Store renewal.,Other,4379.03,Income
2022-01-02,Investment phone grocery hardware clinic fee.,Other,1697.19,Income
2022-01-02,Client salary credit fuel.,Salary,1347.15,Income
2022-01-02,Freelance credit.,Rent,971.52,Expense
2022-01-02,Hardware business food tools special.,Rent,1216.74,Expense
2022-01-02,Platform mortgage shop.,Investment,554.84,Income
2022-01-02,Savings automatic equipment hospital reward.,Travel,1697.62,Expense
2022-01-02,Express market health tax budget hardware booking.,Entertainment,370.44,Expense
2022-01-02,Utility vendor.,Health & Fitness,549.69,Expense
2022-01-03,Clinic software.,Investment,4049.85,Income
2022-01-03,Company why really up.,Investment,3186.0,Income
2022-01-03,Fee premium pharmacy direct client.,Investment,4615.6,Income
2022-01-03,Digital special network internet annual.,Utilities,1153.0,Expense
2022-01-03,Hospital household restaurant net discount management express.,Food & Drink,1385.21,Expense
2022-01-03,Concern ability reduce.,Travel,1191.51,Expense
2022-01-03,Program sport her.,Health & Fitness,333.38,Expense
2022-01-03,Insurance payment automatic market personal internet.,Shopping,1677.47,Expense
2022-01-03,Bus financial store bus market advance software.,Rent,769.51,Expense
2022-01-04,Surface side nothing consider.,Salary,1420.39,Income
2022-01-04,Fuel material investment invoice transfer phone investment.,Travel,879.75,Expense
2022-01-04,System project equipment savings.,Food & Drink,1380.29,Expense
2022-01-04,Debit flight financial grocery deposit personal.,Travel,1197.22,Expense
2022-01-04,Balance app health flight package business.,Entertainment,502.34,Expense
2022-01-04,Debit hospital.,Rent,1255.27,Expense
2022-01-04,Entertainment mall project food weekly.,Salary,1423.72,Income
2022-01-05,App software express system automatic deal entertainment.,Investment,2787.99,Income
2022-01-05,Determine not view cell seat.,Food & Drink,743.03,Expense
2022-01-05,Contract network water.,Entertainment,1342.93,Expense
2022-01-05,Insurance service charge transfer.,Other,2133.89,Income
2022-01-05,Bonus pharmacy balance package digital purchase.,Travel,1561.35,Expense
2022-01-05,Utility deal bus grocery reward.,Shopping,722.26,Expense
2022-01-05,Investment utility.,Food & Drink,396.74,Expense
2022-01-06,Network bonus electricity.,Utilities,1215.57,Expense
2022-01-06,Word collection those become.,Shopping,1171.57,Expense
2022-01-06,Annual taxi bus.,Food & Drink,314.93,Expense
2022-01-06,Hotel travel deposit tools freelance.,Food & Drink,436.71,Expense
2022-01-06,Business credit reward deal business fee daily.,Shopping,973.21,Expense
2022-01-06,App advance store.,Rent,42.29,Expense
2022-01-07,Mortgage train.,Investment,3523.63,Income
2022-01-07,Debit fee store shop standard balance balance.,Food & Drink,509.63,Expense
2022-01-07,Fee train bonus adjustment.,Utilities,101.4,Expense
2022-01-07,Restaurant credit phone freelance deal budget restaurant.,Other,3324.62,Income
2022-01-07,Gross store.,Other,1460.83,Income
2022-01-07,Phone interest financial vendor.,Food & Drink,1743.05,Expense
2022-01-07,Total special pending platform.,Salary,1339.65,Income
2022-01-08,Online pharmacy fuel gym package network advance.,Shopping,847.2,Expense
2022-01-08,Hospital automatic freelance contract balance.,Rent,278.38,Expense
2022-01-08,Freelance management balance parking tools hardware.,Entertainment,972.62,Expense
2022-01-08,Activity decide really go.,Food & Drink,1197.85,Expense
2022-01-08,Train budget fee regular.,Other,2151.08,Income
2022-01-08,Annual phone balance.,Rent,1594.95,Expense
2022-01-08,Shop deal client discount.,Salary,1144.78,Income
2022-01-09,Insurance net renewal water.,Entertainment,851.78,Expense
2022-01-09,Debit deposit transfer insurance hotel grocery entertainment.,Shopping,1883.74,Expense
2022-01-09,Bonus premium total bill app project direct.,Other,3386.91,Income
2022-01-09,Hospital tools deposit support.,Utilities,367.99,Expense
2022-01-09,Answer just.,Entertainment,1445.59,Expense
2022-01-09,Shop parking direct invoice salary loan.,Entertainment,1955.76,Expense
2022-01-09,Payment service contract booking.,Entertainment,1889.16,Expense
2022-01-09,Advance standard.,Entertainment,1006.6,Expense
2022-01-09,Adjustment investment contract pharmacy.,Other,1526.35,Income
2022-01-09,Priority market business deal.,Health & Fitness,1386.34,Expense
2022-01-09,Payment tax freelance market investment.,Health & Fitness,962.41,Expense
2022-01-10,Gross freelance shop pharmacy deal monthly shop.,Food & Drink,1881.17,Expense
2022-01-10,Account store app hardware.,Shopping,1270.11,Expense
2022-01-10,Platform app premium standard daily standard.,Shopping,616.32,Expense
2022-01-10,Payment deposit hotel management charge.,Entertainment,1377.02,Expense
2022-01-10,Premium freelance support fuel salary.,Health & Fitness,1449.01,Expense
2022-01-10,Advance business.,Travel,939.85,Expense
2022-01-10,Taxi fuel market fee.,Travel,1379.59,Expense
2022-01-10,Phone premium.,Travel,500.09,Expense
2022-01-10,Net plan.,Other,2887.44,Income
2022-01-10,Water parking delivery mall service.,Investment,3757.42,Income
2022-01-10,Express financial premium pending flight taxi.,Shopping,944.63,Expense
2022-01-11,Investment delivery economy investment hospital gross network.,Salary,659.4,Income
2022-01-11,Service flight.,Rent,682.91,Expense
2022-01-11,Parking material booking.,Entertainment,1773.38,Expense
2022-01-11,Priority app online fuel insurance.,Utilities,702.21,Expense
2022-01-12,Gross pharmacy.,Utilities,456.98,Expense
2022-01-12,Net financial debit invoice personal.,Other,3733.28,Income
2022-01-12,Transfer renewal tools internet insurance contract credit.,Health & Fitness,1074.28,Expense
2022-01-12,Pending order daily hardware electricity.,Shopping,1654.73,Expense
2022-01-12,Fuel plan discount business.,Salary,1024.63,Income
2022-01-12,Parking annual pharmacy.,Travel,1397.7,Expense
2022-01-12,Net fee utility.,Salary,1637.78,Income
2022-01-12,Utility management travel.,Food & Drink,697.89,Expense
2022-01-12,Shop market package premium.,Investment,3089.39,Income
2022-01-13,Software bill credit gross.,Health & Fitness,1645.56,Expense
2022-01-13,Tools flight bonus deposit invoice.,Food & Drink,1516.98,Expense
2022-01-13,Grocery personal service economy monthly payment weekly.,Investment,3400.8,Income
2022-01-13,Gym credit.,Salary,1393.19,Income
2022-01-13,Big look tell prepare.,Shopping,304.07,Expense
2022-01-13,This manage her.,Utilities,1053.22,Expense
2022-01-13,Adjustment hospital fee fee credit.,Rent,1025.27,Expense
2022-01-13,Priority credit business automatic.,Salary,1121.99,Income
2022-01-13,Mortgage clinic.,Shopping,1232.9,Expense
2022-01-13,Bonus advance flight.,Rent,1387.64,Expense
2022-01-14,Pending electricity maintenance economy utility network network.,Other,1118.68,Income
2022-01-14,Tools direct pending.,Travel,549.76,Expense
2022-01-14,Charge order salary food.,Salary,780.04,Income
2022-01-14,Later son almost.,Food & Drink,1149.41,Expense
2022-01-15,Market parking.,Rent,330.43,Expense
2022-01-15,Phone utility insurance electricity household net platform.,Rent,626.05,Expense
2022-01-15,Net savings.,Utilities,1710.67,Expense
2022-01-15,Electricity premium.,Salary,941.27,Income
2022-01-15,Express reward household project priority.,Shopping,1025.52,Expense
2022-01-15,Purchase fuel subscription.,Utilities,857.29,Expense
2022-01-15,Store deposit subscription store investment parking balance.,Health & Fitness,1422.78,Expense
2022-01-16,Natural together.,Utilities,831.79,Expense
2022-01-16,Account flight support regular service.,Salary,694.12,Income
2022-01-16,Mortgage delivery shop premium restaurant.,Travel,1441.3,Expense
2022-01-16,Client electricity.,Food & Drink,1413.94,Expense
2022-01-16,Taxi monthly app.,Rent,576.86,Expense
2022-01-16,End bit game thousand.,Entertainment,47.69,Expense
2022-01-17,Electricity mortgage digital debit.,Shopping,1571.77,Expense
2022-01-17,Deposit daily package purchase advance subscription.,Other,4332.09,Income
2022-01-17,Priority deal.,Health & Fitness,198.75,Expense
2022-01-17,Household subscription.,Travel,758.1,Expense
2022-01-18,Phone mortgage tools monthly digital electricity.,Health & Fitness,1310.58,Expense
2022-01-18,Gym package clinic fuel hotel mortgage insurance.,Other,2855.41,Income
2022-01-18,Gym market.,Health & Fitness,747.39,Expense
2022-01-18,Invoice contract premium system bonus.,Utilities,430.06,Expense
2022-01-18,Advance contract payment tools standard electricity.,Food & Drink,1308.68,Expense
2022-01-18,Order party lot all.,Salary,1746.91,Income
2022-01-18,Threat church big day couple.,Food & Drink,1414.49,Expense
2022-01-18,Direct monthly maintenance delivery mortgage credit.,Food & Drink,1247.1,Expense
2022-01-18,Reward annual online.,Salary,1591.47,Income
2022-01-18,Insurance adjustment electricity network insurance vendor.,Rent,1561.17,Expense
2022-01-19,Online booking system water.,Food & Drink,1275.5,Expense
2022-01-19,Booking total premium plan grocery client.,Salary,353.6,Income
2022-01-19,Mall booking bus water mortgage.,Health & Fitness,1131.29,Expense
2022-01-19,Purchase vendor advance taxi.,Rent,381.72,Expense
2022-01-19,Package train business net booking project.,Rent,1123.24,Expense
2022-01-19,Digital economy train digital priority order.,Shopping,1147.85,Expense
2022-01-19,Utility advance purchase mall material credit charge.,Utilities,1359.02,Expense
2022-01-20,Household tax.,Salary,889.51,Income
2022-01-20,Household fuel contract net system equipment.,Shopping,847.59,Expense
2022-01-20,Fee pending internet credit.,Health & Fitness,1169.34,Expense
2022-01-20,Invoice food pending.,Food & Drink,840.72,Expense
2022-01-20,Personal client direct shop.,Travel,1564.73,Expense
2022-01-20,Pending salary bus taxi.,Food & Drink,30.85,Expense
2022-01-20,Clinic contract market network.,Entertainment,770.36,Expense
2022-01-20,Fuel total subscription monthly.,Salary,1599.38,Income
2022-01-20,Phone weekly.,Other,2171.97,Income
2022-01-21,Approach about because.,Shopping,634.37,Expense
2022-01-21,Balance charge platform express maintenance.,Travel,1391.81,Expense
2022-01-21,Digital daily tax restaurant tools monthly.,Food & Drink,1143.54,Expense
2022-01-21,Software travel fee tools.,Salary,773.37,Income
2022-01-21,Enter example down anyone occur.,Health & Fitness,1996.26,Expense
2022-01-21,App service regular restaurant software tools standard.,Other,2884.5,Income
2022-01-22,Deposit reward debit hardware utility.,Food & Drink,1695.05,Expense
2022-01-22,Grocery account gross deposit freelance material.,Salary,520.41,Income
2022-01-22,Discount tools deal plan platform.,Other,1268.95,Income
2022-01-22,Advance project maintenance equipment entertainment mortgage reward.,Utilities,1124.51,Expense
2022-01-22,Best deal point.,Other,4975.0,Income
2022-01-22,Adjustment direct material adjustment.,Rent,1832.37,Expense
2022-01-22,Loan delivery bill fee financial discount.,Rent,964.59,Expense
2022-01-23,Travel service tools restaurant.,Food & Drink,690.24,Expense
2022-01-23,Purchase total market travel.,Shopping,414.14,Expense
2022-01-23,Bonus maintenance household financial.,Shopping,518.66,Expense
2022-01-23,Such final however major.,Travel,1224.05,Expense
2022-01-23,Household invoice digital loan plan tools.,Food & Drink,337.94,Expense
2022-01-24,Politics hold.,Investment,2785.0,Income
2022-01-24,Payment contract charge credit.,Health & Fitness,954.21,Expense
2022-01-25,Discount bonus service direct equipment.,Other,1398.59,Income
2022-01-25,Digital savings mortgage personal.,Travel,1848.39,Expense
2022-01-25,Account food market entertainment fuel financial.,Shopping,501.63,Expense
2022-01-25,Electricity bus.,Health & Fitness,1580.5,Expense
2022-01-25,Gross app daily weekly salary app gross.,Health & Fitness,1153.05,Expense
2022-01-25,Business bus.,Travel,1041.59,Expense
2022-01-25,Daily daily water.,Shopping,1092.34,Expense
2022-01-25,Personal tax credit bill internet train.,Entertainment,1744.7,Expense
2022-01-25,Deposit maintenance freelance software.,Food & Drink,1181.25,Expense
2022-01-25,Health market economy adjustment utility.,Health & Fitness,439.98,Expense
2022-01-26,Restaurant account food credit pharmacy management salary.,Health & Fitness,966.62,Expense
2022-01-26,Transfer balance monthly project equipment freelance transfer.,Other,1027.45,Income
2022-01-26,Daily package.,Utilities,327.67,Expense
2022-01-26,Purchase priority freelance insurance investment daily salary.,Salary,762.16,Income
2022-01-26,Vendor weekly plan interest.,Entertainment,1281.85,Expense
2022-01-26,Reward charge charge personal water.,Shopping,267.83,Expense
2022-01-26,Software advance software credit express deposit.,Other,2623.98,Income
2022-01-27,Budget booking premium taxi.,Investment,3181.34,Income
2022-01-27,Train fuel credit restaurant.,Entertainment,1274.18,Expense
2022-01-27,Loan daily.,Health & Fitness,712.25,Expense
2022-01-27,Flight electricity freelance balance fuel purchase.,Utilities,1310.9,Expense
2022-01-27,Personal reward bonus renewal.,Utilities,1033.16,Expense
2022-01-27,Priority clinic support system internet.,Salary,750.38,Income
2022-01-27,Fuel parking invoice.,Shopping,1139.38,Expense
2022-01-27,Management deal net tax.,Shopping,741.97,Expense
2022-01-28,Hard knowledge enjoy let.,Entertainment,1883.56,Expense
2022-01-28,Phone reward.,Shopping,798.18,Expense
2022-01-28,Fuel mall investment bill household bonus subscription.,Entertainment,1110.52,Expense
2022-01-28,Renewal flight utility bill.,Food & Drink,957.5,Expense
2022-01-28,Delivery personal.,Investment,1848.96,Income
2022-01-28,Account debit budget.,Rent,1632.34,Expense
2022-01-28,Daily maintenance gross tax adjustment.,Rent,1866.2,Expense
2022-01-29,Package balance bill project processed.,Health & Fitness,1036.45,Expense
2022-01-29,Freelance mortgage debit special digital contract.,Utilities,1698.35,Expense
2022-01-29,Financial train renewal internet train charge account.,Shopping,399.03,Expense
2022-01-29,Deal tools.,Travel,291.14,Expense
2022-01-29,Gym gym health loan.,Other,4288.48,Income
2022-01-29,Discount maintenance salary client equipment financial app.,Health & Fitness,1418.26,Expense
2022-01-29,Total contract client.,Health & Fitness,1188.07,Expense
2022-01-30,Flight platform budget credit bonus economy reward.,Health & Fitness,1296.22,Expense
2022-01-30,Hospital account taxi booking package payment.,Health & Fitness,936.72,Expense
2022-01-30,Adjustment adjustment app subscription travel hardware deal.,Travel,392.95,Expense
2022-01-31,Taxi pending household express priority regular freelance.,Investment,1517.18,Income
2022-01-31,Network electricity flight management salary household app.,Salary,1403.81,Income
2022-01-31,Express project loan gym app.,Other,1913.98,Income
2022-01-31,Freelance premium project store restaurant delivery renewal.,Travel,210.53,Expense
2022-01-31,Phone contract service financial reward.,Other,1213.28,Income
2022-02-01,Savings credit advance freelance gym hardware.,Rent,1093.66,Expense
2022-02-01,Standard express reward.,Salary,1006.6,Income
2022-02-01,Internet parking financial fuel purchase weekly.,Salary,720.68,Income
2022-02-01,Order subscription transfer fee debit bill regular.,Food & Drink,1286.68,Expense
2022-02-01,Electricity hotel payment.,Utilities,577.35,Expense
2022-02-01,Client automatic.,Other,2376.91,Income
2022-02-01,Nor character recent.,Travel,1412.75,Expense
2022-02-02,Clinic store system processed purchase loan.,Utilities,1074.38,Expense
2022-02-02,Gross business package package.,Entertainment,901.42,Expense
2022-02-02,Property space.,Salary,640.91,Income
2022-02-02,Salary invoice account plan hotel.,Health & Fitness,1337.73,Expense
2022-02-02,Freelance client contract.,Entertainment,888.03,Expense
2022-02-02,Flight plan invoice premium phone.,Shopping,957.02,Expense
2022-02-03,Interest economy.,Utilities,1184.21,Expense
2022-02-03,Freelance pharmacy credit market.,Rent,1020.53,Expense
2022-02-03,Contract loan.,Travel,1078.15,Expense
2022-02-03,Reward network.,Health & Fitness,616.06,Expense
2022-02-04,Standard market deposit fee charge purchase.,Utilities,236.1,Expense
2022-02-04,Hotel contract gym.,Rent,210.39,Expense
2022-02-04,Package delivery bonus purchase parking hardware.,Travel,108.5,Expense
2022-02-04,Clinic household.,Investment,2751.56,Income
2022-02-04,Personal daily service daily insurance.,Rent,1211.47,Expense
2022-02-04,Support hardware internet automatic gym plan.,Health & Fitness,565.24,Expense
2022-02-05,Pharmacy household loan automatic.,Shopping,1299.26,Expense
2022-02-05,Account subscription credit.,Investment,2650.15,Income
2022-02-05,Debit management tools restaurant.,Other,3710.45,Income
2022-02-05,Platform management account grocery balance.,Travel,874.69,Expense
2022-02-05,Processed purchase credit priority.,Utilities,1181.13,Expense
2022-02-05,Digital tools economy subscription online.,Salary,1399.88,Income
2022-02-05,Think live bad total research.,Shopping,1792.56,Expense
2022-02-05,Dinner article hit mission whole.,Travel,582.7,Expense
2022-02-06,Too song quality per build.,Health & Fitness,1909.67,Expense
2022-02-06,Personal monthly parking.,Other,2297.41,Income
2022-02-06,Account standard market.,Salary,1562.7,Income
2022-02-06,Charge booking hotel material hotel.,Travel,1457.93,Expense
2022-02-06,Deal travel savings.,Utilities,1733.96,Expense
2022-02-06,Contract system regular purchase financial.,Travel,1315.45,Expense
2022-02-06,Loan online loan.,Food & Drink,1331.15,Expense
2022-02-06,Loan water.,Investment,1718.18,Income
2022-02-07,Utility economy tools freelance bus internet charge.,Health & Fitness,1369.68,Expense
2022-02-07,Store insurance gross economy utility mall.,Travel,1382.99,Expense
2022-02-08,Investment water special entertainment subscription.,Utilities,512.82,Expense
2022-02-08,Charge direct material household.,Shopping,1374.09,Expense
2022-02-08,Water package personal shop annual budget.,Other,2670.6,Income
2022-02-08,Hardware deal business platform project restaurant.,Rent,1315.1,Expense
2022-02-08,We cold deep.,Travel,93.71,Expense
2022-02-08,Amount bad raise.,Rent,699.26,Expense
2022-02-08,Gross vendor taxi internet personal fee.,Food & Drink,369.7,Expense
2022-02-08,Gym food service.,Entertainment,1282.59,Expense
2022-02-09,Balance balance.,Food & Drink,1702.87,Expense
2022-02-09,Economy special daily charge client client purchase.,Utilities,1634.73,Expense
2022-02-09,Train loan tax budget management special personal.,Utilities,1412.76,Expense
2022-02-09,Challenge organization floor road southern.,Travel,1497.2,Expense
2022-02-09,Salary software deal train automatic.,Investment,3642.16,Income
2022-02-09,Advance reward project platform deal food.,Shopping,399.08,Expense
2022-02-09,Electricity automatic renewal delivery investment total.,Other,2679.59,Income
2022-02-09,Plan bus.,Investment,2171.11,Income
2022-02-09,Premium mall.,Salary,242.18,Income
2022-02-09,Food travel clinic financial.,Other,3689.05,Income
2022-02-09,Network credit.,Rent,1496.87,Expense
2022-02-09,Travel financial health monthly.,Other,1437.54,Income
2022-02-09,Transfer premium bonus credit discount.,Health & Fitness,1405.79,Expense
2022-02-10,Interest deal.,Utilities,1777.01,Expense
2022-02-10,News need task mind.,Travel,1866.72,Expense
2022-02-10,Onto site both change note.,Utilities,227.36,Expense
2022-02-10,Test they there.,Entertainment,1279.51,Expense
2022-02-10,Understand none.,Entertainment,492.49,Expense
2022-02-10,Restaurant bonus travel.,Shopping,1010.07,Expense
2022-02-10,Bonus savings express plan interest subscription.,Rent,1369.87,Expense
2022-02-11,Advance daily subscription.,Salary,525.15,Income
2022-02-11,Management health credit savings financial contract annual.,Health & Fitness,1392.01,Expense
2022-02-11,Pressure occur list common.,Other,3205.0,Income
2022-02-11,Reward total store digital express platform.,Food & Drink,657.06,Expense
2022-02-11,Software express hardware gross maintenance.,Other,2217.07,Income
2022-02-11,Deal personal total hardware premium.,Health & Fitness,594.93,Expense
2022-02-11,Train freelance.,Shopping,1018.75,Expense
2022-02-11,Electricity credit.,Food & Drink,782.28,Expense
2022-02-11,Bill standard pending.,Salary,586.58,Income
2022-02-12,Balance annual.,Other,4557.41,Income
2022-02-12,Daily weekly contract contract digital internet hardware.,Shopping,927.49,Expense
2022-02-12,Subscription management direct plan financial loan mall.,Rent,773.64,Expense
2022-02-12,Clinic project personal delivery system reward.,Other,3216.23,Income
2022-02-12,Gross special standard plan gym grocery.,Investment,2191.67,Income
2022-02-12,Renewal purchase reward utility.,Salary,424.48,Income
2022-02-12,Phone savings total.,Travel,1308.97,Expense
2022-02-13,Network support electricity.,Shopping,1662.54,Expense
2022-02-13,Hospital service adjustment gym equipment.,Utilities,1236.33,Expense
2022-02-13,Credit budget direct.,Utilities,627.75,Expense
2022-02-13,Monthly subscription.,Travel,898.69,Expense
2022-02-13,Deal bill budget renewal.,Travel,411.18,Expense
2022-02-14,Freelance food.,Other,2435.46,Income
2022-02-14,Purchase support processed support hospital.,Rent,1556.85,Expense
2022-02-14,Plan business utility financial monthly business.,Utilities,886.8,Expense
2022-02-14,Reward grocery flight vendor charge.,Travel,958.75,Expense
2022-02-14,Invoice invoice.,Food & Drink,975.53,Expense
2022-02-14,Peace race i.,Rent,1365.57,Expense
2022-02-15,Daily gross network order system client booking.,Food & Drink,590.19,Expense
2022-02-15,Charge maintenance flight support.,Entertainment,1830.14,Expense
2022-02-15,Account personal system.,Utilities,239.79,Expense
2022-02-15,Travel bonus daily transfer bus.,Entertainment,1386.19,Expense
2022-02-15,Fee gym fuel.,Food & Drink,1020.8,Expense
2022-02-16,Service interest salary travel project.,Salary,1710.26,Income
2022-02-16,Discount tax grocery electricity weekly train net.,Salary,895.12,Income
2022-02-16,Monthly bill electricity hardware app fee entertainment.,Food & Drink,416.6,Expense
2022-02-16,Flight pharmacy discount phone daily annual.,Utilities,1164.79,Expense
2022-02-16,Digital standard booking gross renewal.,Investment,2497.15,Income
2022-02-16,Market personal app platform tools.,Shopping,603.25,Expense
2022-02-16,Maintenance package client renewal.,Entertainment,1645.33,Expense
2022-02-16,Digital equipment electricity contract order.,Entertainment,1736.84,Expense
2022-02-16,Client project support software personal premium.,Shopping,1914.86,Expense
2022-02-16,Insurance fuel personal app clinic.,Other,2816.61,Income
2022-02-17,Feel season similar.,Food & Drink,1816.79,Expense
2022-02-17,Deal restaurant.,Food & Drink,1474.37,Expense
2022-02-17,Real any little environmental.,Investment,3833.0,Income
2022-02-17,Full soldier.,Salary,960.12,Income
2022-02-17,Successful teach range.,Other,3131.0,Income
2022-02-17,System tools credit charge balance daily debit.,Food & Drink,574.89,Expense
2022-02-17,Fee express salary weekly mortgage economy.,Shopping,142.44,Expense
2022-02-17,Tools balance vendor weekly clinic train.,Utilities,1568.08,Expense
2022-02-17,Client platform water management annual account standard.,Utilities,248.14,Expense
2022-02-17,Priority investment.,Rent,939.81,Expense
2022-02-17,Charge parking total.,Shopping,1277.42,Expense
2022-02-18,Booking hospital taxi subscription market internet.,Food & Drink,1603.97,Expense
2022-02-18,Balance store tools vendor mortgage budget economy.,Entertainment,1383.42,Expense
2022-02-18,Mortgage pharmacy.,Entertainment,1255.02,Expense
2022-02-18,Rock painting become.,Investment,4883.0,Income
2022-02-18,Hotel insurance app interest digital.,Rent,395.51,Expense
2022-02-19,Entertainment platform.,Salary,969.86,Income
2022-02-19,Adjustment parking budget order.,Utilities,35.77,Expense
2022-02-19,Advance delivery deposit.,Investment,3895.51,Income
2022-02-19,Vendor tools express maintenance.,Entertainment,906.9,Expense
2022-02-19,Gross economy app debit total.,Other,1752.35,Income
2022-02-19,Processed mall credit monthly personal reward.,Investment,2096.9,Income
2022-02-19,Hotel budget advance tax annual regular platform.,Shopping,1316.81,Expense
2022-02-19,Balance household order reward special balance.,Other,3471.64,Income
2022-02-20,Booking fuel client budget.,Other,2051.63,Income
2022-02-20,Deposit electricity tools deal vendor.,Utilities,672.33,Expense
2022-02-20,Reward deposit system.,Investment,3787.71,Income
2022-02-20,Hardware interest total monthly material renewal insurance.,Rent,1164.9,Expense
2022-02-20,Purchase online fuel.,Utilities,1109.55,Expense
2022-02-20,App total tax investment advance express parking.,Utilities,1237.63,Expense
2022-02-20,Restaurant account maintenance purchase food gym.,Rent,258.62,Expense
2022-02-20,Travel gym budget contract utility savings train.,Salary,1352.29,Income
2022-02-21,Savings store shop standard advance debit.,Rent,1952.75,Expense
2022-02-21,Tree imagine machine.,Food & Drink,1827.33,Expense
2022-02-21,Support special pharmacy reward platform.,Food & Drink,761.44,Expense
2022-02-21,Fuel investment net delivery restaurant management insurance.,Rent,683.03,Expense
2022-02-21,Support hardware digital online.,Rent,860.35,Expense
2022-02-21,Freelance processed hotel hospital delivery premium.,Entertainment,225.56,Expense
2022-02-22,Delivery plan transfer store subscription.,Travel,1391.04,Expense
2022-02-22,Food health software.,Entertainment,1978.7,Expense
2022-02-22,Career surface these ahead.,Shopping,1578.04,Expense
2022-02-22,Hardware premium adjustment network premium.,Entertainment,1419.25,Expense
2022-02-22,Plan flight taxi regular household weekly.,Health & Fitness,935.79,Expense
2022-02-22,Pharmacy freelance.,Entertainment,932.55,Expense
2022-02-22,System pharmacy.,Other,705.05,Income
2022-02-22,Start middle city find.,Investment,797.0,Income
2022-02-23,Household credit.,Health & Fitness,1653.38,Expense
2022-02-23,Clinic financial shop.,Other,3253.58,Income
2022-02-23,Entertainment booking.,Utilities,365.15,Expense
2022-02-23,Support digital.,Entertainment,634.33,Expense
2022-02-24,Deposit clinic.,Rent,738.13,Expense
2022-02-24,Market pending transfer special.,Other,3436.45,Income
2022-02-24,Annual store savings.,Salary,1403.06,Income
2022-02-25,Total interest credit pending.,Food & Drink,921.04,Expense
2022-02-25,Phone freelance.,Food & Drink,973.36,Expense
2022-02-25,Direct package bonus maintenance annual health.,Other,760.43,Income
2022-02-25,Student economic lead.,Other,806.0,Income
2022-02-25,Equipment fee delivery internet.,Investment,1499.94,Income
2022-02-26,Market balance advance bus.,Other,2543.44,Income
2022-02-26,Hardware net deposit daily budget.,Salary,1134.82,Income
2022-02-26,Mall system freelance.,Entertainment,1429.56,Expense
2022-02-27,Priority subscription.,Utilities,1198.7,Expense
2022-02-27,Vendor travel processed balance platform contract.,Shopping,1320.95,Expense
2022-02-27,Transfer online annual credit subscription business invoice.,Investment,2418.06,Income
2022-02-27,Account payment.,Other,3347.63,Income
2022-02-27,Digital account mall gross.,Rent,658.17,Expense
2022-02-27,Balance adjustment.,Shopping,260.11,Expense
2022-02-27,Special maintenance gross.,Utilities,1699.36,Expense
2022-02-27,Ever statement measure.,Investment,3244.0,Income
2022-02-28,Food express balance system bill debit.,Rent,1379.33,Expense
2022-02-28,Advance deal internet.,Other,2755.47,Income
2022-02-28,Interest grocery payment.,Rent,860.88,Expense
2022-02-28,Food clinic.,Entertainment,1738.09,Expense
2022-02-28,Weekly management project.,Utilities,1173.17,Expense
2022-02-28,Tax credit.,Shopping,1532.59,Expense
2022-02-28,Internet utility app special.,Travel,277.04,Expense
2022-02-28,Maintenance business account tax.,Utilities,1534.79,Expense
2022-02-28,Market mortgage delivery pending.,Food & Drink,954.22,Expense
2022-03-01,Invoice deal client.,Health & Fitness,1079.52,Expense
2022-03-01,Priority hotel budget balance account digital.,Utilities,1682.0,Expense
2022-03-01,Drop major.,Salary,1779.63,Income
2022-03-01,Bus credit.,Shopping,734.69,Expense
2022-03-02,System reward electricity standard.,Entertainment,1243.34,Expense
2022-03-02,Shop bus clinic premium.,Travel,1198.04,Expense
2022-03-02,Network delivery express gym phone.,Travel,1127.54,Expense
2022-03-02,Whether listen necessary.,Other,2735.0,Income
2022-03-02,Charge software.,Shopping,1320.33,Expense
2022-03-02,Delivery management phone mortgage bill.,Entertainment,1494.91,Expense
2022-03-02,Vendor phone total fee digital pending deposit.,Utilities,610.4,Expense
2022-03-02,Insurance hardware service economy support digital.,Other,3943.19,Income
2022-03-02,Tax net bonus salary food automatic.,Travel,856.86,Expense
2022-03-02,Interest express premium client mall automatic travel.,Entertainment,724.61,Expense
2022-03-03,Payment plan priority premium travel store water.,Investment,944.54,Income
2022-03-03,Investment entertainment.,Other,2758.09,Income
2022-03-03,Charge advance priority electricity mortgage savings.,Investment,1676.14,Income
2022-03-03,Order bill store order.,Other,879.85,Income
2022-03-03,Debit direct bus financial.,Entertainment,1306.12,Expense
2022-03-03,Food special hardware.,Food & Drink,599.53,Expense
2022-03-04,Insurance invoice adjustment express market.,Utilities,911.21,Expense
2022-03-04,Network advance debit budget.,Other,4184.37,Income
2022-03-04,Priority premium hardware direct software household.,Other,2098.96,Income
2022-03-04,Insurance internet weekly.,Health & Fitness,559.6,Expense
2022-03-04,Vendor purchase.,Entertainment,1890.45,Expense
2022-03-04,Study else store.,Investment,3208.0,Income
2022-03-05,Subscription hotel.,Rent,1905.74,Expense
2022-03-05,Salary regular payment.,Health & Fitness,1143.27,Expense
2022-03-05,Deposit maintenance bonus electricity food.,Utilities,994.48,Expense
2022-03-05,Digital train vendor electricity.,Utilities,823.92,Expense
2022-03-05,Express subscription mall vendor transfer network.,Travel,996.53,Expense
2022-03-05,Parking order maintenance tax savings automatic.,Salary,1176.34,Income
2022-03-05,Deposit project business interest parking grocery utility.,Utilities,801.33,Expense
2022-03-05,Agree anyone take.,Other,2607.0,Income
2022-03-06,Financial priority loan package charge package project.,Entertainment,1873.6,Expense
2022-03-06,Restaurant savings household material train support.,Salary,1862.26,Income
2022-03-06,Flight tax insurance savings renewal.,Other,4122.35,Income
2022-03-06,Subscription advance balance total subscription utility.,Entertainment,60.45,Expense
2022-03-06,Delivery support household gross daily.,Food & Drink,1126.22,Expense
2022-03-06,Food booking online.,Health & Fitness,1412.8,Expense
2022-03-06,Package debit delivery electricity debit.,Entertainment,1452.53,Expense
2022-03-06,Food processed adjustment.,Food & Drink,572.12,Expense
2022-03-07,Positive question especially.,Food & Drink,1475.87,Expense
2022-03-07,Bill service maintenance delivery network.,Shopping,1064.31,Expense
2022-03-07,After sister should across treatment.,Entertainment,359.23,Expense
2022-03-07,Equipment annual app payment train bonus.,Investment,3116.14,Income
2022-03-07,Charge insurance utility total.,Salary,447.55,Income
2022-03-08,Clinic credit.,Entertainment,1103.62,Expense
2022-03-08,Train reward network client business.,Rent,1384.02,Expense
2022-03-08,Salary insurance tax total.,Rent,891.81,Expense
2022-03-08,Priority market service.,Rent,407.03,Expense
2022-03-08,Weekly phone.,Travel,717.04,Expense
2022-03-09,Automatic bill daily gym pharmacy.,Investment,1667.84,Income
2022-03-09,Pharmacy travel transfer.,Other,1947.08,Income
2022-03-09,Hardware support daily.,Entertainment,1021.85,Expense
2022-03-09,Store net gross store.,Health & Fitness,1329.89,Expense
2022-03-09,Discount processed.,Entertainment,1428.58,Expense
2022-03-10,Tools material.,Shopping,319.44,Expense
2022-03-10,Equipment bonus parking subscription system.,Entertainment,1078.62,Expense
2022-03-10,Bonus net hardware package.,Entertainment,1565.07,Expense
2022-03-10,Invoice premium daily payment.,Investment,2324.04,Income
2022-03-10,Business network tax health debit restaurant health.,Food & Drink,227.82,Expense
2022-03-10,Market digital service project vendor.,Food & Drink,618.34,Expense
2022-03-10,Hotel vendor utility vendor platform payment total.,Health & Fitness,390.42,Expense
2022-03-10,Water hospital.,Shopping,1449.7,Expense
2022-03-10,Parking booking.,Utilities,1727.88,Expense
2022-03-11,Booking deal freelance booking total electricity loan.,Utilities,554.18,Expense
2022-03-11,Mall travel network fee maintenance equipment.,Food & Drink,908.77,Expense
2022-03-11,Shop network adjustment annual train.,Investment,1719.05,Income
2022-03-11,Net freelance express.,Entertainment,614.05,Expense
2022-03-11,Deposit system.,Utilities,1278.87,Expense
2022-03-11,Shop network taxi clinic food.,Salary,1330.09,Income
2022-03-11,Delivery vendor store mortgage food.,Travel,397.38,Expense
2022-03-11,Clinic transfer deal network advance fee.,Utilities,678.68,Expense
2022-03-11,Processed savings booking.,Rent,678.01,Expense
2022-03-11,Software bill restaurant hotel salary.,Entertainment,1004.46,Expense
2022-03-11,Charge discount financial.,Food & Drink,1379.01,Expense
2022-03-11,Flight tax balance transfer mortgage grocery.,Investment,2211.69,Income
2022-03-11,Equipment tools loan hospital clinic bill.,Shopping,657.05,Expense
2022-03-11,Annual material equipment material.,Utilities,1158.44,Expense
2022-03-12,Pharmacy savings water special.,Food & Drink,1093.19,Expense
2022-03-12,Subscription market plan total premium contract.,Other,728.28,Income
2022-03-12,Maintenance platform internet service software.,Health & Fitness,496.71,Expense
2022-03-12,Song difference part wall require.,Shopping,1655.71,Expense
2022-03-12,Freelance daily salary automatic.,Health & Fitness,59.14,Expense
2022-03-12,Service hardware direct electricity hotel equipment.,Salary,706.05,Income
2022-03-12,Credit hardware.,Food & Drink,1186.51,Expense
2022-03-13,Direct delivery.,Shopping,212.44,Expense
2022-03-13,Platform system loan savings daily express insurance.,Shopping,727.57,Expense
2022-03-13,Express hospital network software.,Investment,2639.5,Income
2022-03-13,Platform discount delivery tools water software.,Rent,1234.82,Expense
2022-03-14,Time surface learn design.,Rent,807.66,Expense
2022-03-14,Tools total management annual system premium financial.,Shopping,85.75,Expense
2022-03-14,Monthly invoice standard account deposit phone.,Shopping,916.45,Expense
2022-03-14,Deal store electricity express credit.,Salary,1915.5,Income
2022-03-15,Service internet flight.,Shopping,373.06,Expense
2022-03-15,Grocery special grocery personal priority.,Rent,1490.91,Expense
2022-03-15,Salary deal investment contract.,Rent,1217.03,Expense
2022-03-16,Insurance network.,Rent,910.43,Expense
2022-03-16,Gym balance.,Travel,90.91,Expense
2022-03-16,Software store.,Health & Fitness,437.68,Expense
2022-03-16,Invoice grocery grocery shop advance net phone.,Health & Fitness,1631.34,Expense
2022-03-16,Fuel personal plan account.,Health & Fitness,851.76,Expense
2022-03-16,Total store order health hotel account service.,Salary,486.71,Income
2022-03-16,Loan account fuel platform store material express.,Entertainment,846.36,Expense
2022-03-16,Fee personal.,Entertainment,1174.05,Expense
2022-03-17,Direct tools transfer.,Food & Drink,1332.04,Expense
2022-03-17,Business clinic.,Food & Drink,296.03,Expense
2022-03-17,Positive participant fear blue as.,Entertainment,23.59,Expense
2022-03-17,Station however bill memory production.,Investment,4411.0,Income
2022-03-17,Contract purchase platform adjustment fuel charge.,Food & Drink,769.35,Expense
2022-03-18,Contract renewal.,Shopping,77.55,Expense
2022-03-18,Premium pharmacy.,Travel,1419.57,Expense
2022-03-18,Invoice pending financial investment.,Travel,974.81,Expense
2022-03-18,Personal maintenance order internet deposit.,Shopping,1086.44,Expense
2022-03-18,Vendor fee.,Salary,983.73,Income
2022-03-18,Race return pretty young.,Travel,1310.83,Expense
2022-03-18,Technology end represent throughout.,Salary,1509.98,Income
2022-03-18,Change she tonight.,Travel,1169.1,Expense
2022-03-18,Automatic savings regular special.,Utilities,1027.38,Expense
2022-03-19,Hotel vendor deposit credit hardware daily.,Travel,942.46,Expense
2022-03-19,Household maintenance order discount.,Shopping,262.03,Expense
2022-03-19,Debit software hotel mall annual.,Rent,491.03,Expense
2022-03-19,Material financial software client.,Investment,3405.93,Income
2022-03-19,Fuel water equipment payment.,Investment,3189.38,Income
2022-03-20,Hotel bill deal hardware gym invoice fuel.,Shopping,579.5,Expense
2022-03-20,Bill maintenance account shop insurance.,Rent,701.48,Expense
2022-03-20,Account charge order mall balance contract total.,Entertainment,1024.41,Expense
2022-03-20,Priority plan regular investment payment.,Shopping,823.34,Expense
2022-03-20,Risk develop movement size.,Utilities,816.78,Expense
2022-03-20,Identify say on yes.,Food & Drink,1338.89,Expense
2022-03-21,Direct bonus net hospital support train.,Rent,807.54,Expense
2022-03-21,Advance hardware household service service advance client.,Food & Drink,941.98,Expense
2022-03-21,Delivery software.,Rent,1278.54,Expense
2022-03-21,Insurance net order pending.,Travel,1182.5,Expense
2022-03-21,Service gross charge.,Health & Fitness,1222.74,Expense
2022-03-21,Material premium priority bill.,Food & Drink,1105.36,Expense
2022-03-22,Feel color price next.,Travel,1383.68,Expense
2022-03-22,Balance automatic investment business.,Salary,1677.16,Income
2022-03-22,Payment management mall travel.,Rent,680.25,Expense
2022-03-22,Renewal travel economy.,Health & Fitness,1275.38,Expense
2022-03-22,System water digital processed.,Other,2763.34,Income
2022-03-22,Monthly order grocery charge train.,Rent,950.58,Expense
2022-03-23,Order annual tax water.,Other,3516.81,Income
2022-03-23,Online bonus interest tax water.,Rent,1395.14,Expense
2022-03-23,Personal pending water subscription.,Utilities,1221.98,Expense
2022-03-23,Mortgage platform.,Shopping,790.09,Expense
2022-03-23,Maintenance clinic system taxi household train annual.,Travel,1117.17,Expense
2022-03-23,Likely scientist.,Travel,741.41,Expense
2022-03-23,Water tonight pressure.,Utilities,961.58,Expense
2022-03-24,Plan bus budget management online.,Health & Fitness,293.04,Expense
2022-03-24,Mall software.,Salary,1279.04,Income
2022-03-24,Development the inside thought.,Health & Fitness,837.53,Expense
2022-03-24,Economy advance standard.,Utilities,366.23,Expense
2022-03-24,Automatic bonus tax gym processed express financial.,Entertainment,63.73,Expense
2022-03-25,One less brother.,Salary,1517.13,Income
2022-03-25,Delivery bus balance priority service.,Health & Fitness,1983.19,Expense
2022-03-25,Deal monthly financial.,Health & Fitness,459.98,Expense
2022-03-25,Network priority package renewal.,Utilities,988.9,Expense
2022-03-25,Daily store total bill gym.,Travel,281.08,Expense
2022-03-25,Service software.,Travel,1631.58,Expense
2022-03-25,Hospital subscription bus fuel monthly payment household.,Travel,1265.09,Expense
2022-03-25,Priority travel weekly.,Investment,2013.04,Income
2022-03-26,Health insurance.,Salary,343.61,Income
2022-03-26,Bus premium.,Food & Drink,1920.35,Expense
2022-03-26,Oil per line create build.,Entertainment,1526.1,Expense
2022-03-26,Software total.,Other,985.5,Income
2022-03-26,Charge discount tools market mall monthly.,Travel,856.16,Expense
2022-03-26,Online budget gross annual budget digital monthly.,Rent,857.82,Expense
2022-03-26,Tax entertainment restaurant internet charge.,Food & Drink,1770.82,Expense
2022-03-26,Electricity subscription platform processed investment transfer.,Utilities,1432.02,Expense
2022-03-27,Fear approach take case customer.,Rent,1055.76,Expense
2022-03-27,Client personal delivery hospital priority loan automatic.,Health & Fitness,1698.66,Expense
2022-03-27,Plan automatic equipment reward.,Shopping,1303.35,Expense
2022-03-28,Economy freelance order salary platform deposit.,Other,3186.1,Income
2022-03-28,Throughout would century television congress.,Health & Fitness,165.42,Expense
2022-03-28,Size sister can its.,Other,4762.0,Income
2022-03-28,Forward would finish around.,Food & Drink,1659.26,Expense
2022-03-28,Decide similar office.,Entertainment,1149.68,Expense
2022-03-28,Gross water package bonus automatic.,Investment,3045.31,Income
2022-03-28,Bonus freelance electricity automatic.,Rent,1889.95,Expense
2022-03-29,Advance system credit gym.,Salary,410.38,Income
2022-03-29,Store app taxi processed service support charge.,Rent,101.99,Expense
2022-03-29,Health software clinic investment.,Entertainment,1536.87,Expense
2022-03-29,Throughout series.,Salary,1619.3,Income
2022-03-29,Investment local above move.,Entertainment,1436.67,Expense
2022-03-30,Gym charge electricity total discount contract.,Travel,335.25,Expense
2022-03-30,Automatic pharmacy.,Utilities,1803.66,Expense
2022-03-30,Automatic clinic entertainment business app.,Travel,1198.42,Expense
2022-03-30,Market budget hospital mall client.,Other,4060.23,Income
2022-03-30,Hospital vendor service.,Other,1071.9,Income
2022-03-30,Taxi priority financial.,Other,1673.23,Income
2022-03-30,Mortgage parking debit travel freelance.,Shopping,935.06,Expense
2022-03-31,Plan contract net.,Investment,3204.59,Income
2022-03-31,Processed interest vendor bill.,Entertainment,1435.57,Expense
2022-03-31,Subscription deposit regular booking direct utility.,Utilities,1277.25,Expense
2022-03-31,Payment express purchase salary business adjustment network.,Food & Drink,1636.24,Expense
2022-03-31,Net project.,Rent,1064.14,Expense
2022-03-31,Fear fact.,Shopping,516.37,Expense
2022-03-31,App processed total charge direct monthly.,Other,2013.08,Income
2022-03-31,Fine bill me fill.,Other,3024.0,Income
2022-03-31,Adult above safe.,Shopping,919.03,Expense
2022-03-31,Adjustment gym.,Food & Drink,860.75,Expense
2022-04-01,Transfer package standard deal.,Shopping,1885.26,Expense
2022-04-01,Priority monthly internet order.,Health & Fitness,71.02,Expense
2022-04-01,Train special order pharmacy discount booking.,Travel,808.55,Expense
2022-04-01,Tax fee gym.,Health & Fitness,1650.0,Expense
2022-04-01,Seek close trade speech.,Other,1022.0,Income
2022-04-01,Mean but represent society heart.,Other,759.0,Income
2022-04-01,Difference world deep.,Food & Drink,1869.82,Expense
2022-04-01,Model its rather card you.,Investment,1098.0,Income
2022-04-01,Business deal booking vendor fee pharmacy.,Investment,1620.93,Income
2022-04-01,Delivery reward app equipment.,Shopping,814.92,Expense
2022-04-01,Train hardware business balance clinic loan automatic.,Food & Drink,1390.38,Expense
2022-04-02,Indicate herself.,Shopping,755.18,Expense
2022-04-02,Restaurant automatic salary charge.,Shopping,1391.01,Expense
2022-04-02,Perhaps order answer blue structure.,Utilities,1540.25,Expense
2022-04-02,Hardware software tax software discount plan.,Entertainment,1137.64,Expense
2022-04-02,App market delivery.,Travel,1203.92,Expense
2022-04-02,Balance priority investment advance reward support loan.,Other,627.72,Income
2022-04-02,Parking mortgage electricity balance order digital online.,Investment,4085.59,Income
2022-04-02,Hardware adjustment.,Health & Fitness,1934.14,Expense
2022-04-03,Inside big minute.,Shopping,169.7,Expense
2022-04-03,Plan deposit support.,Health & Fitness,757.4,Expense
2022-04-03,Management gym financial salary gross.,Entertainment,1498.93,Expense
2022-04-03,Health balance bus gym plan health discount.,Investment,1868.67,Income
2022-04-03,Listen check receive.,Salary,1740.54,Income
2022-04-03,Interest daily interest charge grocery tools.,Salary,1348.29,Income
2022-04-03,Client charge subscription utility annual net balance.,Utilities,1665.19,Expense
2022-04-03,Purchase daily invoice.,Utilities,331.42,Expense
2022-04-03,Daily monthly financial advance client.,Salary,1348.24,Income
2022-04-04,Electricity app digital pharmacy total tools.,Investment,2742.5,Income
2022-04-04,Store bit responsibility brother.,Utilities,1310.53,Expense
2022-04-05,Entertainment digital total.,Rent,338.95,Expense
2022-04-05,Marriage participant.,Utilities,1985.77,Expense
2022-04-05,Processed network mall plan entertainment support.,Rent,1117.59,Expense
2022-04-05,Mortgage bonus phone market priority advance.,Other,2305.42,Income
2022-04-05,Software account business.,Travel,481.92,Expense
2022-04-05,Loan equipment pharmacy software priority annual.,Rent,861.31,Expense
2022-04-05,Investment vendor processed pharmacy parking project.,Food & Drink,906.18,Expense
2022-04-06,Pending renewal system clinic automatic salary.,Food & Drink,453.62,Expense
2022-04-06,Debit internet.,Shopping,618.47,Expense
2022-04-06,Grocery financial.,Food & Drink,764.39,Expense
2022-04-06,Fee water hospital.,Investment,1940.13,Income
2022-04-07,Vendor personal.,Rent,1063.87,Expense
2022-04-07,Total restaurant.,Entertainment,551.45,Expense
2022-04-07,Budget mortgage.,Entertainment,479.97,Expense
2022-04-07,Restaurant vendor.,Salary,678.37,Income
2022-04-07,Loan purchase internet balance maintenance tools parking.,Entertainment,1793.06,Expense
2022-04-08,Win group important civil nature.,Utilities,1458.44,Expense
2022-04-08,Train bus phone express subscription bill renewal.,Health & Fitness,1380.24,Expense
2022-04-08,Deal hardware budget.,Travel,1127.23,Expense
2022-04-08,Clinic interest standard.,Entertainment,884.07,Expense
2022-04-09,Former able public trade.,Food & Drink,1514.8,Expense
2022-04-09,Chance bed memory rich.,Salary,1350.26,Income
2022-04-09,Interest standard financial investment software savings plan.,Utilities,725.59,Expense
2022-04-10,Anyone spend them system.,Health & Fitness,318.69,Expense
2022-04-10,Digital app.,Entertainment,1495.22,Expense
2022-04-10,Order shop.,Rent,1030.22,Expense
2022-04-10,Insurance deposit system annual credit.,Investment,3337.99,Income
2022-04-10,Popular lead with.,Shopping,1648.49,Expense
2022-04-11,Train charge balance express economy.,Investment,1738.17,Income
2022-04-11,Financial parking parking savings fuel.,Health & Fitness,1080.7,Expense
2022-04-11,Entertainment premium insurance system transfer debit plan.,Health & Fitness,706.02,Expense
2022-04-11,Investment budget electricity network daily flight water.,Rent,557.57,Expense
2022-04-11,Network deal online water.,Other,1814.96,Income
2022-04-11,Payment vendor entertainment direct subscription total renewal.,Food & Drink,584.55,Expense
2022-04-11,Utility vendor network.,Health & Fitness,204.37,Expense
2022-04-11,Debit electricity subscription deal renewal.,Rent,626.4,Expense
2022-04-11,Monthly purchase package business system mortgage fuel.,Shopping,386.02,Expense
2022-04-11,Water insurance.,Utilities,913.36,Expense
2022-04-11,Market network.,Utilities,1838.84,Expense
2022-04-11,Equipment reward order.,Investment,609.62,Income
2022-04-12,Water utility daily invoice service.,Utilities,1414.6,Expense
2022-04-12,Regular grocery monthly interest express internet.,Health & Fitness,282.78,Expense
2022-04-12,Taxi economy bonus.,Investment,2340.41,Income
2022-04-12,Advance market store.,Shopping,1648.78,Expense
2022-04-13,Monthly net tax daily.,Other,4409.64,Income
2022-04-13,Loan premium advance adjustment online loan material.,Utilities,1128.42,Expense
2022-04-13,Business hotel bus daily client.,Health & Fitness,1556.24,Expense
2022-04-14,Phone internet personal.,Utilities,946.41,Expense
2022-04-14,Invoice express management.,Shopping,990.32,Expense
2022-04-14,Bus pharmacy deposit deal grocery.,Food & Drink,858.88,Expense
2022-04-14,Internet hardware system parking management tools tax.,Rent,1652.43,Expense
2022-04-14,Digital platform.,Food & Drink,468.01,Expense
2022-04-14,Support mall.,Salary,835.82,Income
2022-04-14,Shop economy electricity budget package plan.,Health & Fitness,101.49,Expense
2022-04-14,Insurance store water.,Investment,2748.24,Income
2022-04-15,Support network account bill hardware credit economy.,Travel,915.8,Expense
2022-04-15,Delivery special special phone.,Investment,2323.98,Income
2022-04-15,Network budget.,Shopping,1026.35,Expense
2022-04-15,Premium adjustment.,Salary,1145.19,Income
2022-04-15,Purchase restaurant.,Food & Drink,1264.08,Expense
2022-04-15,Grocery renewal hospital household gross.,Food & Drink,1109.9,Expense
2022-04-15,Express budget project.,Salary,644.71,Income
2022-04-16,International break surface three.,Investment,763.0,Income
2022-04-16,Vendor daily online advance pending contract grocery.,Investment,3393.07,Income
2022-04-16,Transfer shop personal.,Other,2102.5,Income
2022-04-16,Electricity regular client.,Travel,904.3,Expense
2022-04-16,Weekly hardware economy project.,Investment,4920.54,Income
2022-04-17,Invoice electricity monthly.,Travel,1169.05,Expense
2022-04-17,Hotel equipment debit train daily entertainment freelance.,Rent,1058.26,Expense
2022-04-17,Subscription interest special tools contract.,Rent,1043.32,Expense
2022-04-17,Deposit flight savings debit bus.,Food & Drink,1653.71,Expense
2022-04-17,Internet hardware taxi monthly contract business premium.,Salary,742.64,Income
2022-04-17,Project booking plan.,Health & Fitness,320.01,Expense
2022-04-17,Market system gross personal delivery adjustment.,Entertainment,1723.93,Expense
2022-04-17,Standard grocery.,Entertainment,730.38,Expense
2022-04-17,Gym equipment debit tools.,Rent,1783.62,Expense
2022-04-18,Professional color group.,Shopping,1233.7,Expense
2022-04-18,Purchase priority direct service daily app.,Utilities,1227.17,Expense
2022-04-18,Environmental run head garden box.,Food & Drink,488.93,Expense
2022-04-18,Insurance insurance clinic.,Entertainment,1624.88,Expense
2022-04-19,Shop parking.,Food & Drink,1599.11,Expense
2022-04-19,Material credit booking direct system.,Other,3249.34,Income
2022-04-19,Invoice salary daily support.,Health & Fitness,835.77,Expense
2022-04-19,Parking phone.,Shopping,642.98,Expense
2022-04-19,Advance reward automatic.,Entertainment,1599.37,Expense
2022-04-19,Interest order management transfer deal annual subscription.,Utilities,945.99,Expense
2022-04-20,App net credit.,Health & Fitness,274.59,Expense
2022-04-20,Premium entertainment store interest platform purchase total.,Food & Drink,1156.49,Expense
2022-04-20,Monthly credit utility internet platform adjustment deal.,Other,3289.97,Income
2022-04-20,Investment daily mall entertainment.,Investment,1725.79,Income
2022-04-21,Even history surface son.,Investment,4157.0,Income
2022-04-21,Balance delivery standard investment deal.,Rent,801.0,Expense
2022-04-21,Train pharmacy priority subscription.,Utilities,1176.02,Expense
2022-04-21,Regular economy mall.,Other,4386.88,Income
2022-04-21,Package project account system annual clinic delivery.,Travel,99.13,Expense
2022-04-21,Utility charge app platform fee.,Health & Fitness,783.62,Expense
2022-04-21,Plan online market flight utility.,Food & Drink,1667.58,Expense
2022-04-21,Express vendor service.,Shopping,841.44,Expense
2022-04-21,Grocery investment advance priority gross tax.,Health & Fitness,1344.99,Expense
2022-04-21,Interest electricity.,Investment,4538.48,Income
2022-04-21,Flight service loan.,Entertainment,1132.5,Expense
2022-04-21,Store regular software.,Food & Drink,799.96,Expense
2022-04-21,Tools monthly contract management bonus economy.,Travel,1338.17,Expense
2022-04-22,Processed regular investment renewal flight app.,Other,3376.75,Income
2022-04-22,System bus account charge budget.,Utilities,1415.51,Expense
2022-04-22,Gross mall plan system payment.,Salary,880.34,Income
2022-04-22,Reward priority support processed debit budget subscription.,Utilities,773.93,Expense
2022-04-22,Gym transfer premium gym.,Health & Fitness,1073.38,Expense
2022-04-22,Indeed opportunity.,Other,2419.0,Income
2022-04-22,Car risk.,Food & Drink,497.02,Expense
2022-04-23,Electricity deposit clinic flight platform business.,Utilities,806.48,Expense
2022-04-23,Phone digital.,Investment,3732.22,Income
2022-04-23,Direct bus gross.,Rent,316.52,Expense
2022-04-23,Hospital direct gym financial transfer.,Travel,1337.94,Expense
2022-04-24,Debit daily food health.,Investment,2578.59,Income
2022-04-24,Turn both in animal.,Entertainment,1633.41,Expense
2022-04-24,Consider here grow agreement.,Food & Drink,288.87,Expense
2022-04-24,Subscription package clinic transfer fuel.,Other,3272.33,Income
2022-04-24,Travel grocery interest vendor store total subscription.,Rent,213.73,Expense
2022-04-24,Travel standard hardware.,Entertainment,576.05,Expense
2022-04-24,Equipment entertainment.,Rent,1254.49,Expense
2022-04-24,Fuel investment clinic support maintenance fuel.,Salary,1526.2,Income
2022-04-24,System interest parking debit.,Shopping,1054.68,Expense
2022-04-24,Standard vendor deposit savings package mall.,Rent,637.0,Expense
2022-04-24,Mall vendor.,Rent,1331.56,Expense
2022-04-25,Weekly savings system electricity fee plan parking.,Health & Fitness,388.45,Expense
2022-04-25,Account software support equipment food.,Entertainment,905.24,Expense
2022-04-25,Salary platform savings flight deal advance.,Rent,390.65,Expense
2022-04-25,Personal account.,Rent,1443.72,Expense
2022-04-25,Fuel water.,Shopping,432.45,Expense
2022-04-25,Management contract online.,Salary,1252.44,Income
2022-04-26,Weekly gross savings personal payment restaurant transfer.,Shopping,818.84,Expense
2022-04-26,Deposit pending food interest bus direct budget.,Entertainment,1702.59,Expense
2022-04-26,Utility fee hospital platform.,Entertainment,909.95,Expense
2022-04-26,Express support bus advance.,Travel,1332.72,Expense
2022-04-26,Financial pharmacy restaurant.,Investment,3406.0,Income
2022-04-26,Salary salary business package.,Salary,1376.24,Income
2022-04-26,Adjustment contract bonus loan reward booking.,Utilities,1122.95,Expense
2022-04-27,Direct financial discount automatic total.,Entertainment,635.46,Expense
2022-04-27,Bonus savings.,Utilities,580.92,Expense
2022-04-27,Bonus platform charge system household debit.,Salary,186.42,Income
2022-04-27,Annual purchase equipment.,Other,3492.97,Income
2022-04-27,Entertainment savings loan food financial.,Travel,845.64,Expense
2022-04-27,Bill grocery train.,Health & Fitness,355.27,Expense
2022-04-27,Service utility store account.,Shopping,1261.27,Expense
2022-04-27,Economy reward business app regular flight.,Shopping,1823.66,Expense
2022-04-27,Electricity management.,Health & Fitness,46.63,Expense
2022-04-27,Fee tools.,Food & Drink,1003.63,Expense
2022-04-27,Purchase app gross management processed priority.,Utilities,857.74,Expense
2022-04-28,Financial hardware balance total transfer app food.,Utilities,703.05,Expense
2022-04-28,Charge automatic adjustment fee.,Rent,988.95,Expense
2022-04-28,Maintenance savings transfer contract bonus.,Investment,2791.01,Income
2022-04-28,Invoice subscription hotel.,Utilities,1348.64,Expense
2022-04-29,Actually than modern season.,Health & Fitness,1159.17,Expense
2022-04-29,Daily clinic loan.,Other,2393.16,Income
2022-04-29,Personal material standard equipment reward online charge.,Shopping,1021.2,Expense
2022-04-29,Investment processed charge bill clinic special.,Entertainment,836.54,Expense
2022-04-29,Package flight internet package bus transfer transfer.,Utilities,1252.54,Expense
2022-04-29,Material deposit app hotel.,Food & Drink,1588.83,Expense
2022-04-29,Priority express.,Salary,1529.19,Income
2022-04-29,Tools investment.,Food & Drink,897.27,Expense
2022-04-29,Transfer grocery personal digital platform.,Food & Drink,809.71,Expense
2022-04-30,Flight water tax water project grocery taxi.,Other,884.16,Income
2022-04-30,Direct system account household.,Entertainment,1455.64,Expense
2022-04-30,Within prove full.,Health & Fitness,481.44,Expense
2022-04-30,Economy direct support hardware package equipment.,Food & Drink,636.99,Expense
2022-04-30,Processed monthly hospital.,Utilities,173.35,Expense
2022-05-01,App restaurant entertainment tax water.,Entertainment,1008.1,Expense
2022-05-01,Net plan adjustment reward deal.,Investment,1126.54,Income
2022-05-01,Store system financial household parking charge food.,Salary,587.37,Income
2022-05-01,Regular credit.,Shopping,264.7,Expense
2022-05-01,Train tools.,Utilities,1374.32,Expense
2022-05-01,Tools vendor freelance processed water.,Shopping,836.09,Expense
2022-05-02,Savings project payment travel.,Shopping,265.99,Expense
2022-05-02,Contract deal household health tools equipment.,Investment,1573.23,Income
2022-05-02,Network monthly.,Entertainment,805.46,Expense
2022-05-02,Package restaurant premium market.,Shopping,1275.55,Expense
2022-05-02,Water project bus store priority store.,Travel,834.24,Expense
2022-05-02,Believe product eat generation put.,Entertainment,832.98,Expense
2022-05-02,Stuff next write.,Utilities,1255.73,Expense
2022-05-02,Renewal interest contract.,Travel,1221.94,Expense
2022-05-02,Regular internet.,Food & Drink,1533.49,Expense
2022-05-03,Automatic deal electricity investment account credit reward.,Food & Drink,453.77,Expense
2022-05-03,Poor church.,Salary,103.3,Income
2022-05-03,Monthly discount reward bonus financial budget delivery.,Investment,2427.71,Income
2022-05-04,Standard account.,Salary,889.31,Income
2022-05-04,Investment renewal contract bill investment pending order.,Travel,69.0,Expense
2022-05-05,Hospital utility reward internet delivery.,Shopping,1202.53,Expense
2022-05-05,Thank avoid man drive.,Shopping,1573.75,Expense
2022-05-05,Medical nearly.,Shopping,822.44,Expense
2022-05-05,Savings net express management insurance deposit.,Salary,1207.35,Income
2022-05-05,Freelance support hardware gross digital.,Travel,673.23,Expense
2022-05-05,Personal hardware order online travel restaurant.,Health & Fitness,305.28,Expense
2022-05-05,Restaurant management network water service booking.,Shopping,1087.17,Expense
2022-05-06,Weekly purchase premium store phone.,Health & Fitness,1254.5,Expense
2022-05-06,Total daily personal.,Investment,723.49,Income
2022-05-06,Investment business delivery.,Investment,2644.79,Income
2022-05-06,Stage bad know of.,Utilities,1511.29,Expense
2022-05-06,Gym tools.,Salary,1262.98,Income
2022-05-06,Weekly business financial train contract tax.,Travel,812.27,Expense
2022-05-06,Automatic deal restaurant automatic.,Rent,1609.4,Expense
2022-05-07,Maintenance restaurant.,Salary,1173.19,Income
2022-05-07,Package material software management order internet.,Entertainment,1526.62,Expense
2022-05-07,Interest financial online personal fuel parking plan.,Food & Drink,1355.55,Expense
2022-05-07,Annual regular grocery.,Investment,1970.69,Income
2022-05-07,None pressure lay future stay.,Shopping,1119.0,Expense
2022-05-07,Include news a before.,Salary,1830.33,Income
2022-05-07,Language budget market president.,Entertainment,608.47,Expense
2022-05-07,Clinic subscription hardware project weekly.,Utilities,490.45,Expense
2022-05-08,Forward should outside respond.,Investment,2588.0,Income
2022-05-08,Box service develop game.,Rent,1845.23,Expense
2022-05-08,Utility household service business salary system.,Shopping,702.2,Expense
2022-05-08,Monthly insurance debit.,Investment,4622.36,Income
2022-05-09,Effect cultural.,Food & Drink,544.24,Expense
2022-05-09,Booking electricity.,Utilities,463.44,Expense
2022-05-09,Deposit tax.,Travel,640.5,Expense
2022-05-09,Miss reduce animal clearly cell.,Rent,1075.91,Expense
2022-05-09,Online freelance hospital equipment contract hotel.,Travel,508.12,Expense
2022-05-09,Purchase order salary annual.,Rent,655.12,Expense
2022-05-09,Priority invoice net financial bill app transfer.,Other,1688.75,Income
2022-05-09,Pharmacy maintenance.,Rent,435.28,Expense
2022-05-09,Financial mall taxi invoice account.,Travel,1719.8,Expense
2022-05-09,Debit automatic order adjustment management deposit.,Other,3904.29,Income
2022-05-10,Management automatic.,Other,3301.54,Income
2022-05-10,Advance direct monthly.,Rent,453.06,Expense
2022-05-10,Food software bonus express internet net tax.,Food & Drink,1605.72,Expense
2022-05-10,Advance parking automatic taxi transfer.,Health & Fitness,646.62,Expense
2022-05-10,Fee regular.,Health & Fitness,1319.47,Expense
2022-05-10,Freelance travel plan app.,Entertainment,656.2,Expense
2022-05-10,Health advance delivery daily.,Utilities,791.11,Expense
2022-05-11,Express pharmacy material client tax plan.,Health & Fitness,1613.47,Expense
2022-05-11,Daily software.,Investment,1475.28,Income
2022-05-11,Democratic station course full.,Food & Drink,1748.5,Expense
2022-05-11,Account standard gross charge health premium budget.,Utilities,688.25,Expense
2022-05-11,Financial electricity project pending deposit.,Entertainment,833.86,Expense
2022-05-12,Contract household gross.,Shopping,603.43,Expense
2022-05-12,Special economy insurance.,Salary,787.5,Income
2022-05-12,Daily delivery maintenance.,Shopping,1258.9,Expense
2022-05-12,Processed salary.,Utilities,946.98,Expense
2022-05-12,Digital premium material.,Other,1682.74,Income
2022-05-12,Freelance market.,Rent,677.14,Expense
2022-05-12,Special deal fee net.,Food & Drink,346.76,Expense
2022-05-12,System financial pending.,Entertainment,1947.33,Expense
2022-05-13,Entertainment deal purchase market.,Food & Drink,291.37,Expense
2022-05-13,Pharmacy express discount direct budget.,Other,3121.02,Income
2022-05-13,Reward app delivery plan balance.,Rent,906.95,Expense
2022-05-13,Unit study.,Investment,4427.0,Income
2022-05-13,Platform utility.,Other,2517.56,Income
2022-05-13,Leader operation mean white.,Health & Fitness,613.34,Expense
2022-05-14,Budget subscription.,Shopping,599.8,Expense
2022-05-14,Pending regular package.,Shopping,971.75,Expense
2022-05-14,Mall deposit express fuel network tax reward.,Shopping,1251.04,Expense
2022-05-14,Save network item one under.,Entertainment,1874.95,Expense
2022-05-14,Weekly transfer account software.,Rent,993.24,Expense
2022-05-14,Payment fee fee priority.,Other,2988.43,Income
2022-05-14,Management client deal subscription.,Travel,820.85,Expense
2022-05-14,Purchase bill fuel financial payment premium.,Rent,440.89,Expense
2022-05-14,Adjustment service renewal water.,Entertainment,824.29,Expense
2022-05-15,Equipment standard vendor material freelance gym flight.,Shopping,1024.51,Expense
2022-05-15,Client financial health system water app account.,Shopping,239.59,Expense
2022-05-15,Total transfer direct market.,Rent,840.79,Expense
2022-05-15,Water annual order.,Entertainment,1291.47,Expense
2022-05-15,Clinic advance tools.,Utilities,550.13,Expense
2022-05-15,Processed hotel vendor.,Entertainment,1020.72,Expense
2022-05-15,Food parking clinic premium financial annual.,Rent,816.92,Expense
2022-05-16,Adjustment express travel hotel.,Food & Drink,595.85,Expense
2022-05-16,Salary pending deposit economy.,Salary,671.42,Income
2022-05-16,Advance personal weekly.,Food & Drink,910.43,Expense
2022-05-16,Budget bill flight purchase direct household account.,Travel,1425.82,Expense
2022-05-16,Priority advance.,Food & Drink,641.21,Expense
2022-05-16,Hardware online investment system support.,Other,2309.68,Income
2022-05-16,Digital package shop.,Salary,866.94,Income
2022-05-16,Subscription store pharmacy plan grocery gross.,Utilities,896.2,Expense
2022-05-16,Online restaurant utility.,Salary,80.33,Income
2022-05-16,Store monthly client invoice.,Rent,980.96,Expense
2022-05-16,Charge hospital parking phone.,Shopping,1187.61,Expense
2022-05-17,Account account standard freelance system financial.,Entertainment,738.77,Expense
2022-05-17,Electricity debit investment mall.,Health & Fitness,536.22,Expense
2022-05-17,Regular software bonus.,Shopping,898.28,Expense
2022-05-17,Entertainment project balance.,Shopping,1008.23,Expense
2022-05-17,Plan online.,Other,2377.56,Income
2022-05-18,Utility material renewal hotel maintenance.,Utilities,550.14,Expense
2022-05-18,Vendor personal business tools.,Shopping,576.91,Expense
2022-05-18,Reward phone support utility support flight.,Other,985.01,Income
2022-05-18,Food annual pending fuel.,Rent,525.07,Expense
2022-05-18,Food balance delivery special delivery direct app.,Rent,1081.09,Expense
2022-05-19,Community spring billion price paper.,Rent,1496.29,Expense
2022-05-19,Freelance loan platform mall annual fee contract.,Health & Fitness,1126.39,Expense
2022-05-19,Bonus express standard discount.,Shopping,998.44,Expense
2022-05-19,Thing industry participant realize.,Entertainment,1394.3,Expense
2022-05-20,Store business pending.,Other,3834.38,Income
2022-05-20,Include record security.,Travel,767.52,Expense
2022-05-20,Purchase parking contract.,Health & Fitness,1362.97,Expense
2022-05-20,Charge invoice shop.,Rent,1103.17,Expense
2022-05-20,Huge garden family.,Shopping,1831.1,Expense
2022-05-20,Phone digital gym platform management purchase.,Utilities,1197.19,Expense
2022-05-20,Clinic network pharmacy pending tax.,Other,954.29,Income
2022-05-21,Annual investment renewal.,Utilities,380.5,Expense
2022-05-21,Credit online mall automatic mall platform hardware.,Utilities,577.78,Expense
2022-05-21,System transfer gym water.,Food & Drink,877.72,Expense
2022-05-21,Support contract.,Travel,661.42,Expense
2022-05-22,Special equipment mall adjustment.,Entertainment,1407.01,Expense
2022-05-22,Annual balance water purchase flight order hospital.,Investment,3832.33,Income
2022-05-22,Fuel hotel personal interest clinic.,Food & Drink,654.65,Expense
2022-05-22,Team republican very plan cut.,Health & Fitness,623.76,Expense
2022-05-22,Fee train charge booking pharmacy.,Utilities,1792.6,Expense
2022-05-22,Charge annual.,Other,2849.91,Income
2022-05-22,Automatic total electricity monthly gym.,Entertainment,1845.54,Expense
2022-05-23,Parking platform hotel.,Travel,1707.42,Expense
2022-05-23,Online system account premium maintenance total market.,Utilities,1165.66,Expense
2022-05-23,Plan vendor transfer business health.,Entertainment,1712.62,Expense
2022-05-23,Premium credit.,Investment,1738.05,Income
2022-05-23,Tv car report window.,Salary,937.35,Income
2022-05-23,Project support.,Utilities,593.44,Expense
2022-05-23,Service fee credit.,Entertainment,598.55,Expense
2022-05-23,Bus deposit purchase delivery contract.,Other,2243.41,Income
2022-05-23,Regular insurance order project.,Food & Drink,938.08,Expense
2022-05-24,Net bonus hardware internet vendor debit hospital.,Travel,773.83,Expense
2022-05-24,Daily direct interest invoice bill priority clinic.,Utilities,915.94,Expense
2022-05-24,Support phone loan financial.,Travel,890.41,Expense
2022-05-24,Old wall report purpose.,Entertainment,747.7,Expense
2022-05-24,Booking market project.,Travel,833.39,Expense
2022-05-24,Daily client.,Utilities,1114.36,Expense
2022-05-24,Internet net discount system economy interest.,Salary,1707.8,Income
2022-05-24,Equipment network food water hotel internet.,Shopping,573.03,Expense
2022-05-24,My pm report set.,Salary,1525.64,Income
2022-05-25,Project weekly fuel net reward interest.,Investment,2586.65,Income
2022-05-25,Express app pharmacy processed client transfer business.,Food & Drink,1907.76,Expense
2022-05-25,Gross vendor electricity clinic renewal annual restaurant.,Utilities,1599.69,Expense
2022-05-25,There institution actually.,Entertainment,1485.09,Expense
2022-05-25,Service bill financial daily salary travel.,Food & Drink,1264.9,Expense
2022-05-25,Taxi hospital household special.,Travel,917.93,Expense
2022-05-26,Tax daily budget.,Shopping,357.87,Expense
2022-05-26,Package software.,Entertainment,182.44,Expense
2022-05-26,Tax flight charge advance.,Health & Fitness,990.3,Expense
2022-05-26,Monthly net advance priority vendor.,Health & Fitness,212.22,Expense
2022-05-26,Water utility service budget online debit.,Other,1462.96,Income
2022-05-27,Salary daily salary water gym.,Entertainment,480.56,Expense
2022-05-27,Regular shop.,Shopping,400.68,Expense
2022-05-27,Adjustment taxi household network.,Shopping,1437.87,Expense
2022-05-27,Total account online discount.,Rent,516.16,Expense
2022-05-27,Household deal economy maintenance debit.,Travel,1610.03,Expense
2022-05-27,Herself apply.,Other,2918.0,Income
2022-05-28,Purchase support renewal app hardware.,Shopping,676.34,Expense
2022-05-28,Hospital equipment.,Entertainment,1208.24,Expense
2022-05-28,Contract annual mall vendor.,Salary,1485.41,Income
2022-05-28,Net management flight package insurance management.,Health & Fitness,137.35,Expense
2022-05-28,Flight bus investment subscription credit budget balance.,Investment,1040.7,Income
2022-05-28,Online hospital.,Health & Fitness,1190.54,Expense
2022-05-28,Environment size worker.,Other,2384.0,Income
2022-05-28,Tools salary economy processed financial bill balance.,Food & Drink,1246.46,Expense
2022-05-29,Style real far.,Entertainment,1003.61,Expense
2022-05-29,Grow laugh.,Health & Fitness,522.08,Expense
2022-05-29,Processed budget reward phone phone.,Other,4593.1,Income
2022-05-29,Mortgage special net mall.,Health & Fitness,1913.33,Expense
2022-05-29,Digital annual entertainment transfer.,Utilities,1317.48,Expense
2022-05-29,Client processed personal.,Entertainment,1793.44,Expense
2022-05-29,Business platform deposit.,Travel,945.42,Expense
2022-05-30,Daily special food package.,Entertainment,728.2,Expense
2022-05-30,Plan vendor.,Other,1217.16,Income
2022-05-30,Market restaurant travel.,Investment,3496.09,Income
2022-05-30,Parking internet.,Rent,1068.92,Expense
2022-05-30,Score night down.,Salary,927.05,Income
2022-05-30,Unit hold.,Health & Fitness,346.84,Expense
2022-05-30,Net electricity purchase.,Entertainment,1917.18,Expense
2022-05-31,Loan daily train account.,Rent,1094.05,Expense
2022-05-31,Advance renewal clinic service food payment.,Salary,1562.19,Income
2022-05-31,Gym transfer delivery savings market.,Investment,1789.0,Income
2022-05-31,Approach season data than team.,Salary,376.26,Income
2022-05-31,Tax clinic.,Health & Fitness,1739.94,Expense
2022-05-31,Adjustment loan standard.,Shopping,290.96,Expense
2022-06-01,Debit app balance debit.,Food & Drink,1273.84,Expense
2022-06-01,Subscription app.,Utilities,797.45,Expense
2022-06-01,Treatment relate positive.,Food & Drink,1052.65,Expense
2022-06-01,Premium contract advance client.,Utilities,1002.23,Expense
2022-06-01,Annual economy advance reward advance package.,Other,4010.13,Income
2022-06-01,Cultural right cover large work.,Rent,1890.92,Expense
2022-06-01,Electricity processed.,Other,2793.78,Income
2022-06-02,Regular personal adjustment system.,Entertainment,349.17,Expense
2022-06-02,Taxi savings.,Utilities,16.22,Expense
2022-06-02,Investment purchase standard renewal pending.,Other,1844.0,Income
2022-06-02,Health network contract balance insurance phone budget.,Food & Drink,1483.22,Expense
2022-06-03,Debit charge charge credit budget.,Investment,2650.97,Income
2022-06-03,Pending fee business credit flight savings online.,Salary,470.77,Income
2022-06-03,Delivery charge.,Food & Drink,1621.47,Expense
2022-06-04,Monthly store.,Travel,104.17,Expense
2022-06-04,Deposit account digital.,Health & Fitness,1375.7,Expense
2022-06-04,While same budget.,Food & Drink,830.66,Expense
2022-06-04,Evidence enough claim suffer.,Entertainment,145.26,Expense
2022-06-04,Order pharmacy household savings charge clinic.,Entertainment,979.05,Expense
2022-06-04,Business train clinic.,Utilities,364.18,Expense
2022-06-05,Transfer material express parking.,Shopping,707.59,Expense
2022-06-05,Business tools hotel adjustment vendor.,Travel,1887.64,Expense
2022-06-05,Subscription fee deposit financial credit platform.,Entertainment,116.67,Expense
2022-06-05,Fee deposit entertainment maintenance network.,Shopping,616.96,Expense
2022-06-06,Contract economy grocery booking service.,Food & Drink,1057.61,Expense
2022-06-06,Internet transfer daily.,Other,3636.11,Income
2022-06-06,Gross fuel charge.,Shopping,475.02,Expense
2022-06-06,Market support phone processed adjustment financial reward.,Investment,1495.28,Income
2022-06-06,Contract regular deposit bill.,Utilities,1749.24,Expense
2022-06-06,Letter visit always up.,Investment,4642.0,Income
2022-06-06,Order online support economy.,Rent,1218.5,Expense
2022-06-06,Plan service premium.,Entertainment,1014.29,Expense
2022-06-06,Subscription salary premium loan.,Other,4067.94,Income
2022-06-06,Charge entertainment shop daily deposit total.,Investment,1691.0,Income
2022-06-07,Past product make of group.,Food & Drink,1239.49,Expense
2022-06-07,Detail contain attention measure indeed.,Salary,1321.98,Income
2022-06-07,Pharmacy adjustment.,Health & Fitness,1103.81,Expense
2022-06-07,Economy contract investment order mortgage transfer digital.,Shopping,201.61,Expense
2022-06-07,Purchase adjustment restaurant freelance hotel mall clinic.,Other,4804.15,Income
2022-06-07,Phone entertainment phone network transfer digital parking.,Salary,1262.34,Income
2022-06-07,Booking daily phone mall system.,Health & Fitness,1306.57,Expense
2022-06-07,Purchase flight automatic client deposit.,Food & Drink,1982.11,Expense
2022-06-08,Store fuel order water.,Salary,1568.38,Income
2022-06-08,Adjustment adjustment contract water app online store.,Health & Fitness,127.68,Expense
2022-06-08,Weekly regular regular transfer.,Utilities,946.59,Expense
2022-06-08,Hospital annual system booking charge pharmacy premium.,Travel,1523.72,Expense
2022-06-08,Account tax deposit platform clinic electricity savings.,Investment,2290.79,Income
2022-06-08,Monthly automatic insurance credit gym regular special.,Travel,1483.01,Expense
2022-06-09,Insurance support payment maintenance weekly.,Shopping,896.37,Expense
2022-06-09,Clinic personal personal.,Food & Drink,1429.92,Expense
2022-06-09,Daily maintenance project tools investment economy order.,Rent,1220.27,Expense
2022-06-09,Processed digital deposit insurance.,Salary,523.78,Income
2022-06-09,Platform economy charge system.,Food & Drink,350.19,Expense
2022-06-09,Health flight internet pharmacy.,Investment,3756.49,Income
2022-06-09,Business parking software salary loan express transfer.,Food & Drink,1977.2,Expense
2022-06-10,Financial deposit bill adjustment parking interest system.,Entertainment,650.76,Expense
2022-06-10,Food internet premium online discount.,Salary,1660.69,Income
2022-06-10,Direct balance.,Food & Drink,260.03,Expense
2022-06-11,Flight taxi digital deposit package health reward.,Other,1996.87,Income
2022-06-11,Interest tax express.,Shopping,608.15,Expense
2022-06-11,Despite sell most.,Other,4888.0,Income
2022-06-11,Pending entertainment interest economy clinic service.,Travel,176.2,Expense
2022-06-11,Support savings personal budget net pending economy.,Entertainment,1382.42,Expense
2022-06-11,Budget tools mortgage platform direct.,Rent,1142.07,Expense
2022-06-11,Begin determine degree forward.,Other,597.0,Income
2022-06-11,Fuel software debit.,Health & Fitness,1883.63,Expense
2022-06-11,Investment loan deposit direct debit train booking.,Salary,1275.97,Income
2022-06-12,Store charge service app standard.,Shopping,968.27,Expense
2022-06-12,Electricity invoice booking annual bill app.,Rent,1402.21,Expense
2022-06-12,Either rich agency might.,Rent,1836.92,Expense
2022-06-12,Truth during always those high.,Shopping,1614.27,Expense
2022-06-12,Adjustment flight client fee entertainment.,Travel,283.58,Expense
2022-06-12,Boy generation.,Food & Drink,1009.41,Expense
2022-06-12,Shop package service priority monthly parking.,Health & Fitness,1003.04,Expense
2022-06-12,Annual annual order tools.,Health & Fitness,722.67,Expense
2022-06-13,Hospital balance adjustment vendor internet weekly personal.,Utilities,998.05,Expense
2022-06-13,Material priority pending system.,Entertainment,1100.48,Expense
2022-06-13,Delivery deal net.,Shopping,1086.05,Expense
2022-06-13,Mall mortgage.,Shopping,875.71,Expense
2022-06-13,Annual priority clinic business train special.,Utilities,439.78,Expense
2022-06-13,Economy tools train vendor interest discount personal.,Food & Drink,1428.98,Expense
2022-06-13,Contract subscription debit.,Entertainment,1886.61,Expense
2022-06-13,Reward purchase phone clinic taxi online.,Salary,525.58,Income
2022-06-13,Contract equipment invoice savings material.,Travel,880.81,Expense
2022-06-13,Sort knowledge analysis together court.,Entertainment,391.94,Expense
2022-06-13,Maintenance plan invoice daily health net maintenance.,Salary,1928.48,Income
2022-06-13,Advance vendor.,Health & Fitness,1045.66,Expense
2022-06-13,Credit weekly priority economy fee flight entertainment.,Food & Drink,1307.2,Expense
2022-06-14,Delivery business phone.,Shopping,1103.34,Expense
2022-06-14,Equipment business travel package annual hotel invoice.,Shopping,1210.54,Expense
2022-06-14,Economy adjustment economy payment phone gym renewal.,Utilities,426.51,Expense
2022-06-14,Flight investment interest.,Rent,900.04,Expense
2022-06-14,Grocery automatic daily special.,Shopping,781.73,Expense
2022-06-14,Travel automatic system adjustment project.,Food & Drink,840.72,Expense
2022-06-15,Household gross.,Travel,1687.05,Expense
2022-06-15,Utility premium electricity app.,Shopping,742.28,Expense
2022-06-15,Hotel daily monthly debit net app app.,Health & Fitness,923.98,Expense
2022-06-15,Subscription train.,Travel,1522.53,Expense
2022-06-15,Health debit processed renewal utility online.,Investment,1563.93,Income
2022-06-15,Fee special.,Utilities,89.69,Expense
2022-06-15,Personal salary order economy taxi system project.,Other,4706.46,Income
2022-06-15,Plan app standard.,Rent,429.62,Expense
2022-06-16,Pharmacy maintenance purchase mortgage support.,Food & Drink,857.99,Expense
2022-06-16,Management household account taxi charge express.,Travel,1110.39,Expense
2022-06-16,Standard mall total.,Health & Fitness,1220.52,Expense
2022-06-16,Bonus salary management.,Food & Drink,668.02,Expense
2022-06-16,Fuel bus app system processed invoice.,Shopping,546.84,Expense
2022-06-17,Way cold.,Health & Fitness,541.98,Expense
2022-06-17,Investment priority tools balance annual phone.,Travel,813.3,Expense
2022-06-17,Daily service deal transfer vendor hardware fuel.,Travel,885.39,Expense
2022-06-17,Account assume prove similar ten.,Health & Fitness,1919.0,Expense
2022-06-17,Interest personal platform economy automatic deposit priority.,Investment,3385.04,Income
2022-06-17,Clinic gym store personal.,Shopping,793.69,Expense
2022-06-17,Food bus purchase weekly transfer taxi weekly.,Rent,783.42,Expense
2022-06-17,Household daily shop.,Food & Drink,1396.49,Expense
2022-06-18,Priority special.,Other,2686.58,Income
2022-06-18,Water fuel fuel financial.,Utilities,1354.7,Expense
2022-06-18,Tax clinic bus loan debit clinic.,Food & Drink,1020.16,Expense
2022-06-18,Day stock.,Entertainment,1980.56,Expense
2022-06-18,Maintenance support equipment.,Entertainment,1482.63,Expense
2022-06-18,Direct service travel electricity processed.,Investment,1212.15,Income
2022-06-18,Payment train bill special train project debit.,Food & Drink,1006.77,Expense
2022-06-18,Water bonus parking regular hotel transfer.,Other,2634.13,Income
2022-06-18,Mortgage invoice hospital pending hotel reward.,Salary,1325.64,Income
2022-06-19,Travel hospital.,Travel,941.89,Expense
2022-06-19,Reward weekly support pharmacy business.,Health & Fitness,887.72,Expense
2022-06-19,Order restaurant pharmacy direct.,Utilities,1045.73,Expense
2022-06-19,Bill system online.,Other,3749.75,Income
2022-06-19,Savings bus net bus fee monthly.,Rent,781.14,Expense
2022-06-19,Section child.,Rent,1310.93,Expense
2022-06-19,Client electricity mortgage investment support entertainment.,Rent,572.64,Expense
2022-06-20,Transfer bus balance market fee grocery.,Utilities,1133.02,Expense
2022-06-20,Also available concern edge.,Food & Drink,196.07,Expense
2022-06-20,Credit account purchase.,Rent,1916.89,Expense
2022-06-20,Management interest weekly debit store.,Investment,2393.87,Income
2022-06-20,Platform booking restaurant personal travel personal.,Utilities,1264.42,Expense
2022-06-20,Personal credit account total investment water bus.,Investment,2119.61,Income
2022-06-20,Software mall debit hotel.,Salary,1720.36,Income
2022-06-21,Fuel fee restaurant insurance client.,Food & Drink,1335.5,Expense
2022-06-21,Hope brother.,Investment,1177.0,Income
2022-06-21,Client equipment.,Utilities,1137.15,Expense
2022-06-21,Start treat imagine later identify.,Salary,121.67,Income
2022-06-21,Pharmacy clinic.,Travel,596.7,Expense
2022-06-21,Store investment.,Salary,781.47,Income
2022-06-22,Gym account premium utility.,Investment,3417.23,Income
2022-06-22,Taxi hotel online taxi.,Salary,1298.04,Income
2022-06-22,Package internet management invoice total weekly.,Salary,921.09,Income
2022-06-22,Renewal debit automatic payment shop insurance digital.,Utilities,633.79,Expense
2022-06-22,Network mall order.,Rent,1059.54,Expense
2022-06-22,Project taxi purchase internet system grocery.,Health & Fitness,1755.7,Expense
2022-06-23,App hospital processed budget online freelance.,Investment,1183.74,Income
2022-06-23,Special subscription bill equipment priority payment internet.,Salary,1011.17,Income
2022-06-23,As second animal summer group.,Shopping,1293.37,Expense
2022-06-23,Travel payment flight.,Investment,2147.0,Income
2022-06-23,Face rate.,Rent,1790.63,Expense
2022-06-23,Software advance invoice phone entertainment.,Other,2075.39,Income
2022-06-24,Bill network booking economy processed advance water.,Other,2909.97,Income
2022-06-24,Mortgage service balance order.,Rent,971.64,Expense
2022-06-24,System budget.,Rent,548.91,Expense
2022-06-24,Debit online.,Salary,1135.17,Income
2022-06-24,Gym renewal restaurant account insurance.,Travel,989.04,Expense
2022-06-24,Special electricity online loan deal maintenance credit.,Health & Fitness,1455.04,Expense
2022-06-24,Internet business annual shop interest.,Other,4372.25,Income
2022-06-24,Net material flight.,Rent,1387.38,Expense
2022-06-24,Pending platform freelance.,Other,3800.98,Income
2022-06-24,Digital electricity household business monthly deposit insurance.,Shopping,939.43,Expense
2022-06-24,Balance deal hardware fuel train flight hotel.,Travel,1219.81,Expense
2022-06-24,Financial electricity pharmacy online.,Food & Drink,543.9,Expense
2022-06-25,Priority deposit charge.,Investment,2475.91,Income
2022-06-25,Discount entertainment total debit debit.,Utilities,711.18,Expense
2022-06-25,Support travel personal vendor market direct.,Health & Fitness,1860.7,Expense
2022-06-25,She join house.,Entertainment,430.72,Expense
2022-06-25,Choose detail section someone.,Salary,549.48,Income
2022-06-25,Phone electricity internet.,Other,2957.92,Income
2022-06-26,Hardware maintenance water loan fee store restaurant.,Health & Fitness,1093.03,Expense
2022-06-26,Hospital order personal premium annual.,Rent,1621.58,Expense
2022-06-26,Whether century quality.,Travel,1799.63,Expense
2022-06-26,Network never.,Food & Drink,366.92,Expense
2022-06-26,Deal household deal automatic priority delivery annual.,Health & Fitness,1527.37,Expense
2022-06-26,Support clinic.,Shopping,91.07,Expense
2022-06-27,Weekly discount contract app tools express.,Health & Fitness,1417.86,Expense
2022-06-27,Transfer net payment health tools special standard.,Salary,1569.94,Income
2022-06-27,Account regular premium.,Travel,1850.67,Expense
2022-06-27,Insurance advance.,Rent,1633.02,Expense
2022-06-27,Weekly insurance water order.,Entertainment,794.04,Expense
2022-06-27,Household interest.,Shopping,1167.69,Expense
2022-06-28,Delivery deal bill delivery maintenance train.,Other,3780.27,Income
2022-06-28,System deposit.,Entertainment,568.3,Expense
2022-06-28,Payment tools contract investment.,Utilities,353.1,Expense
2022-06-28,Regular software health.,Shopping,1258.62,Expense
2022-06-29,Software regular net system water personal health.,Entertainment,495.46,Expense
2022-06-29,Shop automatic food.,Entertainment,709.5,Expense
2022-06-29,Hotel debit direct tax.,Rent,924.08,Expense
2022-06-29,Priority total.,Health & Fitness,744.04,Expense
2022-06-29,Management deposit economy tax network bus.,Salary,1059.99,Income
2022-06-29,Tools support annual.,Investment,1298.63,Income
2022-06-29,Online personal charge.,Investment,1874.13,Income
2022-06-30,Above others.,Food & Drink,1923.32,Expense
2022-06-30,Parking advance vendor.,Other,3355.65,Income
2022-06-30,Maintenance insurance.,Rent,1243.28,Expense
2022-07-01,Project order bus economy debit reward.,Health & Fitness,510.83,Expense
2022-07-01,Water fight security tough gas.,Shopping,1858.46,Expense
2022-07-01,Household phone economy deal food.,Salary,1212.19,Income
2022-07-02,Fuel financial charge.,Entertainment,923.83,Expense
2022-07-02,Interest discount investment deposit special management food.,Salary,1333.76,Income
2022-07-02,Software invoice taxi taxi equipment daily.,Utilities,1439.79,Expense
2022-07-02,Central contain pattern education boy.,Entertainment,1137.72,Expense
2022-07-02,Network booking express phone flight credit train.,Utilities,158.55,Expense
2022-07-02,Weekly order investment account app automatic.,Shopping,489.69,Expense
2022-07-02,Tools electricity special.,Investment,3608.26,Income
2022-07-02,Savings electricity freelance.,Shopping,477.8,Expense
2022-07-02,Digital software parking.,Salary,1437.29,Income
2022-07-02,Subscription shop regular.,Utilities,869.79,Expense
2022-07-02,Financial platform fee charge plan adjustment mortgage.,Other,4052.14,Income
2022-07-03,System utility advance transfer bus salary.,Food & Drink,1427.55,Expense
2022-07-03,Personal equipment savings hospital food economy.,Food & Drink,996.54,Expense
2022-07-03,Personal special maintenance water.,Travel,757.54,Expense
2022-07-03,Personal salary hospital taxi train economy.,Utilities,1167.22,Expense
2022-07-03,Adjustment budget budget restaurant digital.,Rent,1157.76,Expense
2022-07-04,Maintain former campaign pretty beyond.,Food & Drink,204.39,Expense
2022-07-04,Renewal internet app delivery.,Investment,2141.55,Income
2022-07-04,Automatic fuel management.,Salary,1965.54,Income
2022-07-04,Surface usually.,Health & Fitness,773.85,Expense
2022-07-04,Popular available public economy.,Rent,1006.58,Expense
2022-07-05,Support hotel.,Food & Drink,1246.98,Expense
2022-07-05,Fish late pattern.,Rent,687.78,Expense
2022-07-05,Project purchase hospital app.,Entertainment,1781.75,Expense
2022-07-05,Delivery train.,Rent,559.59,Expense
2022-07-05,Interest annual travel tools insurance platform order.,Salary,1570.12,Income
2022-07-05,Store internet flight transfer.,Entertainment,1311.41,Expense
2022-07-05,Direct store tools net.,Other,2455.48,Income
2022-07-05,Pending food standard software.,Salary,1598.07,Income
2022-07-05,Adjustment special.,Food & Drink,1373.03,Expense
2022-07-06,Bonus monthly app project.,Rent,851.51,Expense
2022-07-06,Charge note space when collection.,Shopping,1938.15,Expense
2022-07-06,Package purchase pharmacy maintenance.,Other,3594.11,Income
2022-07-06,Tax equipment fuel bus digital savings.,Travel,1662.33,Expense
2022-07-06,Interest parking hospital grocery.,Entertainment,868.32,Expense
2022-07-06,Balance invoice.,Other,3207.4,Income
2022-07-06,Balance phone contract.,Travel,917.88,Expense
2022-07-06,Vendor personal account water.,Entertainment,1779.56,Expense
2022-07-07,System parking management utility invoice standard.,Food & Drink,1566.32,Expense
2022-07-07,Invoice project platform travel.,Entertainment,1060.94,Expense
2022-07-07,Weekly booking hardware processed equipment management credit.,Travel,394.25,Expense
2022-07-07,Travel financial account.,Investment,2027.73,Income
2022-07-07,Fee package management market.,Salary,753.04,Income
2022-07-07,Direct taxi contract express.,Salary,488.5,Income
2022-07-08,Standard utility management.,Other,1047.79,Income
2022-07-08,Platform credit.,Shopping,589.28,Expense
2022-07-08,Internet bus business.,Health & Fitness,883.19,Expense
2022-07-08,Standard food gross package advance.,Food & Drink,1754.41,Expense
2022-07-08,Payment digital pending transfer travel automatic.,Investment,1783.71,Income
2022-07-08,Freelance credit.,Rent,664.41,Expense
2022-07-09,Automatic processed transfer deal standard.,Rent,717.95,Expense
2022-07-09,Purchase priority travel direct food budget deal.,Salary,1707.04,Income
2022-07-09,Subscription express savings transfer gross.,Investment,2951.66,Income
2022-07-09,Interest renewal restaurant direct parking.,Rent,1258.52,Expense
2022-07-09,Fuel equipment adjustment.,Rent,786.18,Expense
2022-07-10,Insurance payment reward.,Travel,1192.53,Expense
2022-07-10,Economy material app account advance payment.,Entertainment,929.3,Expense
2022-07-10,Pending travel support net direct.,Other,4813.1,Income
2022-07-10,Taxi utility bonus business management hotel standard.,Shopping,1511.85,Expense
2022-07-10,Financial order health clinic.,Shopping,582.57,Expense
2022-07-10,Loan system delivery transfer tax.,Utilities,1763.08,Expense
2022-07-11,Parking food.,Salary,978.9,Income
2022-07-11,Business store transfer platform.,Utilities,894.33,Expense
2022-07-11,Financial debit shop phone.,Rent,1417.75,Expense
2022-07-11,Interest online app.,Other,4165.54,Income
2022-07-11,Hospital electricity reward loan pharmacy economy.,Entertainment,648.68,Expense
2022-07-12,Freelance travel tax.,Other,1765.53,Income
2022-07-12,Net client.,Salary,1087.22,Income
2022-07-12,Booking mortgage support.,Shopping,1596.15,Expense
2022-07-12,Gym support restaurant total transfer phone.,Travel,1020.61,Expense
2022-07-13,Size republican political.,Travel,1569.26,Expense
2022-07-13,Food transfer tax insurance gym.,Shopping,1077.39,Expense
2022-07-13,Store order network.,Salary,320.56,Income
2022-07-13,Water monthly direct internet savings.,Travel,1509.41,Expense
2022-07-13,Budget adjustment monthly vendor bonus.,Other,3005.95,Income
2022-07-13,Direct bill weekly adjustment deposit transfer.,Salary,703.4,Income
2022-07-13,Balance food monthly debit management network express.,Entertainment,1488.75,Expense
2022-07-13,Subscription platform tax financial.,Health & Fitness,300.4,Expense
2022-07-13,Fuel standard.,Food & Drink,1588.0,Expense
2022-07-14,Contract market fee system.,Other,1154.28,Income
2022-07-14,Mortgage purchase.,Rent,1335.88,Expense
2022-07-14,Vendor gross software mortgage.,Shopping,439.24,Expense
2022-07-14,Electricity bill charge transfer monthly.,Food & Drink,1154.43,Expense
2022-07-14,Client digital financial package fuel app automatic.,Investment,2975.74,Income
2022-07-14,Package tax electricity direct direct personal.,Health & Fitness,1481.3,Expense
2022-07-14,Mall flight.,Health & Fitness,931.73,Expense
2022-07-14,Fuel package.,Investment,1717.06,Income
2022-07-14,Booking economy adjustment maintenance economy annual mortgage.,Investment,2859.94,Income
2022-07-15,Plan network platform.,Rent,858.57,Expense
2022-07-15,Subscription internet insurance.,Salary,593.6,Income
2022-07-15,Payment gym credit mall.,Rent,951.67,Expense
2022-07-15,Plan booking salary.,Shopping,967.04,Expense
2022-07-15,Phone annual contract salary salary.,Salary,1365.25,Income
2022-07-15,Total direct software subscription.,Food & Drink,1481.86,Expense
2022-07-16,Budget online phone hardware order advance.,Utilities,211.31,Expense
2022-07-16,Tax electricity client.,Food & Drink,1863.09,Expense
2022-07-16,Phone digital transfer client network.,Travel,1012.17,Expense
2022-07-17,Fuel train shop delivery app.,Salary,433.95,Income
2022-07-17,Salary direct.,Rent,1089.12,Expense
2022-07-17,Daily package pending service health economy.,Rent,898.51,Expense
2022-07-17,Delivery business payment hardware account.,Entertainment,799.01,Expense
2022-07-17,Main board population.,Shopping,379.62,Expense
2022-07-17,Care run there leg.,Entertainment,718.06,Expense
2022-07-17,Teach cause mrs.,Shopping,180.53,Expense
2022-07-17,Discount bonus health software flight network restaurant.,Shopping,707.41,Expense
2022-07-17,Fee investment.,Other,1849.56,Income
2022-07-18,Interest shop.,Utilities,1275.77,Expense
2022-07-18,Advance fee online.,Shopping,957.58,Expense
2022-07-18,Baby away affect medical all.,Entertainment,1429.09,Expense
2022-07-18,If operation trade necessary myself.,Investment,3612.0,Income
2022-07-18,Support package.,Salary,1000.32,Income
2022-07-18,Invoice balance bonus discount.,Health & Fitness,912.37,Expense
2022-07-18,Total hardware automatic package plan business.,Other,3317.96,Income
2022-07-18,Salary health.,Other,3707.27,Income
2022-07-18,Entertainment renewal automatic.,Food & Drink,752.8,Expense
2022-07-18,Support app support entertainment service express financial.,Investment,1970.8,Income
2022-07-19,Budget contract.,Rent,1090.75,Expense
2022-07-19,Credit train.,Entertainment,1950.11,Expense
2022-07-19,President chance hotel through.,Utilities,1481.91,Expense
2022-07-19,Client pharmacy hospital daily service.,Food & Drink,930.18,Expense
2022-07-20,Network reward.,Salary,1144.01,Income
2022-07-20,Let member however.,Rent,192.13,Expense
2022-07-20,System system client health.,Food & Drink,1354.75,Expense
2022-07-20,Account store material tax salary bonus processed.,Shopping,716.49,Expense
2022-07-20,Gross hospital maintenance plan express business food.,Shopping,1281.47,Expense
2022-07-20,Online loan platform taxi equipment insurance.,Shopping,1823.81,Expense
2022-07-20,App contract.,Investment,3855.79,Income
2022-07-20,System invoice payment standard daily network electricity.,Rent,1096.16,Expense
2022-07-20,Regular support.,Travel,1650.07,Expense
2022-07-21,Household app special.,Shopping,504.29,Expense
2022-07-21,Total management train.,Health & Fitness,1677.02,Expense
2022-07-21,Direct project advance payment regular.,Salary,1504.65,Income
2022-07-22,Purchase package freelance taxi.,Investment,3384.67,Income
2022-07-22,Hospital tax transfer.,Entertainment,621.4,Expense
2022-07-22,Market train annual phone freelance taxi restaurant.,Health & Fitness,1125.34,Expense
2022-07-22,Mortgage mortgage bus support adjustment tax water.,Other,2248.34,Income
2022-07-22,Production summer.,Salary,726.24,Income
2022-07-22,Gym pharmacy.,Salary,718.25,Income
2022-07-22,Invoice network digital.,Food & Drink,1035.92,Expense
2022-07-23,Restaurant system transfer tax.,Travel,239.26,Expense
2022-07-23,Reward express gross.,Food & Drink,605.83,Expense
2022-07-23,Balance grocery bonus financial digital.,Entertainment,1188.94,Expense
2022-07-23,Parking fee software savings project delivery interest.,Entertainment,653.11,Expense
2022-07-23,Electricity food reward contract financial equipment fee.,Utilities,955.07,Expense
2022-07-23,Freelance tax premium monthly.,Other,4009.21,Income
2022-07-24,Service business.,Travel,1822.18,Expense
2022-07-24,Payment maintenance digital software.,Entertainment,1578.58,Expense
2022-07-24,Digital priority bus.,Investment,2545.76,Income
2022-07-24,Account salary.,Rent,690.18,Expense
2022-07-25,Express bus online.,Entertainment,1429.29,Expense
2022-07-25,Cell city not not the.,Utilities,183.72,Expense
2022-07-25,Utility bus fee clinic premium.,Investment,2114.36,Income
2022-07-25,Package deal service shop.,Salary,1122.55,Income
2022-07-26,Interest pharmacy household subscription weekly.,Food & Drink,664.97,Expense
2022-07-26,Insurance vendor interest fee budget service.,Entertainment,1224.21,Expense
2022-07-26,Management electricity automatic charge.,Entertainment,738.03,Expense
2022-07-26,Tax internet electricity.,Health & Fitness,379.57,Expense
2022-07-26,Train discount material support deposit.,Shopping,561.56,Expense
2022-07-27,Plant event score official now.,Rent,1452.44,Expense
2022-07-27,Adjustment app.,Health & Fitness,1323.86,Expense
2022-07-27,Truth thing always possible.,Food & Drink,590.78,Expense
2022-07-27,Parking restaurant.,Utilities,65.49,Expense
2022-07-27,Support credit flight advance personal.,Entertainment,670.47,Expense
2022-07-27,Doctor protect military social.,Investment,3157.0,Income
2022-07-27,Voice american seven discussion.,Shopping,215.55,Expense
2022-07-27,Management restaurant fee loan premium train digital.,Entertainment,956.45,Expense
2022-07-27,Payment adjustment.,Salary,1407.81,Income
2022-07-28,Store software net.,Health & Fitness,968.1,Expense
2022-07-28,Half president structure might.,Entertainment,1148.2,Expense
2022-07-28,Bill weekly net software grocery app.,Utilities,785.45,Expense
2022-07-28,Balance system bonus.,Travel,568.64,Expense
2022-07-28,Might good test.,Other,1888.0,Income
2022-07-28,Invoice service debit financial account.,Entertainment,564.28,Expense
2022-07-28,Shop budget weekly.,Travel,1933.57,Expense
2022-07-28,Processed flight budget credit pending train.,Rent,1119.4,Expense
2022-07-28,Investment salary service financial advance.,Utilities,1056.28,Expense
2022-07-28,Water investment contract.,Entertainment,1779.23,Expense
2022-07-28,Online app.,Salary,1794.03,Income
2022-07-29,Premium material network reward contract.,Rent,540.82,Expense
2022-07-29,Loan software loan mortgage software deposit.,Other,1502.1,Income
2022-07-29,Account adjustment water maintenance direct market total.,Investment,3312.5,Income
2022-07-29,Personal purchase management.,Rent,887.55,Expense
2022-07-29,Material purchase parking direct budget hotel.,Travel,498.31,Expense
2022-07-29,Contract internet restaurant online clinic payment.,Investment,3574.99,Income
2022-07-29,Annual charge contract bonus direct gym mortgage.,Health & Fitness,556.94,Expense
2022-07-29,Thought according think key.,Other,2698.0,Income
2022-07-29,Premium clinic.,Utilities,645.89,Expense
2022-07-29,Mortgage salary.,Health & Fitness,1160.92,Expense
2022-07-30,Processed bus restaurant pharmacy discount.,Shopping,1213.68,Expense
2022-07-30,Hardware salary standard hotel travel.,Travel,891.04,Expense
2022-07-30,Subscription freelance.,Health & Fitness,1332.23,Expense
2022-07-30,Adjustment regular service.,Rent,933.85,Expense
2022-07-30,Weekly equipment.,Travel,1530.3,Expense
2022-07-30,Method exactly.,Rent,342.74,Expense
2022-07-30,Invoice monthly premium delivery advance balance.,Utilities,890.99,Expense
2022-07-30,Client pending fee payment.,Rent,1183.75,Expense
2022-07-30,Equipment priority store grocery.,Entertainment,1326.73,Expense
2022-07-31,Invoice electricity daily parking net utility regular.,Health & Fitness,412.7,Expense
2022-07-31,Church own stage.,Travel,973.62,Expense
2022-07-31,Mortgage travel gross.,Investment,998.89,Income
2022-08-01,Business network gym salary hotel mortgage.,Rent,619.49,Expense
2022-08-01,Tools market fuel priority debit.,Travel,1194.51,Expense
2022-08-01,Payment bill invoice gym.,Health & Fitness,1068.11,Expense
2022-08-01,Budget economy delivery renewal maintenance online material.,Investment,2525.43,Income
2022-08-01,Delivery support booking package.,Entertainment,1155.21,Expense
2022-08-01,Booking adjustment.,Travel,1129.38,Expense
2022-08-02,Advance market gross business net.,Travel,1139.59,Expense
2022-08-02,Financial monthly flight adjustment advance.,Investment,3453.4,Income
2022-08-02,Specific result loss long.,Other,2520.0,Income
2022-08-02,Processed maintenance weekly mortgage.,Utilities,166.59,Expense
2022-08-02,Grocery health monthly gross discount monthly.,Food & Drink,1635.26,Expense
2022-08-02,Phone deposit purchase hospital.,Utilities,888.15,Expense
2022-08-02,Claim street against amount of.,Salary,1191.67,Income
2022-08-03,Package entertainment delivery train.,Entertainment,1930.46,Expense
2022-08-03,Renewal direct household.,Salary,1334.09,Income
2022-08-03,Service express fee.,Health & Fitness,1915.24,Expense
2022-08-03,Subscription pharmacy processed platform net.,Rent,1559.81,Expense
2022-08-03,Service transfer fee renewal priority.,Entertainment,720.1,Expense
2022-08-03,Budget entertainment transfer.,Utilities,261.89,Expense
2022-08-03,Premium express express account budget.,Rent,1484.6,Expense
2022-08-03,Adjustment total subscription loan.,Other,4609.49,Income
2022-08-03,Picture always occur.,Investment,1609.0,Income
2022-08-03,Pharmacy platform mortgage account.,Travel,545.89,Expense
2022-08-04,Insurance client.,Travel,678.44,Expense
2022-08-04,Election conference when.,Shopping,671.11,Expense
2022-08-04,Electricity hospital software priority.,Food & Drink,332.65,Expense
2022-08-04,Processed parking discount.,Travel,1117.16,Expense
2022-08-04,Electricity network order pharmacy store.,Food & Drink,1386.02,Expense
2022-08-05,Advance material direct.,Travel,1167.53,Expense
2022-08-05,Regular flight personal savings tax mall purchase.,Health & Fitness,827.47,Expense
2022-08-05,System net.,Entertainment,1099.89,Expense
2022-08-05,Plan reward project fee online market budget.,Health & Fitness,542.65,Expense
2022-08-05,Delivery household mortgage freelance maintenance water delivery.,Travel,833.95,Expense
2022-08-05,Transfer bonus hardware hardware.,Other,2690.22,Income
2022-08-06,Maintenance clinic package app.,Shopping,1374.44,Expense
2022-08-06,Economy system monthly weekly payment invoice order.,Travel,987.5,Expense
2022-08-06,These road.,Health & Fitness,886.04,Expense
2022-08-06,Water train weekly.,Investment,1131.61,Income
2022-08-06,Salary vendor bonus project deposit delivery.,Salary,1003.61,Income
2022-08-06,Pending mortgage.,Health & Fitness,1861.64,Expense
2022-08-06,Phone hospital budget parking charge food utility.,Entertainment,1128.58,Expense
2022-08-06,Automatic deposit utility interest hospital budget financial.,Entertainment,1419.1,Expense
2022-08-07,Economy bonus entertainment savings charge priority bill.,Other,2606.42,Income
2022-08-07,Describe paper.,Utilities,607.87,Expense
2022-08-08,Daily platform economy gym deal.,Entertainment,1270.87,Expense
2022-08-08,Budget payment clinic balance store hotel.,Investment,2566.48,Income
2022-08-08,Subscription salary.,Utilities,666.49,Expense
2022-08-08,Hospital management.,Investment,3341.08,Income
2022-08-08,Balance salary express internet account.,Other,2088.3,Income
2022-08-08,Parking purchase.,Travel,1714.26,Expense
2022-08-08,Electricity phone flight train.,Entertainment,231.26,Expense
2022-08-09,Service restaurant gross system booking.,Food & Drink,378.15,Expense
2022-08-09,Shop premium.,Utilities,1240.62,Expense
2022-08-09,Store hospital purchase entertainment annual digital.,Utilities,1087.39,Expense
2022-08-09,Fuel monthly.,Food & Drink,1067.09,Expense
2022-08-10,Monthly management.,Travel,1191.52,Expense
2022-08-11,Tools software.,Utilities,170.38,Expense
2022-08-11,Utility service health household renewal direct special.,Utilities,519.39,Expense
2022-08-11,Credit internet subscription tools pharmacy.,Health & Fitness,828.27,Expense
2022-08-11,Freelance pending automatic debit savings.,Shopping,1233.5,Expense
2022-08-11,Flight express premium account debit.,Travel,1007.28,Expense
2022-08-11,Direct processed hospital bus processed advance.,Salary,948.52,Income
2022-08-11,Monthly bonus online bill software order.,Health & Fitness,71.08,Expense
2022-08-11,Net grocery deal personal insurance bonus support.,Health & Fitness,429.39,Expense
2022-08-11,Clinic booking.,Shopping,1043.07,Expense
2022-08-11,Client tools.,Food & Drink,1210.86,Expense
2022-08-11,Management reward.,Other,2297.34,Income
2022-08-11,Freelance food booking.,Shopping,840.63,Expense
2022-08-11,Restaurant flight service insurance total train bus.,Other,3029.62,Income
2022-08-12,Net hospital tools investment debit order.,Travel,1700.34,Expense
2022-08-12,Premium software priority savings premium direct.,Utilities,608.46,Expense
2022-08-12,Special transfer fee regular.,Entertainment,1716.94,Expense
2022-08-12,Renewal hospital vendor annual.,Other,4273.58,Income
2022-08-12,Travel deposit package deposit plan annual.,Travel,1694.4,Expense
2022-08-12,Color store over some.,Entertainment,963.23,Expense
2022-08-12,Train deal insurance.,Investment,4087.76,Income
2022-08-12,Loan flight phone package clinic hospital platform.,Entertainment,1925.71,Expense
2022-08-13,Process enough right garden law.,Other,3114.0,Income
2022-08-13,Package deal order invoice economy credit balance.,Other,2847.1,Income
2022-08-14,Deposit vendor grocery account.,Shopping,1086.86,Expense
2022-08-14,Insurance health.,Rent,1784.71,Expense
2022-08-14,Pending bill salary train vendor booking market.,Salary,412.16,Income
2022-08-14,Automatic project processed contract.,Rent,1381.54,Expense
2022-08-15,Tax advance daily pending network automatic tax.,Other,3253.7,Income
2022-08-15,Charge software renewal deal deposit platform.,Salary,954.77,Income
2022-08-15,Freelance interest.,Shopping,1046.31,Expense
2022-08-15,Range step painting concern.,Health & Fitness,758.35,Expense
2022-08-15,Hospital hospital network.,Entertainment,1183.99,Expense
2022-08-15,Purchase direct flight app bill equipment vendor.,Salary,369.43,Income
2022-08-15,Her car admit.,Salary,1935.85,Income
2022-08-15,Equipment investment.,Travel,1228.27,Expense
2022-08-15,Charge service fuel investment app internet hospital.,Utilities,1259.28,Expense
2022-08-16,Me brother lot candidate owner.,Shopping,736.38,Expense
2022-08-16,Miss have analysis morning.,Entertainment,1188.53,Expense
2022-08-16,Direct entertainment order.,Other,1599.38,Income
2022-08-16,Bonus management app weekly vendor plan.,Rent,1619.86,Expense
2022-08-17,Balance platform food invoice business.,Investment,1813.11,Income
2022-08-17,Smile high open scientist.,Food & Drink,1906.48,Expense
2022-08-17,Express online.,Food & Drink,1210.75,Expense
2022-08-17,Package internet deposit.,Rent,1127.99,Expense
2022-08-17,Investment water monthly interest.,Utilities,928.24,Expense
2022-08-17,Vendor tax electricity regular travel.,Salary,688.12,Income
2022-08-17,Vendor weekly platform flight economy personal entertainment.,Utilities,760.34,Expense
2022-08-17,Fee support system train parking.,Utilities,1231.45,Expense
2022-08-17,Daily software digital hardware health credit.,Investment,3173.8,Income
2022-08-17,System mortgage.,Food & Drink,251.35,Expense
2022-08-18,App advance bus adjustment.,Rent,1479.91,Expense
2022-08-18,Adjustment deposit package deposit app renewal economy.,Food & Drink,703.8,Expense
2022-08-18,Insurance fuel equipment flight savings.,Entertainment,1701.43,Expense
2022-08-18,Deposit premium budget food fee delivery.,Salary,603.53,Income
2022-08-18,International effort.,Entertainment,882.53,Expense
2022-08-18,Payment material balance.,Entertainment,1088.25,Expense
2022-08-18,App total bill standard.,Investment,2695.72,Income
2022-08-19,Exist theory.,Rent,1639.74,Expense
2022-08-19,App financial loan business shop debit investment.,Health & Fitness,781.64,Expense
2022-08-19,Utility bill internet advance total.,Shopping,1139.3,Expense
2022-08-19,Monthly parking account management interest regular premium.,Rent,209.29,Expense
2022-08-19,Interest freelance.,Utilities,1254.09,Expense
2022-08-19,Platform invoice hospital budget budget.,Food & Drink,602.3,Expense
2022-08-19,Order transfer net transfer weekly.,Other,2665.9,Income
2022-08-20,Charge loan budget utility.,Salary,1030.22,Income
2022-08-20,Market grocery transfer household account.,Shopping,673.59,Expense
2022-08-20,Loan food household parking pharmacy system support.,Investment,4558.4,Income
2022-08-20,Digital vendor.,Food & Drink,882.3,Expense
2022-08-20,Investment bonus project material transfer support.,Utilities,703.78,Expense
2022-08-20,Mall priority hospital financial adjustment hotel.,Travel,586.98,Expense
2022-08-20,Platform interest subscription.,Travel,1764.29,Expense
2022-08-21,Brother according pressure reach firm.,Other,2482.0,Income
2022-08-21,App plan annual client mall internet.,Entertainment,1821.05,Expense
2022-08-21,Tax online mall priority.,Entertainment,1429.22,Expense
2022-08-21,Package equipment credit.,Salary,1317.2,Income
2022-08-21,Gym management reward savings transfer client.,Entertainment,1798.54,Expense
2022-08-21,Processed bonus special parking.,Food & Drink,1323.52,Expense
2022-08-21,Savings monthly business processed express travel.,Rent,1074.71,Expense
2022-08-21,Country remember smile.,Shopping,1349.23,Expense
2022-08-21,Processed advance internet savings.,Health & Fitness,1059.21,Expense
2022-08-21,Taxi travel.,Food & Drink,862.86,Expense
2022-08-21,Salary parking.,Health & Fitness,1343.05,Expense
2022-08-22,Choice prepare.,Utilities,1433.32,Expense
2022-08-22,Taxi parking.,Shopping,576.79,Expense
2022-08-22,Renewal investment bonus.,Rent,998.59,Expense
2022-08-22,Personal health personal annual premium material.,Shopping,1030.45,Expense
2022-08-22,Talk interest hand.,Rent,903.64,Expense
2022-08-22,Bonus utility savings financial freelance.,Food & Drink,1188.83,Expense
2022-08-22,Vendor balance daily app personal annual savings.,Food & Drink,541.21,Expense
2022-08-23,Insurance deposit parking economy household.,Travel,906.45,Expense
2022-08-23,Sense including six lot.,Shopping,1073.39,Expense
2022-08-23,Subscription processed entertainment.,Rent,607.08,Expense
2022-08-23,Support priority.,Salary,489.29,Income
2022-08-24,Budget project.,Salary,658.47,Income
2022-08-24,Budget bill net.,Utilities,1470.91,Expense
2022-08-24,Processed annual.,Other,4350.77,Income
2022-08-24,Reward hospital.,Utilities,1021.4,Expense
2022-08-24,Never effect fill general relationship.,Shopping,1091.85,Expense
2022-08-24,Monthly phone booking grocery economy.,Travel,1388.99,Expense
2022-08-24,Material clinic market plan.,Travel,1602.85,Expense
2022-08-25,Deal health system purchase.,Food & Drink,1306.2,Expense
2022-08-25,Hospital taxi balance fuel.,Salary,919.01,Income
2022-08-25,Management interest adjustment monthly store household personal.,Investment,3275.51,Income
2022-08-25,Maintenance special pending net renewal software flight.,Health & Fitness,388.24,Expense
2022-08-25,Fee account.,Entertainment,927.29,Expense
2022-08-25,Mortgage bus automatic travel processed advance advance.,Rent,1074.6,Expense
2022-08-26,Democrat hundred.,Rent,227.65,Expense
2022-08-26,Budget management discount credit.,Utilities,1808.3,Expense
2022-08-26,Business tools online pending.,Investment,3809.32,Income
2022-08-26,Train total software loan bus flight.,Other,880.06,Income
2022-08-26,Gym renewal express.,Other,3758.93,Income
2022-08-26,Security land record.,Health & Fitness,1406.25,Expense
2022-08-27,Savings food health.,Utilities,359.13,Expense
2022-08-27,Software contract standard direct regular balance.,Food & Drink,925.66,Expense
2022-08-27,Material platform management.,Utilities,1334.81,Expense
2022-08-27,Order travel travel hospital deposit vendor order.,Shopping,250.35,Expense
2022-08-27,Phone train flight pharmacy.,Investment,1202.96,Income
2022-08-27,Store gross.,Investment,3224.09,Income
2022-08-27,Regular phone net restaurant bus loan.,Investment,4226.89,Income
2022-08-27,Charge utility savings.,Shopping,902.72,Expense
2022-08-27,Bonus system invoice online automatic invoice.,Utilities,892.65,Expense
2022-08-27,Investment delivery freelance purchase.,Entertainment,1225.26,Expense
2022-08-27,Subscription debit weekly fee subscription investment regular.,Salary,93.14,Income
2022-08-28,Budget regular weekly software weekly.,Food & Drink,1315.64,Expense
2022-08-28,Gross financial hospital personal.,Rent,966.49,Expense
2022-08-28,Account deal water.,Salary,485.54,Income
2022-08-28,Vendor fuel hardware grocery invoice entertainment.,Rent,1385.43,Expense
2022-08-28,Pass range appear home player.,Health & Fitness,341.01,Expense
2022-08-28,Deposit material.,Food & Drink,1480.46,Expense
2022-08-29,Store bonus mall pending hotel.,Rent,601.01,Expense
2022-08-29,Discount hotel gross platform mortgage economy.,Salary,1445.28,Income
2022-08-29,Likely outside because.,Shopping,1933.95,Expense
2022-08-29,Gross support.,Entertainment,1722.71,Expense
2022-08-30,Economy internet daily shop mortgage insurance.,Other,4361.65,Income
2022-08-30,Market deal client.,Salary,690.26,Income
2022-08-30,He participant right.,Shopping,220.83,Expense
2022-08-30,Maintenance annual system delivery.,Investment,1322.59,Income
2022-08-30,Bonus account store.,Travel,1527.62,Expense
2022-08-31,Invoice mortgage market total package express.,Travel,280.65,Expense
2022-08-31,Digital business app account personal.,Entertainment,736.63,Expense
2022-08-31,Prevent expert white arm similar.,Investment,4683.0,Income
2022-08-31,Keep cut prevent sound.,Entertainment,897.1,Expense
2022-08-31,Water daily pharmacy.,Salary,748.65,Income
2022-08-31,Internet debit client phone platform deposit market.,Food & Drink,1410.38,Expense
2022-09-01,Hardware internet hardware.,Food & Drink,824.84,Expense
2022-09-01,Delivery hotel health hardware direct.,Other,3859.31,Income
2022-09-01,Hotel deposit market advance salary.,Food & Drink,1233.39,Expense
2022-09-01,Almost outside middle.,Utilities,696.49,Expense
2022-09-01,Net health fee gross.,Entertainment,660.65,Expense
2022-09-02,Mall internet food flight shop food deal.,Rent,1393.63,Expense
2022-09-02,Pending subscription.,Salary,1246.98,Income
2022-09-02,Software utility.,Health & Fitness,959.86,Expense
2022-09-02,College already dream a church.,Investment,2920.0,Income
2022-09-02,Discount package standard network clinic special loan.,Shopping,640.66,Expense
2022-09-02,Net salary automatic taxi total.,Health & Fitness,1498.83,Expense
2022-09-03,Discount account.,Food & Drink,1284.72,Expense
2022-09-03,Bill system charge water app hotel.,Entertainment,1157.33,Expense
2022-09-03,Utility subscription invoice network deposit shop.,Entertainment,1407.04,Expense
2022-09-03,Special pending train plan renewal.,Rent,846.5,Expense
2022-09-03,Near risk.,Utilities,703.17,Expense
2022-09-03,Fuel restaurant.,Rent,844.43,Expense
2022-09-03,Charge management business shop debit regular.,Salary,597.03,Income
2022-09-03,Good house only military.,Rent,240.98,Expense
2022-09-03,Give white everybody paper create.,Entertainment,1047.02,Expense
2022-09-03,Phone market hardware.,Salary,89.59,Income
2022-09-03,Service annual digital.,Entertainment,1388.37,Expense
2022-09-03,Internet daily bill monthly.,Food & Drink,835.2,Expense
2022-09-04,Above company media next me.,Rent,881.95,Expense
2022-09-04,Standard bonus bonus train.,Entertainment,1421.74,Expense
2022-09-04,Sort what.,Health & Fitness,143.68,Expense
2022-09-04,Discount charge.,Travel,221.66,Expense
2022-09-04,Service train processed standard.,Other,1850.51,Income
2022-09-04,Service special direct order payment transfer mall.,Health & Fitness,104.82,Expense
2022-09-04,Market priority system pharmacy net.,Investment,3447.31,Income
2022-09-04,Business investment fuel online loan.,Salary,1595.85,Income
2022-09-05,Plan restaurant.,Utilities,1642.21,Expense
2022-09-05,Service total material transfer annual insurance economy.,Investment,1684.35,Income
2022-09-05,Food advance tax premium contract account train.,Entertainment,443.87,Expense
2022-09-05,Gross bill invoice shop flight shop.,Entertainment,911.23,Expense
2022-09-05,Automatic mortgage utility.,Salary,65.85,Income
2022-09-05,Bus subscription balance payment daily.,Investment,4266.37,Income
2022-09-05,Priority budget standard package.,Health & Fitness,1130.98,Expense
2022-09-05,Economic kind help low during.,Investment,685.0,Income
2022-09-06,Restaurant platform pharmacy payment.,Food & Drink,972.8,Expense
2022-09-06,Race to television loss.,Rent,1357.51,Expense
2022-09-06,Interest clinic.,Health & Fitness,1004.04,Expense
2022-09-06,Package taxi.,Utilities,670.35,Expense
2022-09-06,Advance budget priority platform express store.,Health & Fitness,1294.71,Expense
2022-09-06,Total grocery.,Other,1825.68,Income
2022-09-07,Mortgage shop savings.,Other,4511.04,Income
2022-09-07,Automatic network software savings management project.,Utilities,625.82,Expense
2022-09-07,Freelance entertainment bonus renewal financial.,Rent,837.91,Expense
2022-09-07,Advance software system hotel plan bill.,Entertainment,425.01,Expense
2022-09-07,Reward total regular investment booking.,Utilities,1036.99,Expense
2022-09-07,Him small.,Investment,4727.0,Income
2022-09-08,Vendor app hotel.,Salary,1064.4,Income
2022-09-08,Son include good.,Investment,3211.0,Income
2022-09-08,Loan hardware shop.,Salary,898.87,Income
2022-09-09,Delivery package.,Utilities,1170.86,Expense
2022-09-09,Support interest support travel hardware household.,Food & Drink,761.95,Expense
2022-09-09,Travel savings.,Rent,1224.2,Expense
2022-09-09,Fuel hospital.,Food & Drink,1438.42,Expense
2022-09-10,Weekly monthly debit mall special.,Food & Drink,287.47,Expense
2022-09-10,Flight equipment service reward.,Health & Fitness,495.67,Expense
2022-09-10,Red enjoy.,Salary,471.39,Income
2022-09-10,Hardware travel delivery mortgage management interest mortgage.,Health & Fitness,1069.78,Expense
2022-09-11,Human see.,Utilities,380.91,Expense
2022-09-11,Clinic total interest system salary.,Food & Drink,1773.19,Expense
2022-09-11,Tax material water software premium water.,Entertainment,1751.71,Expense
2022-09-11,Standard equipment credit.,Other,2352.69,Income
2022-09-11,Never condition.,Shopping,68.09,Expense
2022-09-11,Salary automatic.,Entertainment,1033.77,Expense
2022-09-11,Tax purchase purchase fee advance software hospital.,Health & Fitness,1464.5,Expense
2022-09-11,Premium support processed management annual.,Other,2399.35,Income
2022-09-12,Shop annual credit transfer adjustment client insurance.,Health & Fitness,823.07,Expense
2022-09-12,Fee credit.,Shopping,1931.17,Expense
2022-09-12,Despite off consumer second.,Entertainment,904.65,Expense
2022-09-12,Internet contract weekly deposit project financial restaurant.,Other,3114.0,Income
2022-09-12,Automatic restaurant.,Shopping,645.01,Expense
2022-09-13,Water internet mortgage contract support.,Utilities,1592.24,Expense
2022-09-13,Online deal contract loan.,Health & Fitness,467.93,Expense
2022-09-13,Flight electricity package deal.,Investment,1753.09,Income
2022-09-14,Taxi plan hardware.,Utilities,737.38,Expense
2022-09-14,Say dog drug enter.,Food & Drink,1412.42,Expense
2022-09-14,Contract fee bonus health.,Entertainment,480.29,Expense
2022-09-14,Water hospital system.,Investment,3122.78,Income
2022-09-14,Delivery bill.,Salary,1448.83,Income
2022-09-14,Shop economy household.,Investment,1355.3,Income
2022-09-14,Mall material hardware order management fee service.,Utilities,1157.16,Expense
2022-09-15,Subscription discount invoice financial invoice delivery online.,Other,3823.51,Income
2022-09-15,Household digital personal weekly.,Shopping,810.58,Expense
2022-09-15,Annual mall.,Food & Drink,1175.78,Expense
2022-09-15,Strong student green.,Rent,1158.92,Expense
2022-09-15,Deal gym adjustment digital tax.,Health & Fitness,1262.62,Expense
2022-09-15,Turn put professional.,Utilities,737.93,Expense
2022-09-15,Package special adjustment salary.,Food & Drink,1643.9,Expense
2022-09-16,Reward food.,Entertainment,699.89,Expense
2022-09-16,Pending platform special loan reward network.,Health & Fitness,1019.09,Expense
2022-09-16,Business bus water support market.,Shopping,707.63,Expense
2022-09-16,Loan platform.,Shopping,1420.09,Expense
2022-09-16,Support mall utility service utility equipment.,Other,3430.39,Income
2022-09-17,Daily app.,Rent,196.54,Expense
2022-09-17,Economy hardware charge tools app discount.,Other,2787.8,Income
2022-09-17,Monthly discount fuel.,Salary,1491.73,Income
2022-09-17,When summer he firm together.,Investment,2649.0,Income
2022-09-17,Client transfer transfer utility.,Food & Drink,417.33,Expense
2022-09-17,Gross debit regular.,Health & Fitness,638.27,Expense
2022-09-18,Management savings freelance package.,Rent,1312.26,Expense
2022-09-18,Utility software credit fee express pending.,Investment,2808.85,Income
2022-09-18,Economy store health salary weekly purchase.,Salary,1451.98,Income
2022-09-18,Make worker trouble.,Salary,1060.15,Income
2022-09-18,Net direct transfer restaurant.,Utilities,1077.33,Expense
2022-09-18,Fee insurance maintenance vendor project salary transfer.,Entertainment,1749.48,Expense
2022-09-18,Monthly economy regular household mall bill hardware.,Travel,1535.8,Expense
2022-09-18,Daily travel.,Other,2216.04,Income
2022-09-19,Develop office approach son.,Shopping,1226.5,Expense
2022-09-19,Insurance shop daily delivery.,Health & Fitness,333.96,Expense
2022-09-19,Allow girl team simply lead.,Health & Fitness,710.45,Expense
2022-09-19,Weekly clinic contract.,Other,4193.98,Income
2022-09-19,Deal food hotel maintenance.,Investment,617.38,Income
2022-09-19,Annual pending tools insurance hotel.,Travel,1488.51,Expense
2022-09-19,Purchase invoice invoice bonus.,Utilities,146.32,Expense
2022-09-19,Mortgage premium.,Entertainment,1259.51,Expense
2022-09-20,Bill booking health phone booking grocery.,Salary,1738.97,Income
2022-09-20,Business gym restaurant water order.,Utilities,1627.39,Expense
2022-09-20,Reward taxi weekly.,Shopping,1610.26,Expense
2022-09-20,Digital financial internet processed.,Travel,1078.43,Expense
2022-09-21,Tax train daily online automatic purchase.,Utilities,748.56,Expense
2022-09-21,Clinic system.,Utilities,633.22,Expense
2022-09-21,Least ready activity decision ok.,Utilities,1629.34,Expense
2022-09-21,Electricity utility phone electricity utility.,Health & Fitness,1442.47,Expense
2022-09-21,Mall digital flight personal client budget.,Other,1888.52,Income
2022-09-21,Subscription health net.,Shopping,1139.48,Expense
2022-09-21,Delivery plan hospital deposit economy delivery.,Salary,1242.35,Income
2022-09-22,Store client hospital weekly deposit credit clinic.,Entertainment,1397.59,Expense
2022-09-22,Pharmacy transfer.,Salary,1150.98,Income
2022-09-22,Premium discount phone deal booking.,Utilities,1246.74,Expense
2022-09-22,Premium health balance deal loan network.,Other,3596.88,Income
2022-09-22,Monthly automatic taxi restaurant.,Utilities,824.7,Expense
2022-09-22,Restaurant fuel tax train account interest entertainment.,Health & Fitness,1200.42,Expense
2022-09-22,Transfer train net credit.,Travel,1525.77,Expense
2022-09-22,Deposit plan travel mortgage.,Other,2811.14,Income
2022-09-22,Parking pharmacy health transfer.,Food & Drink,1967.52,Expense
2022-09-22,Order entertainment.,Utilities,1510.64,Expense
2022-09-23,Party employee nature down.,Travel,1838.18,Expense
2022-09-23,Order savings entertainment charge taxi fuel total.,Shopping,951.65,Expense
2022-09-23,Automatic hardware maintenance service software credit hospital.,Salary,831.22,Income
2022-09-23,Equipment daily.,Shopping,1203.42,Expense
2022-09-23,Hotel app.,Travel,1076.02,Expense
2022-09-24,Processed economy.,Utilities,1561.34,Expense
2022-09-24,Tools package store train.,Other,4358.86,Income
2022-09-24,Deal reward entertainment account software management.,Travel,821.17,Expense
2022-09-24,Economy economy express transfer app household insurance.,Rent,783.25,Expense
2022-09-25,Standard premium software.,Utilities,908.73,Expense
2022-09-25,Hotel flight annual internet bill personal total.,Utilities,802.99,Expense
2022-09-25,Train gym parking mortgage support account.,Health & Fitness,1502.86,Expense
2022-09-25,Salary premium budget monthly water savings.,Food & Drink,1888.66,Expense
2022-09-25,Internet delivery.,Other,1062.64,Income
2022-09-26,Gas contain interest industry sell.,Utilities,633.24,Expense
2022-09-26,Evidence conference capital office.,Rent,374.26,Expense
2022-09-26,Invoice store.,Food & Drink,1055.86,Expense
2022-09-26,Market shop gym support.,Investment,3213.68,Income
2022-09-26,Store health subscription priority.,Other,3410.41,Income
2022-09-26,Digital maintenance debit hotel.,Other,4392.88,Income
2022-09-27,Automatic internet direct hospital automatic.,Investment,3060.64,Income
2022-09-27,Order deal reward express market net.,Food & Drink,1309.71,Expense
2022-09-27,Support savings app hospital.,Utilities,1243.94,Expense
2022-09-27,Business support hardware.,Travel,407.93,Expense
2022-09-27,Internet internet invoice.,Investment,1973.33,Income
2022-09-27,Travel advance automatic premium.,Salary,1587.81,Income
2022-09-27,Gym regular.,Rent,980.37,Expense
2022-09-27,Store freelance annual.,Investment,3324.03,Income
2022-09-28,Household taxi.,Salary,1672.61,Income
2022-09-28,Transfer personal booking budget bonus.,Travel,1031.2,Expense
2022-09-28,Train transfer payment.,Other,1646.56,Income
2022-09-28,Fee salary balance loan travel.,Food & Drink,1424.85,Expense
2022-09-28,Premium entertainment credit.,Health & Fitness,880.12,Expense
2022-09-28,Result sound.,Shopping,842.3,Expense
2022-09-28,Net travel purchase client shop shop.,Utilities,263.9,Expense
2022-09-29,Digital savings invoice tax loan.,Salary,1597.68,Income
2022-09-29,Computer matter.,Investment,1866.0,Income
2022-09-29,Task cultural son school.,Other,3965.0,Income
2022-09-29,Hospital fee client.,Health & Fitness,722.12,Expense
2022-09-29,Renewal tax.,Entertainment,1535.16,Expense
2022-09-29,Daily charge advance balance.,Other,2987.55,Income
2022-09-30,Result size feel no nothing.,Utilities,382.33,Expense
2022-09-30,Direct phone vendor purchase interest electricity fuel.,Investment,2106.2,Income
2022-09-30,Shop vendor charge premium software payment.,Health & Fitness,637.68,Expense
2022-09-30,Grocery deposit.,Investment,2293.42,Income
2022-09-30,Bill subscription material platform.,Rent,660.18,Expense
2022-09-30,Network processed hospital.,Health & Fitness,1614.68,Expense
2022-10-01,Water support economy shop payment.,Other,1477.63,Income
2022-10-01,Annual pending balance financial health support weekly.,Travel,1352.67,Expense
2022-10-01,Invoice hotel regular equipment online bonus.,Shopping,1371.43,Expense
2022-10-01,Real art.,Food & Drink,1732.39,Expense
2022-10-01,Bonus deposit fuel.,Salary,1177.35,Income
2022-10-01,Economy market transfer.,Salary,969.77,Income
2022-10-02,Fee equipment equipment.,Salary,894.03,Income
2022-10-02,Loan invoice interest delivery network.,Health & Fitness,1231.75,Expense
2022-10-02,Stuff benefit seat employee.,Salary,281.7,Income
2022-10-02,Parking store investment priority.,Rent,1786.0,Expense
2022-10-02,Freelance business internet reward bill gross household.,Utilities,593.79,Expense
2022-10-03,Management digital phone daily automatic booking fee.,Rent,1048.86,Expense
2022-10-03,Contract processed gross investment regular.,Travel,1399.43,Expense
2022-10-03,Mortgage financial invoice special salary.,Salary,1013.62,Income
2022-10-03,Newspaper special general in go.,Salary,824.18,Income
2022-10-03,Internet package credit.,Utilities,1022.35,Expense
2022-10-03,Bus internet interest.,Rent,397.13,Expense
2022-10-04,Premium electricity.,Shopping,1326.92,Expense
2022-10-04,Project support.,Rent,1123.43,Expense
2022-10-04,Balance bus hotel network store grocery entertainment.,Salary,880.99,Income
2022-10-04,Office power company sister great.,Salary,982.51,Income
2022-10-04,Net pending bus contract total flight tax.,Other,2767.04,Income
2022-10-04,Tax renewal digital plan flight bonus.,Health & Fitness,489.94,Expense
2022-10-04,Simple land bad party.,Investment,2306.0,Income
2022-10-05,Advance savings order utility insurance.,Travel,1196.34,Expense
2022-10-05,Support booking deal flight order.,Salary,771.79,Income
2022-10-05,What than political up instead.,Travel,457.44,Expense
2022-10-05,Deposit hardware.,Food & Drink,1153.75,Expense
2022-10-05,Standard tax adjustment loan restaurant.,Travel,515.85,Expense
2022-10-05,Savings entertainment purchase health hospital order bus.,Other,3429.34,Income
2022-10-05,Material regular freelance annual purchase.,Travel,963.4,Expense
2022-10-05,Credit flight package.,Entertainment,586.56,Expense
2022-10-05,Insurance bonus app shop.,Other,2312.42,Income
2022-10-05,Balance store bus entertainment package balance hardware.,Utilities,1144.74,Expense
2022-10-06,Market subscription.,Other,1751.02,Income
2022-10-06,Platform client pending restaurant.,Health & Fitness,336.01,Expense
2022-10-06,Tools reward standard water clinic clinic.,Salary,1428.24,Income
2022-10-06,System clinic maintenance delivery.,Other,3260.19,Income
2022-10-06,Charge digital.,Health & Fitness,1508.07,Expense
2022-10-06,Salary deposit credit.,Salary,1808.94,Income
2022-10-06,Financial order purchase delivery app.,Entertainment,972.07,Expense
2022-10-06,Special insurance.,Shopping,406.25,Expense
2022-10-07,Reward balance business.,Travel,1174.69,Expense
2022-10-07,Internet interest hotel payment total hotel.,Travel,355.22,Expense
2022-10-07,Bus network platform savings premium charge.,Food & Drink,796.15,Expense
2022-10-08,Balance subscription.,Shopping,1901.34,Expense
2022-10-08,Platform online budget bonus.,Travel,1710.46,Expense
2022-10-08,Charge client pharmacy gross express shop.,Rent,955.41,Expense
2022-10-08,Mortgage freelance budget loan.,Investment,2871.2,Income
2022-10-08,Standard freelance tax restaurant.,Health & Fitness,1001.48,Expense
2022-10-08,Support author class direction.,Salary,1135.64,Income
2022-10-08,Food entertainment bill project online.,Health & Fitness,605.0,Expense
2022-10-08,Debit balance material adjustment interest bonus fee.,Entertainment,770.79,Expense
2022-10-10,Credit management train credit insurance balance loan.,Rent,337.69,Expense
2022-10-10,Gross food material.,Salary,1375.65,Income
2022-10-10,Weekly loan hardware household.,Rent,509.05,Expense
2022-10-10,Fee market fee software.,Utilities,967.26,Expense
2022-10-10,Water entertainment deposit account bill renewal account.,Salary,1279.51,Income
2022-10-10,Entertainment health.,Travel,812.74,Expense
2022-10-10,Order platform pending clinic management vendor household.,Entertainment,1961.4,Expense
2022-10-10,Deal freelance health insurance flight.,Utilities,1225.6,Expense
2022-10-10,Charge pending flight automatic package app.,Health & Fitness,910.37,Expense
2022-10-10,Report painting house.,Salary,1103.96,Income
2022-10-11,Gym credit order contract annual.,Rent,499.22,Expense
2022-10-11,Special express plan investment shop.,Rent,1156.26,Expense
2022-10-11,Management deal.,Health & Fitness,1002.23,Expense
2022-10-11,Package system bus interest material.,Travel,884.51,Expense
2022-10-11,Tax project market premium mortgage booking.,Food & Drink,794.22,Expense
2022-10-12,Charge hospital daily economy.,Salary,1103.88,Income
2022-10-12,Salary adjustment hardware household.,Shopping,1086.06,Expense
2022-10-12,Annual express system.,Shopping,864.23,Expense
2022-10-12,Digital contract savings priority bill.,Salary,742.29,Income
2022-10-12,Road product wait.,Health & Fitness,1088.67,Expense
2022-10-12,Security minute late cold.,Investment,2694.0,Income
2022-10-12,Project salary.,Entertainment,1752.04,Expense
2022-10-12,Annual business tax debit.,Utilities,822.68,Expense
2022-10-12,Deposit system.,Shopping,1024.01,Expense
2022-10-12,Economy annual payment food.,Rent,1640.22,Expense
2022-10-13,Net clinic.,Salary,850.06,Income
2022-10-13,Daily management platform maintenance app app debit.,Health & Fitness,838.4,Expense
2022-10-13,Household insurance personal.,Health & Fitness,1360.98,Expense
2022-10-13,Shop weekly hotel.,Other,2996.3,Income
2022-10-13,Cold billion as.,Salary,1097.24,Income
2022-10-13,Online contract.,Food & Drink,1121.85,Expense
2022-10-13,Internet platform bill tax grocery.,Rent,673.21,Expense
2022-10-14,Water automatic.,Rent,870.85,Expense
2022-10-14,Train pending standard.,Investment,3062.65,Income
2022-10-14,Travel hotel.,Utilities,358.96,Expense
2022-10-14,Direct taxi mall bill tools premium.,Food & Drink,1492.42,Expense
2022-10-14,Mall transfer gross total train savings.,Food & Drink,1786.64,Expense
2022-10-15,Order gym.,Investment,2571.18,Income
2022-10-15,Electricity network market gym.,Other,804.65,Income
2022-10-15,Invoice food investment pending weekly.,Travel,611.59,Expense
2022-10-15,Restaurant discount household gym.,Health & Fitness,1072.54,Expense
2022-10-15,Hospital account internet transfer business project special.,Shopping,1763.83,Expense
2022-10-16,Market credit premium.,Investment,3226.77,Income
2022-10-16,Management gym hardware bonus adjustment.,Travel,1943.26,Expense
2022-10-16,Monthly financial mall reward.,Utilities,1322.75,Expense
2022-10-16,Utility charge hotel investment.,Investment,2477.75,Income
2022-10-16,Total advance bonus.,Other,1827.09,Income
2022-10-16,Discount freelance.,Investment,2064.5,Income
2022-10-16,Subscription household bonus management.,Food & Drink,1005.31,Expense
2022-10-17,Tools hotel purchase processed.,Health & Fitness,1347.21,Expense
2022-10-17,Booking premium contract economy debit express.,Food & Drink,1452.39,Expense
2022-10-17,Processed maintenance flight water electricity parking credit.,Investment,576.81,Income
2022-10-17,Monthly economy priority hotel weekly.,Other,1859.19,Income
2022-10-18,Client restaurant restaurant loan.,Travel,1696.1,Expense
2022-10-18,Tax charge vendor business special food freelance.,Shopping,781.23,Expense
2022-10-18,Utility hospital.,Other,2683.75,Income
2022-10-18,Tax flight.,Entertainment,989.86,Expense
2022-10-18,Subscription total financial standard phone vendor system.,Travel,919.29,Expense
2022-10-18,Charge salary purchase.,Rent,1872.67,Expense
2022-10-19,Fee shop mortgage investment.,Entertainment,857.16,Expense
2022-10-19,Management food deal.,Travel,682.68,Expense
2022-10-19,Package discount interest material restaurant internet delivery.,Utilities,907.23,Expense
2022-10-19,Approach side model you billion.,Rent,1474.62,Expense
2022-10-19,Pressure those.,Entertainment,602.44,Expense
2022-10-19,Mall advance management.,Health & Fitness,500.46,Expense
2022-10-19,App network special health total platform.,Investment,2147.47,Income
2022-10-19,Bus entertainment water management restaurant.,Food & Drink,784.67,Expense
2022-10-19,Mortgage premium vendor.,Rent,1070.68,Expense
2022-10-20,Tax premium taxi platform bus discount platform.,Shopping,598.15,Expense
2022-10-20,Special personal.,Salary,1305.22,Income
2022-10-20,Hardware subscription regular digital loan maintenance fuel.,Investment,584.13,Income
2022-10-20,Travel reward flight network hotel priority loan.,Entertainment,1209.48,Expense
2022-10-20,Easy exist phone.,Salary,533.0,Income
2022-10-20,Net management.,Food & Drink,1154.03,Expense
2022-10-21,Entertainment advance hospital fee gym.,Shopping,1081.4,Expense
2022-10-21,Loan deal reward pharmacy.,Utilities,361.44,Expense
2022-10-21,Stuff agreement professional team foot.,Rent,883.75,Expense
2022-10-21,Discount internet network train.,Health & Fitness,802.43,Expense
2022-10-22,Bus bill freelance payment freelance fee net.,Other,4215.71,Income
2022-10-22,Travel credit.,Rent,1458.42,Expense
2022-10-22,Monthly digital special project deposit.,Food & Drink,905.53,Expense
2022-10-22,Window music evening know.,Entertainment,427.66,Expense
2022-10-22,Bonus purchase package total tax automatic.,Health & Fitness,1148.56,Expense
2022-10-22,Priority bill app.,Salary,545.07,Income
2022-10-23,Opportunity lead see.,Health & Fitness,1723.49,Expense
2022-10-23,Economy interest fuel phone fuel transfer.,Entertainment,1629.21,Expense
2022-10-23,Credit adjustment equipment app.,Investment,2602.46,Income
2022-10-23,Mortgage hospital package app.,Food & Drink,1171.63,Expense
2022-10-23,Vendor phone.,Rent,1455.82,Expense
2022-10-23,Transfer delivery service deal management invoice.,Investment,2350.11,Income
2022-10-23,Digital bonus management.,Investment,3735.71,Income
2022-10-23,Subscription bonus bus plan deposit weekly.,Health & Fitness,520.45,Expense
2022-10-23,Monthly bus online digital daily.,Food & Drink,158.97,Expense
2022-10-23,Subscription payment debit personal.,Utilities,128.39,Expense
2022-10-24,Tax store mortgage direct taxi adjustment.,Travel,1158.3,Expense
2022-10-24,Household monthly subscription food restaurant shop.,Rent,1123.12,Expense
2022-10-24,Hotel salary pharmacy net.,Utilities,625.8,Expense
2022-10-24,Plan budget tools fee credit digital.,Travel,1380.91,Expense
2022-10-24,Train mortgage processed loan internet.,Health & Fitness,624.98,Expense
2022-10-25,Network mortgage.,Investment,669.65,Income
2022-10-25,Deal standard budget.,Utilities,1221.63,Expense
2022-10-25,Regular app fee personal.,Investment,4357.92,Income
2022-10-25,Equipment phone.,Entertainment,1286.84,Expense
2022-10-25,Clinic annual interest premium.,Other,3669.08,Income
2022-10-25,Model police finally girl.,Shopping,340.3,Expense
2022-10-25,Account maintenance.,Entertainment,1280.71,Expense
2022-10-25,Water store taxi charge.,Travel,329.44,Expense
2022-10-25,Equipment daily grocery fuel.,Utilities,1734.97,Expense
2022-10-26,Package budget utility express material water household.,Travel,106.83,Expense
2022-10-26,Fuel business.,Other,2328.16,Income
2022-10-26,Utility standard.,Other,1433.92,Income
2022-10-26,Entertainment special order.,Investment,2689.26,Income
2022-10-26,Fee bus vendor.,Utilities,1776.58,Expense
2022-10-26,Total premium.,Health & Fitness,628.95,Expense
2022-10-27,Material grocery market hospital standard.,Rent,1390.34,Expense
2022-10-27,Household express travel water phone total.,Investment,2043.1,Income
2022-10-27,Regular tools bonus special deal.,Travel,1609.16,Expense
2022-10-27,Annual direct tax processed shop annual subscription.,Food & Drink,1051.96,Expense
2022-10-27,Weekly parking taxi balance grocery automatic.,Rent,519.1,Expense
2022-10-27,Payment food network.,Entertainment,1208.13,Expense
2022-10-27,Bonus purchase.,Rent,1613.44,Expense
2022-10-28,Source kind hand.,Investment,2195.0,Income
2022-10-28,Purchase business balance bill water hardware food.,Entertainment,614.3,Expense
2022-10-28,Household phone online fuel app restaurant.,Travel,1069.42,Expense
2022-10-28,Debit deposit personal.,Health & Fitness,997.74,Expense
2022-10-28,Package budget adjustment interest loan.,Utilities,1223.16,Expense
2022-10-28,Weekly travel platform service.,Utilities,1096.43,Expense
2022-10-28,Priority deal fee mortgage gym.,Travel,1292.15,Expense
2022-10-28,Bill app entertainment tools direct interest financial.,Other,930.86,Income
2022-10-28,Priority fuel account.,Travel,553.16,Expense
2022-10-29,Store personal.,Investment,1282.68,Income
2022-10-29,Loan software special tax market.,Health & Fitness,343.91,Expense
2022-10-29,Restaurant annual vendor vendor balance.,Food & Drink,224.98,Expense
2022-10-29,Flight debit order electricity store subscription priority.,Investment,637.53,Income
2022-10-29,Equipment water.,Rent,340.01,Expense
2022-10-30,Field a spring.,Health & Fitness,1069.24,Expense
2022-10-30,Train delivery pending.,Entertainment,845.26,Expense
2022-10-30,Hotel invoice digital transfer.,Entertainment,1354.49,Expense
2022-10-30,Adjustment business.,Investment,1704.48,Income
2022-10-30,Processed deposit app regular.,Utilities,953.6,Expense
2022-10-30,Hardware market budget daily.,Health & Fitness,984.24,Expense
2022-10-31,Material vendor.,Rent,1498.09,Expense
2022-10-31,Expert movement reach man.,Utilities,654.07,Expense
2022-10-31,Hospital food processed savings discount budget.,Salary,89.04,Income
2022-10-31,Loan financial tax store.,Entertainment,964.75,Expense
2022-10-31,Premium debit.,Rent,546.06,Expense
2022-10-31,Material special.,Travel,1636.92,Expense
2022-10-31,Express bonus clinic fuel phone.,Food & Drink,274.74,Expense
2022-10-31,Direct equipment.,Investment,1131.52,Income
2022-10-31,Discount network clinic management special.,Food & Drink,914.54,Expense
2022-10-31,Platform payment.,Food & Drink,1097.16,Expense
2022-10-31,Delivery advance pending financial.,Travel,656.53,Expense
2022-11-01,Daily taxi bus mall.,Food & Drink,1096.77,Expense
2022-11-01,Hospital shop system store water.,Rent,1115.83,Expense
2022-11-01,Monthly priority express business.,Food & Drink,627.97,Expense
2022-11-01,Software mortgage health.,Travel,962.06,Expense
2022-11-02,Economy economy business.,Investment,802.75,Income
2022-11-02,Digital gross network.,Health & Fitness,1092.46,Expense
2022-11-02,Freelance phone.,Travel,920.0,Expense
2022-11-02,Food adjustment market personal personal.,Utilities,999.11,Expense
2022-11-02,Gross clinic utility insurance electricity train.,Shopping,34.14,Expense
2022-11-02,Standard management restaurant.,Travel,1507.7,Expense
2022-11-02,Tax debit.,Entertainment,336.45,Expense
2022-11-02,Platform account contract annual shop bill order.,Food & Drink,1129.22,Expense
2022-11-03,Platform hardware.,Travel,991.19,Expense
2022-11-03,Processed train food tools loan app total.,Food & Drink,1743.1,Expense
2022-11-03,Software renewal express renewal water market.,Other,3696.64,Income
2022-11-03,Economy contract investment.,Investment,2759.68,Income
2022-11-03,Client transfer software fee hardware.,Travel,1293.46,Expense
2022-11-03,Weekly gym deal invoice equipment subscription.,Investment,2407.77,Income
2022-11-03,Premium pending booking regular reward.,Rent,1311.22,Expense
2022-11-03,Across involve fall.,Travel,1149.74,Expense
2022-11-04,Payment personal pending discount electricity standard.,Shopping,806.95,Expense
2022-11-04,Deposit economy material software project tax credit.,Entertainment,1006.76,Expense
2022-11-04,Mortgage insurance.,Shopping,510.91,Expense
2022-11-04,Bonus flight discount.,Utilities,1232.81,Expense
2022-11-04,Nature country.,Rent,279.82,Expense
2022-11-05,Loan express.,Investment,2611.19,Income
2022-11-05,Restaurant parking bonus business freelance.,Entertainment,965.32,Expense
2022-11-05,Electricity balance personal market software software platform.,Other,4127.56,Income
2022-11-05,Automatic management balance daily.,Entertainment,539.52,Expense
2022-11-05,Store equipment material pending processed discount bonus.,Health & Fitness,851.6,Expense
2022-11-05,Hardware restaurant household market delivery project.,Utilities,1041.61,Expense
2022-11-05,Savings adjustment reward maintenance freelance support.,Utilities,853.5,Expense
2022-11-05,House clear say hope.,Shopping,1838.35,Expense
2022-11-05,Fuel shop digital.,Other,2964.46,Income
2022-11-05,Phone app.,Travel,1160.38,Expense
2022-11-06,Client deal direct purchase.,Other,2436.12,Income
2022-11-06,Salary automatic.,Salary,697.55,Income
2022-11-06,Savings balance internet order debit store health.,Investment,1072.08,Income
2022-11-06,Charge debit.,Shopping,800.74,Expense
2022-11-06,Charge automatic order app.,Shopping,332.85,Expense
2022-11-07,Adjustment internet network network loan renewal payment.,Shopping,332.75,Expense
2022-11-07,Hotel delivery.,Rent,984.13,Expense
2022-11-07,Platform pending economy special investment standard tax.,Shopping,1019.15,Expense
2022-11-07,Clinic booking fee fuel hotel water.,Utilities,96.03,Expense
2022-11-07,Renewal online credit.,Entertainment,185.96,Expense
2022-11-07,Possible mother especially.,Investment,3138.0,Income
2022-11-07,Purchase electricity phone.,Investment,3395.31,Income
2022-11-07,Enjoy instead dream.,Utilities,1405.84,Expense
2022-11-07,Material platform phone internet fuel.,Rent,597.56,Expense
2022-11-08,Business business entertainment.,Rent,1481.74,Expense
2022-11-08,Processed fuel household package.,Salary,1728.85,Income
2022-11-08,Hotel economy savings business deposit savings.,Investment,1052.24,Income
2022-11-08,Personal charge.,Other,1151.01,Income
2022-11-09,Processed invoice fuel special loan train tax.,Investment,863.53,Income
2022-11-09,Consumer face.,Shopping,984.02,Expense
2022-11-09,Platform express invoice market processed.,Other,2598.28,Income
2022-11-09,Debit service.,Other,3772.48,Income
2022-11-09,Balance train discount project shop.,Entertainment,1134.42,Expense
2022-11-10,Regular taxi shop bonus gym account.,Food & Drink,605.36,Expense
2022-11-10,Platform economy.,Shopping,1508.45,Expense
2022-11-10,Laugh red man fly charge.,Travel,1259.35,Expense
2022-11-10,Savings flight.,Travel,1281.29,Expense
2022-11-10,Discount deal project processed subscription management.,Entertainment,84.53,Expense
2022-11-10,Internet account train market.,Shopping,900.68,Expense
2022-11-10,Business pharmacy project savings charge bonus.,Rent,770.72,Expense
2022-11-10,Booking transfer charge grocery special.,Investment,1970.54,Income
2022-11-11,Express hotel water service software equipment hotel.,Other,1493.04,Income
2022-11-11,Priority project order.,Travel,816.17,Expense
2022-11-11,Gym household.,Health & Fitness,733.12,Expense
2022-11-11,Advance store premium app bonus mall premium.,Travel,1205.87,Expense
2022-11-11,Equipment hospital train gross net.,Shopping,133.66,Expense
2022-11-11,Entertainment bus total entertainment budget shop internet.,Entertainment,715.04,Expense
2022-11-12,Balance financial order.,Utilities,724.0,Expense
2022-11-12,Standard health freelance order contract project internet.,Utilities,181.65,Expense
2022-11-12,Interest special.,Other,1256.32,Income
2022-11-12,Hotel flight advance salary transfer loan clinic.,Utilities,1436.22,Expense
2022-11-12,Charge investment monthly invoice.,Shopping,216.73,Expense
2022-11-12,System personal.,Travel,114.26,Expense
2022-11-12,Bus support maintenance invoice maintenance.,Food & Drink,380.55,Expense
2022-11-12,Insurance service renewal express train charge.,Utilities,1549.85,Expense
2022-11-13,Discount hospital hospital direct plan contract.,Entertainment,996.86,Expense
2022-11-13,Support advance.,Utilities,123.61,Expense
2022-11-13,Daily restaurant.,Food & Drink,925.68,Expense
2022-11-13,Bill interest hospital store management.,Shopping,1004.38,Expense
2022-11-13,Client processed food platform.,Rent,1505.83,Expense
2022-11-13,Freelance tax interest premium invoice advance.,Salary,1626.78,Income
2022-11-13,Food reward system.,Utilities,93.77,Expense
2022-11-13,Tools renewal digital.,Food & Drink,662.45,Expense
2022-11-13,Train electricity account express advance.,Rent,688.55,Expense
2022-11-13,Control bill.,Rent,1270.92,Expense
2022-11-13,Payment system water.,Investment,3919.35,Income
2022-11-13,Charge health daily.,Investment,3027.64,Income
2022-11-14,Phone phone bonus phone bonus.,Rent,1210.51,Expense
2022-11-14,Discount mall monthly transfer automatic investment.,Health & Fitness,687.34,Expense
2022-11-14,Resource road do.,Rent,811.67,Expense
2022-11-14,Management game.,Health & Fitness,914.84,Expense
2022-11-14,Transfer platform daily advance.,Other,3203.76,Income
2022-11-14,Bonus monthly hotel electricity equipment payment.,Entertainment,1519.71,Expense
2022-11-14,Mall app pending parking salary parking.,Entertainment,998.53,Expense
2022-11-14,Credit adjustment.,Salary,446.75,Income
2022-11-15,Equipment restaurant hardware adjustment.,Other,3177.62,Income
2022-11-15,Savings hospital network phone special budget.,Shopping,990.96,Expense
2022-11-15,Household support bill.,Food & Drink,890.14,Expense
2022-11-15,Your less social form.,Food & Drink,1739.13,Expense
2022-11-15,Priority management regular charge credit utility network.,Utilities,34.45,Expense
2022-11-15,Order purchase net shop entertainment account package.,Investment,2173.54,Income
2022-11-15,Hospital interest renewal mortgage priority delivery food.,Other,2212.42,Income
2022-11-15,Grocery booking.,Travel,815.31,Expense
2022-11-16,Network savings credit market priority subscription fee.,Health & Fitness,758.43,Expense
2022-11-17,Entire hotel.,Rent,1464.55,Expense
2022-11-17,Renewal digital electricity material discount pharmacy.,Other,3135.72,Income
2022-11-17,Consider time economic high.,Health & Fitness,1701.71,Expense
2022-11-17,Net system app hardware.,Rent,1024.38,Expense
2022-11-17,Advance grocery.,Food & Drink,1285.52,Expense
2022-11-17,Food order daily.,Utilities,1335.18,Expense
2022-11-18,Management salary.,Shopping,978.82,Expense
2022-11-18,Taxi annual discount.,Travel,1089.82,Expense
2022-11-18,Salary package hotel.,Rent,1036.99,Expense
2022-11-18,Direct annual order.,Other,2615.1,Income
2022-11-18,Market savings debit balance gym fee.,Investment,2456.67,Income
2022-11-18,Window research his.,Shopping,443.48,Expense
2022-11-18,Weekly household total direct.,Travel,1121.2,Expense
2022-11-19,Scene almost leave.,Entertainment,994.48,Expense
2022-11-19,Platform freelance.,Utilities,1441.77,Expense
2022-11-20,Discount client processed.,Travel,823.79,Expense
2022-11-20,Invoice material subscription.,Investment,3451.17,Income
2022-11-20,Taxi special food priority taxi.,Salary,1059.9,Income
2022-11-20,Personal credit management.,Travel,1051.46,Expense
2022-11-20,Adjustment credit bonus premium balance management software.,Travel,1878.11,Expense
2022-11-20,Mall savings loan internet gross discount.,Rent,322.88,Expense
2022-11-20,Credit debit fuel tools.,Rent,1348.83,Expense
2022-11-20,Grocery salary insurance vendor payment store.,Salary,631.16,Income
2022-11-20,Hardware freelance.,Shopping,1284.87,Expense
2022-11-20,Equipment parking transfer pending renewal water.,Utilities,886.82,Expense
2022-11-21,Program decade home which view.,Travel,682.13,Expense
2022-11-21,Standard personal.,Entertainment,1850.17,Expense
2022-11-21,Online fuel purchase purchase personal electricity hospital.,Investment,2400.02,Income
2022-11-21,Equipment weekly.,Food & Drink,1342.6,Expense
2022-11-21,Priority system pending deposit.,Food & Drink,610.15,Expense
2022-11-21,Discount tax equipment system grocery loan tools.,Salary,1141.52,Income
2022-11-21,Direct business plan advance tax personal bill.,Health & Fitness,1303.69,Expense
2022-11-21,Service client mortgage net plan material client.,Utilities,689.03,Expense
2022-11-22,Train invoice.,Other,3768.17,Income
2022-11-22,Rock seat near business loss.,Salary,1578.72,Income
2022-11-22,Subscription clinic software salary payment.,Rent,1179.66,Expense
2022-11-23,Express hardware equipment contract.,Utilities,968.18,Expense
2022-11-23,Service food regular order system health.,Other,2264.65,Income
2022-11-23,Delivery gross weekly.,Utilities,596.2,Expense
2022-11-23,Health insurance invoice balance.,Shopping,1128.63,Expense
2022-11-23,Restaurant subscription credit payment personal discount deposit.,Other,2997.22,Income
2022-11-23,Vendor flight fuel total budget loan business.,Shopping,1442.09,Expense
2022-11-23,Hospital taxi water health.,Other,4348.03,Income
2022-11-24,Management parking phone.,Shopping,461.65,Expense
2022-11-24,Market contract payment software management.,Other,1115.63,Income
2022-11-24,Hardware material.,Health & Fitness,1069.95,Expense
2022-11-24,Savings booking digital advance vendor.,Health & Fitness,1658.1,Expense
2022-11-24,Tax vendor standard charge reward pharmacy.,Entertainment,1698.34,Expense
2022-11-24,Client hardware flight clinic tools maintenance.,Health & Fitness,171.34,Expense
2022-11-25,Priority restaurant entertainment market.,Shopping,1709.98,Expense
2022-11-25,Water online market client.,Utilities,183.78,Expense
2022-11-25,Fuel deposit.,Health & Fitness,595.32,Expense
2022-11-25,Payment discount reward grocery hotel automatic.,Rent,1601.85,Expense
2022-11-26,Clinic plan budget transfer.,Salary,1928.1,Income
2022-11-26,Plan foot cold.,Salary,42.4,Income
2022-11-26,Growth appear project.,Food & Drink,101.43,Expense
2022-11-26,Household total fee invoice debit invoice discount.,Food & Drink,1372.13,Expense
2022-11-26,Phone material account charge household savings.,Utilities,1311.36,Expense
2022-11-26,Vendor fuel contract fuel.,Health & Fitness,1251.19,Expense
2022-11-26,Hotel special train management direct financial credit.,Investment,2078.72,Income
2022-11-27,Charge online utility adjustment economy.,Shopping,141.28,Expense
2022-11-27,Shop payment.,Food & Drink,1321.56,Expense
2022-11-27,Deal bill monthly debit pending hospital grocery.,Other,3605.64,Income
2022-11-27,Monthly software market weekly equipment.,Salary,1306.83,Income
2022-11-28,Net advance interest train adjustment charge gross.,Travel,735.41,Expense
2022-11-28,Choice side eat matter rather.,Other,2157.0,Income
2022-11-28,Adjustment purchase system.,Other,3407.54,Income
2022-11-28,Build smile across among situation.,Utilities,888.16,Expense
2022-11-29,Bill taxi special client network train water.,Food & Drink,1737.03,Expense
2022-11-29,Debit household credit package interest.,Entertainment,1099.64,Expense
2022-11-29,Order material train entertainment deal discount budget.,Entertainment,518.97,Expense
2022-11-29,Management taxi project support.,Utilities,810.86,Expense
2022-11-29,Annual salary financial pharmacy software.,Other,2641.88,Income
2022-11-29,Purchase platform parking fee financial health internet.,Investment,3896.23,Income
2022-11-29,Deposit equipment maintenance.,Food & Drink,1258.17,Expense
2022-11-30,Grocery gross.,Salary,836.86,Income
2022-11-30,Special network delivery business material adjustment reward.,Health & Fitness,870.75,Expense
2022-11-30,Mortgage electricity net total automatic regular household.,Entertainment,560.16,Expense
2022-11-30,Parking utility.,Health & Fitness,1006.26,Expense
2022-11-30,Mall internet annual store hardware net service.,Food & Drink,1128.11,Expense
2022-11-30,Economy project travel hotel.,Other,3256.54,Income
2022-11-30,Discount tools travel.,Health & Fitness,1219.5,Expense
2022-11-30,Grocery express.,Investment,4053.88,Income
2022-12-01,Pending vendor household standard purchase water bonus.,Salary,874.4,Income
2022-12-01,Shop total electricity.,Travel,1434.61,Expense
2022-12-01,Contract electricity tax management water store pharmacy.,Food & Drink,131.47,Expense
2022-12-01,Art green child movie blue.,Utilities,1765.47,Expense
2022-12-01,Salary management market mortgage credit.,Health & Fitness,937.42,Expense
2022-12-01,Shop maintenance flight household.,Rent,1772.32,Expense
2022-12-02,Bonus grocery shop household.,Food & Drink,473.47,Expense
2022-12-02,Payment online automatic bus.,Other,647.79,Income
2022-12-02,Personal equipment business fee deal.,Health & Fitness,1102.85,Expense
2022-12-02,Mall direct delivery advance.,Rent,1191.87,Expense
2022-12-02,Standard equipment bonus water pending fuel client.,Salary,1376.23,Income
2022-12-02,Economy invoice.,Other,4017.45,Income
2022-12-02,Economy platform gym deal management gym.,Shopping,834.59,Expense
2022-12-02,Subscription entertainment.,Other,1494.37,Income
2022-12-02,Bill fuel fuel.,Health & Fitness,834.93,Expense
2022-12-02,Standard phone.,Other,1811.05,Income
2022-12-02,Parking parking freelance purchase management special.,Investment,4389.87,Income
2022-12-02,Balance internet.,Shopping,763.52,Expense
2022-12-02,Premium project health direct.,Investment,1751.96,Income
2022-12-02,Regular hardware bonus fee.,Rent,685.37,Expense
2022-12-03,Budget weekly delivery package mortgage bus.,Salary,143.83,Income
2022-12-03,Premium premium adjustment salary hardware management.,Travel,906.59,Expense
2022-12-03,First next popular.,Travel,195.75,Expense
2022-12-03,Business direct equipment contract discount project.,Investment,1229.54,Income
2022-12-03,Client discount bill invoice total client weekly.,Rent,1264.88,Expense
2022-12-03,Online management bonus mortgage bonus.,Shopping,668.12,Expense
2022-12-04,Run again help right.,Rent,749.97,Expense
2022-12-04,Net delivery total credit express material.,Investment,3218.46,Income
2022-12-04,Material phone payment.,Other,3599.0,Income
2022-12-04,Tools standard gross net hospital deal.,Investment,3959.08,Income
2022-12-04,Financial maintenance project.,Food & Drink,1277.7,Expense
2022-12-04,Investment premium electricity fuel payment.,Health & Fitness,1312.85,Expense
2022-12-05,Store service pharmacy electricity support household.,Food & Drink,903.09,Expense
2022-12-05,Taxi mall express plan processed.,Rent,693.71,Expense
2022-12-05,Pharmacy transfer loan standard business.,Salary,988.71,Income
2022-12-05,Recent couple cost girl run.,Entertainment,864.17,Expense
2022-12-05,Support automatic management business.,Entertainment,1532.81,Expense
2022-12-05,Management support shop direct weekly pharmacy train.,Rent,1445.99,Expense
2022-12-05,Loan electricity package mall subscription investment economy.,Health & Fitness,907.26,Expense
2022-12-05,Magazine join.,Utilities,113.06,Expense
2022-12-06,Deal personal.,Food & Drink,1731.06,Expense
2022-12-06,Maintenance entertainment mortgage personal booking health.,Food & Drink,1358.81,Expense
2022-12-06,Automatic salary transfer account system electricity.,Investment,1638.17,Income
2022-12-07,Health premium grocery hotel material delivery platform.,Other,1479.99,Income
2022-12-07,Trial never attention choice fast.,Investment,508.0,Income
2022-12-08,Business savings deal taxi.,Travel,885.42,Expense
2022-12-08,Online material.,Rent,1058.82,Expense
2022-12-08,Package credit service phone shop business food.,Health & Fitness,1701.16,Expense
2022-12-08,Store account.,Food & Drink,1247.58,Expense
2022-12-08,Financial investment electricity deal.,Entertainment,822.66,Expense
2022-12-08,Parking gym credit food store.,Utilities,1216.29,Expense
2022-12-09,Parking pharmacy.,Utilities,960.78,Expense
2022-12-09,Pharmacy interest bill material.,Other,2439.88,Income
2022-12-09,Gym advance.,Utilities,1347.61,Expense
2022-12-09,Delivery shop.,Entertainment,862.91,Expense
2022-12-09,Taxi food economy fuel balance.,Rent,1246.87,Expense
2022-12-10,Utility fuel automatic savings clinic processed network.,Investment,4623.56,Income
2022-12-10,Special package.,Shopping,1904.21,Expense
2022-12-10,Service phone store advance direct.,Shopping,570.72,Expense
2022-12-10,Market package grocery renewal water clinic order.,Food & Drink,1199.43,Expense
2022-12-10,Net health credit.,Utilities,1588.64,Expense
2022-12-10,Package advance.,Other,2056.46,Income
2022-12-11,App equipment monthly hospital maintenance.,Salary,1588.34,Income
2022-12-12,Adjustment phone monthly premium adjustment.,Entertainment,605.96,Expense
2022-12-12,Happen a point here control.,Rent,274.07,Expense
2022-12-12,Online financial transfer.,Food & Drink,994.51,Expense
2022-12-12,Daily budget parking project.,Entertainment,986.72,Expense
2022-12-12,Tools contract credit.,Food & Drink,1182.7,Expense
2022-12-12,Insurance priority.,Shopping,1216.41,Expense
2022-12-12,Bonus store personal.,Shopping,1293.37,Expense
2022-12-12,Salary water bonus salary entertainment fee mortgage.,Travel,186.18,Expense
2022-12-12,Electricity salary phone gym support.,Travel,1754.34,Expense
2022-12-12,Project food mall tax tools.,Food & Drink,1321.71,Expense
2022-12-12,Direct health bill net platform.,Salary,601.18,Income
2022-12-12,Client digital investment interest.,Food & Drink,241.3,Expense
2022-12-13,Investment total advance shop utility.,Health & Fitness,1313.44,Expense
2022-12-13,Direct processed salary standard gym electricity travel.,Travel,1247.26,Expense
2022-12-13,Savings hospital discount gym.,Travel,1229.48,Expense
2022-12-13,Internet pharmacy special financial economy.,Investment,4526.2,Income
2022-12-13,Savings online store.,Health & Fitness,931.57,Expense
2022-12-13,Management deal bill credit deposit special.,Travel,573.01,Expense
2022-12-13,Task simply draw return probably.,Salary,28.48,Income
2022-12-13,Restaurant hotel credit debit reward digital.,Utilities,470.53,Expense
2022-12-13,Management purchase.,Utilities,1524.34,Expense
2022-12-13,Purchase subscription food transfer store salary transfer.,Health & Fitness,571.71,Expense
2022-12-13,Transfer online restaurant.,Utilities,554.98,Expense
2022-12-14,Health automatic gym hospital.,Travel,801.91,Expense
2022-12-14,Grocery express.,Rent,1302.9,Expense
2022-12-14,Priority direct weekly.,Travel,1034.44,Expense
2022-12-14,Freelance weekly purchase transfer regular reward standard.,Shopping,552.82,Expense
2022-12-14,Special delivery business clinic daily.,Other,4216.03,Income
2022-12-14,Account plan.,Food & Drink,1802.98,Expense
2022-12-14,Service plan online adjustment software.,Utilities,790.12,Expense
2022-12-14,Clinic balance financial salary standard premium reward.,Salary,695.2,Income
2022-12-15,App deposit fuel deposit business account gross.,Other,1130.66,Income
2022-12-15,Subscription flight personal parking insurance mortgage plan.,Travel,1273.45,Expense
2022-12-15,Couple raise she child.,Rent,1976.43,Expense
2022-12-15,Material household gross platform discount train interest.,Utilities,509.1,Expense
2022-12-16,Important focus benefit probably.,Utilities,960.62,Expense
2022-12-16,Restaurant flight vendor tax mall management hospital.,Health & Fitness,971.29,Expense
2022-12-16,Flight pending taxi service service.,Other,2993.09,Income
2022-12-16,Vendor debit app bill subscription subscription.,Rent,922.44,Expense
2022-12-16,Phone bill salary grocery.,Salary,1058.5,Income
2022-12-16,Service food.,Travel,1721.48,Expense
2022-12-16,Insurance loan purchase market credit.,Food & Drink,1183.62,Expense
2022-12-17,Budget hardware equipment credit annual.,Rent,818.38,Expense
2022-12-17,Bill hospital flight personal invoice booking project.,Food & Drink,1733.99,Expense
2022-12-17,Booking transfer.,Utilities,1145.49,Expense
2022-12-17,Store market total system budget mortgage premium.,Other,3400.32,Income
2022-12-17,Premium restaurant entertainment.,Entertainment,763.8,Expense
2022-12-17,Renewal savings fee.,Other,1711.42,Income
2022-12-18,Charge online food.,Entertainment,1186.53,Expense
2022-12-18,Condition all blood.,Rent,1464.22,Expense
2022-12-18,Mall travel.,Entertainment,620.66,Expense
2022-12-18,Standard personal premium client app.,Rent,1663.75,Expense
2022-12-19,Mall internet business.,Travel,633.68,Expense
2022-12-19,Household hotel plan service direct regular.,Travel,1050.99,Expense
2022-12-19,Adjustment credit network.,Entertainment,1799.0,Expense
2022-12-19,Service standard automatic parking maintenance train.,Rent,1097.2,Expense
2022-12-19,Plan special bonus delivery.,Entertainment,1289.88,Expense
2022-12-19,Transfer balance order taxi balance electricity express.,Other,3331.37,Income
2022-12-19,Platform app online vendor network.,Entertainment,1057.52,Expense
2022-12-19,Fuel system train.,Travel,1323.83,Expense
2022-12-19,Plan tax payment priority travel.,Travel,1084.08,Expense
2022-12-19,Service clinic.,Rent,1031.37,Expense
2022-12-20,Account network household.,Investment,950.41,Income
2022-12-20,Economy credit train plan household.,Entertainment,929.42,Expense
2022-12-20,Gross software automatic automatic support discount client.,Other,4588.88,Income
2022-12-20,Automatic grocery hotel vendor.,Rent,210.52,Expense
2022-12-20,Financial economy.,Rent,295.31,Expense
2022-12-20,Pending travel pending.,Salary,1361.2,Income
2022-12-21,Pending credit package client monthly balance regular.,Travel,1473.12,Expense
2022-12-21,Client transfer budget software water.,Shopping,826.23,Expense
2022-12-21,Deposit direct charge.,Food & Drink,1122.64,Expense
2022-12-21,Shop investment.,Travel,1758.11,Expense
2022-12-21,Tax purchase service management clinic entertainment.,Investment,2093.57,Income
2022-12-22,Food salary net.,Entertainment,915.44,Expense
2022-12-22,Internet online gym booking.,Utilities,1473.89,Expense
2022-12-22,Weekly priority grocery savings platform debit.,Salary,343.0,Income
2022-12-22,Mall subscription order fee purchase plan utility.,Entertainment,510.2,Expense
2022-12-22,Adjustment credit hotel material mortgage gross.,Entertainment,883.62,Expense
2022-12-22,Account app.,Entertainment,1675.89,Expense
2022-12-22,Maintenance invoice invoice.,Health & Fitness,1581.27,Expense
2022-12-22,Net credit mortgage store utility fuel.,Health & Fitness,1234.92,Expense
2022-12-22,All politics.,Other,3511.0,Income
2022-12-23,Personal premium package bus mortgage management.,Travel,1655.58,Expense
2022-12-23,Train material bonus maintenance.,Shopping,746.81,Expense
2022-12-23,Invoice debit plan client maintenance fee electricity.,Salary,974.69,Income
2022-12-23,Total entertainment.,Rent,437.75,Expense
2022-12-23,Loan subscription phone entertainment order processed.,Investment,2146.65,Income
2022-12-23,Plan food special food water personal.,Other,3015.66,Income
2022-12-24,Utility deposit service discount hardware.,Other,977.24,Income
2022-12-24,Bus phone invoice direct entertainment taxi pharmacy.,Other,4129.72,Income
2022-12-25,Total salary.,Investment,2343.12,Income
2022-12-25,Gym salary online interest taxi online.,Food & Drink,1059.2,Expense
2022-12-25,Gym invoice health charge.,Food & Drink,150.73,Expense
2022-12-25,Business entertainment deposit.,Entertainment,1480.12,Expense
2022-12-25,Equipment grocery tax pending.,Shopping,1771.37,Expense
2022-12-25,Personal gym loan online tax electricity standard.,Entertainment,461.32,Expense
2022-12-25,Total pending online.,Salary,844.42,Income
2022-12-26,Vendor credit bonus flight account deal material.,Food & Drink,1475.28,Expense
2022-12-27,Direct mortgage investment automatic regular delivery service.,Salary,1338.12,Income
2022-12-27,Renewal interest budget equipment direct budget flight.,Rent,1328.86,Expense
2022-12-27,Daily gym shop deposit software flight.,Utilities,1485.15,Expense
2022-12-27,Gym flight shop salary net.,Entertainment,474.25,Expense
2022-12-27,Store fee mall deal budget vendor.,Other,1159.06,Income
2022-12-27,Pharmacy system phone annual salary reward.,Salary,1224.7,Income
2022-12-28,Savings shop financial water salary.,Salary,1155.82,Income
2022-12-28,Service express electricity travel bus business.,Health & Fitness,615.23,Expense
2022-12-28,Flight order clinic.,Health & Fitness,1741.58,Expense
2022-12-28,Moment red eight hand.,Utilities,771.61,Expense
2022-12-28,Adjustment pharmacy deposit renewal interest.,Salary,1937.17,Income
2022-12-28,Advance payment internet gym hospital salary.,Investment,3369.1,Income
2022-12-29,Loan health clinic client train.,Shopping,1259.78,Expense
2022-12-29,Automatic premium.,Entertainment,749.0,Expense
2022-12-29,Bus health express deal investment annual freelance.,Shopping,1237.04,Expense
2022-12-29,Net interest hospital purchase investment.,Food & Drink,980.64,Expense
2022-12-30,Us decade.,Utilities,1286.74,Expense
2022-12-30,Advance insurance store balance shop salary.,Utilities,788.19,Expense
2022-12-30,Insurance system clinic shop support bill.,Other,2052.94,Income
2022-12-30,Processed budget salary mortgage weekly.,Health & Fitness,838.62,Expense
2022-12-30,Salary savings.,Investment,1262.3,Income
2022-12-30,Processed salary deal weekly.,Rent,555.31,Expense
2022-12-31,App transfer advance annual.,Utilities,946.22,Expense
2022-12-31,Renewal train annual online.,Investment,2145.31,Income
2022-12-31,Taxi mortgage system.,Investment,2118.89,Income
2022-12-31,Investment clinic daily.,Salary,31.26,Income
2022-12-31,Charge pending.,Rent,1634.02,Expense
2022-12-31,Internet vendor freelance invoice.,Travel,650.1,Expense
2022-12-31,Life police.,Rent,1065.71,Expense
2022-12-31,Tax bus.,Food & Drink,1526.77,Expense
2022-12-31,Annual financial mortgage invoice loan service express.,Other,1363.88,Income
2022-12-31,Investment software.,Health & Fitness,1087.13,Expense
2022-12-31,Utility internet economy hardware adjustment.,Health & Fitness,942.02,Expense
2023-01-01,Service platform personal total tax tools.,Health & Fitness,893.47,Expense
2023-01-01,Priority total bus plan project health contract.,Shopping,658.48,Expense
2023-01-01,Package fee payment.,Investment,3969.98,Income
2023-01-01,Management entertainment invoice weekly food network net.,Food & Drink,751.24,Expense
2023-01-02,Insurance express.,Food & Drink,1537.49,Expense
2023-01-02,Electricity utility mortgage restaurant.,Utilities,1089.55,Expense
2023-01-02,Processed transfer tax.,Investment,3369.68,Income
2023-01-02,Material hospital express flight.,Utilities,263.11,Expense
2023-01-03,Clinic savings digital bus.,Health & Fitness,704.75,Expense
2023-01-03,Hospital special platform.,Health & Fitness,763.66,Expense
2023-01-03,Sea three state some around.,Investment,4105.0,Income
2023-01-03,Flight water.,Food & Drink,858.94,Expense
2023-01-03,Store pending balance insurance online personal.,Rent,333.81,Expense
2023-01-03,Premium processed equipment total.,Travel,980.37,Expense
2023-01-04,Entertainment equipment discount.,Shopping,812.59,Expense
2023-01-04,Processed investment charge account total.,Utilities,1331.17,Expense
2023-01-04,American audience fight war whether.,Entertainment,1259.88,Expense
2023-01-04,Package order personal salary hotel express.,Other,4058.59,Income
2023-01-04,Rise mother.,Other,4124.0,Income
2023-01-04,Booking vendor.,Entertainment,1146.51,Expense
2023-01-04,Fuel health package charge.,Investment,1415.06,Income
2023-01-04,Reward hotel.,Entertainment,1057.69,Expense
2023-01-05,Invoice purchase insurance.,Rent,1336.03,Expense
2023-01-05,Annual fee weekly discount.,Rent,1450.29,Expense
2023-01-05,Maintenance clinic total app freelance delivery.,Entertainment,670.32,Expense
2023-01-05,Account hospital salary system standard credit tax.,Travel,1089.25,Expense
2023-01-05,Internet adjustment freelance water credit restaurant.,Food & Drink,1042.67,Expense
2023-01-05,Gym budget automatic.,Health & Fitness,484.45,Expense
2023-01-05,Special bonus.,Health & Fitness,566.75,Expense
2023-01-05,Credit market regular total.,Food & Drink,403.5,Expense
2023-01-05,Hospital discount renewal.,Utilities,947.67,Expense
2023-01-06,Moment eat personal.,Rent,1794.22,Expense
2023-01-06,Service food purchase.,Investment,2146.28,Income
2023-01-06,Service processed client personal contract delivery.,Investment,1887.74,Income
2023-01-06,Hotel budget special food client renewal grocery.,Food & Drink,1753.15,Expense
2023-01-07,Maintenance phone household freelance.,Health & Fitness,893.84,Expense
2023-01-07,Personal total interest balance plan order hotel.,Health & Fitness,1104.5,Expense
2023-01-08,Travel train flight mall shop bonus.,Salary,1951.87,Income
2023-01-08,Taxi net payment.,Salary,144.79,Income
2023-01-08,Travel monthly renewal.,Travel,937.71,Expense
2023-01-08,Clinic insurance water purchase hospital freelance.,Utilities,1184.78,Expense
2023-01-08,Weekly health invoice advance.,Salary,382.32,Income
2023-01-08,Pending investment credit hardware insurance.,Entertainment,697.11,Expense
2023-01-09,Plan parking tools adjustment fee.,Entertainment,1488.94,Expense
2023-01-09,Plan bus debit priority reward gross.,Other,3458.41,Income
2023-01-09,Fuel contract debit charge special vendor.,Food & Drink,1414.01,Expense
2023-01-09,See indeed black police group.,Investment,3645.0,Income
2023-01-09,Advance package fee invoice reward standard flight.,Other,4703.66,Income
2023-01-09,Express software monthly delivery grocery.,Health & Fitness,1120.04,Expense
2023-01-09,System software.,Travel,1567.95,Expense
2023-01-10,Bus vendor financial equipment market.,Utilities,1396.24,Expense
2023-01-10,Platform bonus annual processed taxi weekly.,Investment,3240.87,Income
2023-01-10,Financial subscription reward direct adjustment hospital invoice.,Shopping,805.03,Expense
2023-01-10,Third coach congress husband.,Shopping,635.86,Expense
2023-01-10,Phone hotel.,Utilities,1082.11,Expense
2023-01-10,Health renewal.,Food & Drink,107.53,Expense
2023-01-10,Direct budget tools economy discount.,Other,741.41,Income
2023-01-10,Gross tax regular package.,Utilities,1049.17,Expense
2023-01-10,Online hotel shop parking.,Shopping,1707.04,Expense
2023-01-11,Entertainment purchase.,Travel,1536.07,Expense
2023-01-11,Food weekly travel package insurance.,Health & Fitness,484.41,Expense
2023-01-11,Processed support.,Health & Fitness,802.08,Expense
2023-01-11,Move outside value.,Other,1190.0,Income
2023-01-11,Entertainment mall priority.,Other,1100.0,Income
2023-01-12,Priority restaurant.,Health & Fitness,506.07,Expense
2023-01-12,Booking credit processed mall taxi digital.,Other,2185.84,Income
2023-01-12,Train internet reward net tax investment personal.,Salary,1157.75,Income
2023-01-12,Financial market investment discount discount direct.,Health & Fitness,758.04,Expense
2023-01-12,Invoice train.,Health & Fitness,1600.71,Expense
2023-01-12,Hospital hotel daily.,Food & Drink,1319.32,Expense
2023-01-12,Savings financial.,Health & Fitness,1654.99,Expense
2023-01-12,Digital insurance balance reward.,Travel,1169.27,Expense
2023-01-12,Debit priority financial health health contract.,Rent,406.12,Expense
2023-01-13,Personal standard household.,Entertainment,558.55,Expense
2023-01-13,Budget store reward equipment daily online fee.,Health & Fitness,1251.27,Expense
2023-01-13,Digital direct market electricity hotel transfer mall.,Utilities,937.72,Expense
2023-01-13,Yard foot he share issue.,Travel,1560.15,Expense
2023-01-13,Maintenance contract gross fuel credit.,Entertainment,1622.59,Expense
2023-01-13,Advance business balance.,Utilities,1256.63,Expense
2023-01-13,Store restaurant deposit household mortgage.,Utilities,1580.8,Expense
2023-01-14,Standard software clinic direct mortgage mortgage.,Travel,629.2,Expense
2023-01-14,Deal renewal digital restaurant monthly.,Travel,208.97,Expense
2023-01-14,Priority reward hospital.,Travel,1465.28,Expense
2023-01-14,Charge booking reward credit household.,Salary,156.03,Income
2023-01-14,Tax budget package account entertainment.,Rent,907.52,Expense
2023-01-15,Mortgage project plan delivery material entertainment health.,Other,2215.41,Income
2023-01-15,Service fee economy discount.,Health & Fitness,876.1,Expense
2023-01-15,Taxi fee credit discount support loan special.,Entertainment,1360.14,Expense
2023-01-15,Salary fee gross budget investment service advance.,Utilities,311.07,Expense
2023-01-15,Drive nation heart nearly season.,Travel,418.84,Expense
2023-01-15,Platform charge financial pending fuel taxi interest.,Entertainment,1928.29,Expense
2023-01-16,Hotel net.,Other,1723.42,Income
2023-01-16,Language however risk work.,Entertainment,1498.21,Expense
2023-01-16,Transfer pending electricity fee freelance investment tax.,Utilities,733.16,Expense
2023-01-16,Tax parking management health bus subscription.,Rent,211.34,Expense
2023-01-16,Debit shop market client fuel maintenance phone.,Health & Fitness,1569.42,Expense
2023-01-17,Online processed freelance annual network.,Travel,740.39,Expense
2023-01-17,Maintenance annual mortgage interest order.,Rent,1976.1,Expense
2023-01-17,Business train management.,Investment,3120.38,Income
2023-01-17,Loan tax account service express.,Investment,4439.76,Income
2023-01-17,Weekly project pharmacy.,Travel,1800.26,Expense
2023-01-17,Tools weekly.,Travel,372.6,Expense
2023-01-17,Mortgage internet hospital household grocery.,Other,4177.15,Income
2023-01-17,Service internet mortgage mall food debit.,Utilities,896.53,Expense
2023-01-17,Booking automatic freelance project.,Food & Drink,1524.96,Expense
2023-01-17,Career three according worker democrat.,Food & Drink,1569.77,Expense
2023-01-18,Advance freelance.,Investment,2567.13,Income
2023-01-18,Sign wall.,Entertainment,994.83,Expense
2023-01-18,Automatic salary purchase transfer salary delivery financial.,Utilities,1810.18,Expense
2023-01-18,Utility food network account.,Entertainment,1841.94,Expense
2023-01-18,Account maintenance annual.,Entertainment,1944.76,Expense
2023-01-19,Subscription interest charge premium processed priority.,Salary,1320.44,Income
2023-01-19,Bonus loan plan bus payment entertainment.,Travel,936.03,Expense
2023-01-19,Society common stay ready.,Shopping,737.17,Expense
2023-01-19,Begin hundred truth.,Utilities,779.81,Expense
2023-01-19,Enter threat economic.,Food & Drink,1973.9,Expense
2023-01-19,Memory number occur behind leave.,Other,1081.0,Income
2023-01-19,Organization feel.,Salary,1909.36,Income
2023-01-19,Deposit tools.,Other,3978.73,Income
2023-01-19,Train discount service.,Utilities,1645.51,Expense
2023-01-19,Economy phone purchase budget transfer clinic.,Other,2783.42,Income
2023-01-19,Annual financial pharmacy taxi special.,Rent,1817.01,Expense
2023-01-19,Account booking adjustment phone phone.,Entertainment,714.67,Expense
2023-01-19,Debit utility.,Investment,1939.78,Income
2023-01-20,Personal personal special bus.,Travel,1826.9,Expense
2023-01-20,Purchase fuel subscription.,Food & Drink,364.38,Expense
2023-01-20,Clinic payment priority household investment phone.,Investment,740.91,Income
2023-01-20,Shop transfer parking digital insurance grocery.,Investment,1520.1,Income
2023-01-20,Net net travel train.,Salary,1731.01,Income
2023-01-20,Bad argue side girl.,Food & Drink,1178.85,Expense
2023-01-20,Online material monthly gross system mortgage.,Investment,4587.68,Income
2023-01-21,Premium vendor personal service personal.,Salary,1405.06,Income
2023-01-21,Online shop contract booking travel monthly hospital.,Investment,1602.26,Income
2023-01-21,Credit deposit.,Salary,1708.82,Income
2023-01-21,Mortgage platform.,Shopping,902.17,Expense
2023-01-21,Him fight american music change.,Shopping,1018.16,Expense
2023-01-21,Advance pending.,Travel,799.68,Expense
2023-01-21,Direct reward annual.,Shopping,1312.96,Expense
2023-01-21,Loan hotel market taxi.,Shopping,563.13,Expense
2023-01-21,Online annual booking express.,Health & Fitness,523.31,Expense
2023-01-21,Electricity mall bill travel mall purchase processed.,Travel,421.05,Expense
2023-01-21,Us building side section.,Investment,826.0,Income
2023-01-22,Budget delivery.,Investment,2070.5,Income
2023-01-22,Electricity regular pending priority credit.,Travel,1394.68,Expense
2023-01-22,Processed gross budget premium food daily.,Salary,680.42,Income
2023-01-22,Check purpose young.,Shopping,852.91,Expense
2023-01-22,Hospital budget bus.,Salary,276.98,Income
2023-01-22,Express salary store store gross utility.,Other,1497.81,Income
2023-01-22,Loan digital tax processed internet.,Rent,644.02,Expense
2023-01-22,Economy project travel insurance.,Rent,1111.14,Expense
2023-01-22,Gross personal regular daily.,Travel,777.0,Expense
2023-01-23,Energy huge its recently.,Other,3700.0,Income
2023-01-23,Balance express regular business management health.,Rent,1854.1,Expense
2023-01-23,Live seat.,Entertainment,1948.88,Expense
2023-01-23,Deal reward invoice deposit network bonus.,Other,3807.98,Income
2023-01-23,Freelance electricity net app.,Salary,285.98,Income
2023-01-23,Network insurance support.,Shopping,1127.74,Expense
2023-01-23,Offer bed it skill challenge.,Utilities,562.16,Expense
2023-01-23,Management mortgage discount health.,Health & Fitness,293.27,Expense
2023-01-23,Equipment contract.,Entertainment,802.35,Expense
2023-01-24,Nice maintain present cultural.,Rent,627.24,Expense
2023-01-24,Pattern wrong kind certainly.,Utilities,247.69,Expense
2023-01-24,Couple general pretty show.,Food & Drink,625.49,Expense
2023-01-24,Drug entire involve.,Entertainment,125.23,Expense
2023-01-24,Both including.,Other,1450.0,Income
2023-01-24,Investment platform support total payment business tax.,Other,2472.79,Income
2023-01-24,Current health serious.,Food & Drink,336.03,Expense
2023-01-25,Discount subscription monthly debit restaurant software deposit.,Food & Drink,430.76,Expense
2023-01-25,Support regular.,Entertainment,986.58,Expense
2023-01-25,Science drug.,Travel,342.26,Expense
2023-01-26,Online loan invoice investment taxi network.,Rent,862.98,Expense
2023-01-26,Bill deal standard discount financial.,Shopping,558.35,Expense
2023-01-26,Add really born.,Other,1467.0,Income
2023-01-26,Gym purchase.,Travel,1695.01,Expense
2023-01-26,Hardware deal mall online.,Investment,668.91,Income
2023-01-26,System payment delivery special charge.,Health & Fitness,1136.07,Expense
2023-01-27,Economy fuel bus system salary.,Rent,1934.77,Expense
2023-01-27,Age decade mrs data.,Food & Drink,676.67,Expense
2023-01-27,Subscription direct taxi bus parking.,Health & Fitness,313.02,Expense
2023-01-27,Nature performance yeah.,Rent,533.27,Expense
2023-01-27,Transfer credit total service shop.,Other,592.35,Income
2023-01-27,Food fuel hospital vendor system entertainment.,Rent,632.31,Expense
2023-01-28,Phone train system purchase.,Utilities,1090.74,Expense
2023-01-28,Contract maintenance annual.,Entertainment,933.08,Expense
2023-01-28,On professional analysis color.,Rent,997.33,Expense
2023-01-28,Hotel financial special.,Utilities,790.1,Expense
2023-01-28,Travel deal package advance parking credit.,Health & Fitness,1836.16,Expense
2023-01-28,Hardware net store invoice utility.,Investment,1167.08,Income
2023-01-28,Advance grocery processed daily.,Health & Fitness,1836.81,Expense
2023-01-29,Gym account deposit support.,Entertainment,1642.95,Expense
2023-01-29,Smile peace apply.,Food & Drink,1004.22,Expense
2023-01-29,Software vendor freelance bus premium plan.,Health & Fitness,1689.01,Expense
2023-01-29,Home even.,Health & Fitness,323.05,Expense
2023-01-29,Freelance processed account electricity economy deposit.,Rent,945.32,Expense
2023-01-29,Order deal pending debit pharmacy.,Health & Fitness,364.53,Expense
2023-01-29,Adjustment health pharmacy support bonus mall.,Health & Fitness,196.61,Expense
2023-01-29,Plan pharmacy tools.,Utilities,1690.56,Expense
2023-01-30,Renewal water account restaurant charge system.,Entertainment,1653.47,Expense
2023-01-30,Affect test.,Rent,464.52,Expense
2023-01-30,Software grocery market household internet interest.,Investment,846.66,Income
2023-01-30,Health package insurance travel subscription.,Travel,621.3,Expense
2023-01-31,Order delivery economy.,Food & Drink,449.23,Expense
2023-01-31,System clinic maintenance budget.,Investment,3033.52,Income
2023-01-31,Woman meet report.,Food & Drink,1718.79,Expense
2023-01-31,Deal maintenance equipment service daily net software.,Shopping,988.94,Expense
2023-01-31,Term mother cost may.,Investment,4364.0,Income
2023-01-31,Food shop store adjustment.,Shopping,647.6,Expense
2023-01-31,Booking market tools premium.,Food & Drink,427.87,Expense
2023-02-01,Unit again easy morning four.,Utilities,366.13,Expense
2023-02-01,Maintenance hardware invoice total service order.,Health & Fitness,1071.75,Expense
2023-02-01,Monthly platform.,Salary,1574.36,Income
2023-02-02,Loan business utility financial pending fee.,Investment,2210.05,Income
2023-02-02,Adult range green.,Food & Drink,1110.2,Expense
2023-02-02,Food project discount food hardware.,Shopping,291.29,Expense
2023-02-02,Maintenance reward project restaurant loan.,Food & Drink,1142.56,Expense
2023-02-02,Health train daily.,Salary,315.72,Income
2023-02-03,Utility advance household interest.,Health & Fitness,692.06,Expense
2023-02-03,Adjustment net.,Rent,1424.62,Expense
2023-02-03,Flight deal mortgage investment package health taxi.,Investment,4711.95,Income
2023-02-03,Network transfer.,Shopping,466.0,Expense
2023-02-03,You without every.,Shopping,456.79,Expense
2023-02-03,Account debit credit business.,Health & Fitness,1128.93,Expense
2023-02-03,Utility train financial flight food gym equipment.,Investment,2574.72,Income
2023-02-03,Contract management store economy.,Entertainment,705.27,Expense
2023-02-04,Support service insurance delivery mall loan freelance.,Investment,3034.25,Income
2023-02-04,Daily shop account network network processed net.,Salary,1333.47,Income
2023-02-04,Health contract.,Food & Drink,1461.14,Expense
2023-02-04,Priority discount.,Salary,1214.9,Income
2023-02-05,Charge direct support train train.,Entertainment,797.55,Expense
2023-02-05,Utility financial payment annual health tax purchase.,Health & Fitness,711.98,Expense
2023-02-05,Total grocery salary purchase financial app.,Health & Fitness,1985.29,Expense
2023-02-05,Platform delivery vendor taxi savings train account.,Rent,384.8,Expense
2023-02-06,Household payment salary automatic travel restaurant.,Health & Fitness,1072.77,Expense
2023-02-06,Election hit yourself wrong want.,Health & Fitness,549.8,Expense
2023-02-06,Regular payment entertainment express mortgage phone economy.,Health & Fitness,366.73,Expense
2023-02-06,Renewal software economy.,Utilities,1432.22,Expense
2023-02-06,Economy advance regular.,Salary,186.51,Income
2023-02-06,Freelance management hotel economy debit regular net.,Food & Drink,241.15,Expense
2023-02-06,Invoice flight personal monthly priority direct fee.,Other,3693.84,Income
2023-02-07,Transfer invoice daily subscription advance flight.,Utilities,1569.14,Expense
2023-02-07,Client direct mall parking water pharmacy.,Shopping,1529.47,Expense
2023-02-07,Charge today prevent.,Other,1478.0,Income
2023-02-07,Minute question their rather.,Food & Drink,366.9,Expense
2023-02-07,Market market priority support entertainment management.,Rent,1514.74,Expense
2023-02-07,Travel client renewal.,Investment,3313.41,Income
2023-02-08,Food plan phone hardware train debit net.,Investment,3600.39,Income
2023-02-08,Bonus personal travel net booking.,Travel,1405.69,Expense
2023-02-08,My deal catch must.,Other,2812.0,Income
2023-02-08,Of interview fine.,Food & Drink,1908.62,Expense
2023-02-08,Tools credit.,Other,2344.51,Income
2023-02-08,Contract service weekly booking balance.,Salary,1316.13,Income
2023-02-08,Delivery train express invoice app account.,Other,1222.89,Income
2023-02-08,Financial water store.,Other,1117.58,Income
2023-02-09,Vendor internet.,Shopping,761.89,Expense
2023-02-09,Adjustment adjustment package utility fee.,Health & Fitness,805.98,Expense
2023-02-09,Transfer platform salary household system.,Travel,1797.68,Expense
2023-02-09,Freelance order fuel salary freelance entertainment.,Salary,1242.77,Income
2023-02-09,Account deposit contract.,Travel,1493.47,Expense
2023-02-09,Grocery taxi online health.,Other,2628.37,Income
2023-02-09,Economy gross.,Utilities,90.44,Expense
2023-02-09,Processed priority shop express regular budget.,Shopping,1105.73,Expense
2023-02-09,Finally relate model.,Travel,661.33,Expense
2023-02-10,Transfer personal total shop app.,Other,1931.85,Income
2023-02-10,Package charge network app.,Investment,1583.96,Income
2023-02-10,Contract support insurance online fee.,Food & Drink,1842.32,Expense
2023-02-10,Bus business mortgage business direct.,Travel,809.59,Expense
2023-02-10,Regular balance grocery maintenance tools.,Health & Fitness,990.06,Expense
2023-02-11,Interest advance clinic special express parking.,Salary,1872.07,Income
2023-02-11,Entertainment discount economy fuel plan discount booking.,Investment,3214.36,Income
2023-02-11,Regular salary gym.,Utilities,482.73,Expense
2023-02-11,Savings app.,Entertainment,1827.43,Expense
2023-02-11,Reward support priority special deal.,Other,1736.92,Income
2023-02-11,Parking fee.,Shopping,531.21,Expense
2023-02-12,Yet wish certain usually.,Food & Drink,744.15,Expense
2023-02-12,Priority bus fuel special hospital package.,Salary,1249.7,Income
2023-02-12,Savings mall order household economy.,Other,1841.66,Income
2023-02-12,Fuel internet store pharmacy priority payment.,Other,2072.53,Income
2023-02-12,Economy restaurant shop.,Health & Fitness,1189.45,Expense
2023-02-12,Phone annual gross bonus net fuel food.,Health & Fitness,1682.25,Expense
2023-02-12,Flight deal booking credit bonus electricity invoice.,Shopping,902.92,Expense
2023-02-12,Fee mortgage.,Food & Drink,705.3,Expense
2023-02-13,Hospital market net.,Entertainment,1157.66,Expense
2023-02-13,Insurance invoice online market.,Utilities,639.12,Expense
2023-02-13,Annual premium pharmacy subscription pending.,Investment,2376.98,Income
2023-02-13,Attack mouth rest contain.,Travel,1481.76,Expense
2023-02-14,Network order.,Food & Drink,1403.82,Expense
2023-02-14,Payment digital pending.,Entertainment,625.03,Expense
2023-02-14,Online booking automatic system fee bill.,Entertainment,1221.94,Expense
2023-02-14,Financial tax network.,Other,4265.81,Income
2023-02-15,Service order market shop balance phone.,Health & Fitness,1661.89,Expense
2023-02-15,Advance deposit store material weekly software.,Utilities,825.0,Expense
2023-02-15,She they.,Health & Fitness,1187.46,Expense
2023-02-15,Charge online.,Shopping,896.26,Expense
2023-02-15,Transfer debit app.,Food & Drink,304.32,Expense
2023-02-15,Adjustment advance online platform package entertainment.,Other,3508.4,Income
2023-02-15,Bus loan daily hospital annual credit bonus.,Shopping,759.17,Expense
2023-02-16,Insurance mall charge processed gym.,Entertainment,288.93,Expense
2023-02-16,Monthly express priority advance purchase contract.,Entertainment,123.46,Expense
2023-02-16,Investment bill economy flight economy processed.,Shopping,1268.28,Expense
2023-02-16,Field seat start pm.,Entertainment,1467.6,Expense
2023-02-16,Tax maintenance system monthly deposit.,Salary,648.97,Income
2023-02-16,Debit advance vendor premium.,Shopping,1451.69,Expense
2023-02-16,Shop salary parking online household special management.,Food & Drink,1002.14,Expense
2023-02-17,System travel mortgage service credit fuel.,Other,3692.12,Income
2023-02-17,Total daily personal deposit online tax reward.,Shopping,926.05,Expense
2023-02-17,Bonus hospital delivery.,Salary,995.51,Income
2023-02-17,Freelance material direct project system maintenance train.,Other,608.68,Income
2023-02-17,Support pending direct.,Food & Drink,1140.34,Expense
2023-02-17,Material plan.,Travel,423.74,Expense
2023-02-18,Single blood continue.,Entertainment,309.63,Expense
2023-02-18,Clinic plan.,Other,2709.19,Income
2023-02-18,Interest express taxi health financial train.,Salary,1948.92,Income
2023-02-18,Business bus shop.,Food & Drink,498.39,Expense
2023-02-18,Premium tools.,Food & Drink,1446.32,Expense
2023-02-18,Savings flight.,Rent,238.82,Expense
2023-02-19,Project monthly hospital.,Entertainment,1326.72,Expense
2023-02-19,Automatic booking tools service salary.,Utilities,874.75,Expense
2023-02-19,Hardware purchase tax fuel client booking credit.,Other,4051.83,Income
2023-02-20,Food balance.,Salary,498.97,Income
2023-02-20,Online digital phone investment delivery advance bonus.,Health & Fitness,575.04,Expense
2023-02-20,Maybe painting republican.,Food & Drink,1902.47,Expense
2023-02-20,Gym mall gym express.,Other,3941.52,Income
2023-02-20,Note discuss discussion reach grow.,Food & Drink,473.67,Expense
2023-02-21,Booking purchase.,Entertainment,931.8,Expense
2023-02-21,Water economy network freelance bus.,Investment,4906.78,Income
2023-02-21,Taxi automatic automatic.,Travel,471.64,Expense
2023-02-21,Bill total tax digital vendor adjustment.,Health & Fitness,1773.45,Expense
2023-02-21,Utility booking.,Travel,1767.15,Expense
2023-02-21,Gym hotel automatic special delivery.,Other,1608.61,Income
2023-02-21,System interest train renewal.,Investment,2906.19,Income
2023-02-22,Allow share address.,Investment,3939.0,Income
2023-02-22,App delivery.,Shopping,681.95,Expense
2023-02-22,System man case.,Other,3019.0,Income
2023-02-22,Train bill processed.,Entertainment,1899.25,Expense
2023-02-22,Account software delivery salary.,Travel,1206.28,Expense
2023-02-23,Daily shop gross food processed total booking.,Shopping,933.11,Expense
2023-02-23,Standard app utility salary salary renewal.,Rent,242.55,Expense
2023-02-23,Taxi travel.,Other,2146.78,Income
2023-02-23,Taxi fuel debit travel train tax clinic.,Other,4284.67,Income
2023-02-23,Order priority support maintenance deposit software.,Rent,1229.57,Expense
2023-02-23,Economy contract account.,Salary,1195.25,Income
2023-02-24,Bonus processed personal credit contract fuel vendor.,Entertainment,1779.72,Expense
2023-02-24,Special special.,Health & Fitness,1193.47,Expense
2023-02-24,Express adjustment salary.,Rent,1241.58,Expense
2023-02-24,Mortgage investment fee shop savings.,Health & Fitness,1310.42,Expense
2023-02-24,Development provide dark daughter.,Food & Drink,1945.39,Expense
2023-02-25,Equipment special adjustment.,Other,1049.57,Income
2023-02-25,Freelance software renewal.,Travel,1337.34,Expense
2023-02-25,Freelance vendor.,Shopping,941.29,Expense
2023-02-25,Daily utility app hospital.,Investment,3559.02,Income
2023-02-25,Gym monthly annual market tax.,Utilities,1041.31,Expense
2023-02-26,Economy salary interest contract annual monthly.,Entertainment,1171.15,Expense
2023-02-26,Weekly subscription budget reward deposit parking monthly.,Investment,1752.57,Income
2023-02-26,Automatic express.,Entertainment,569.27,Expense
2023-02-26,Project delivery phone parking hospital fee project.,Entertainment,1084.3,Expense
2023-02-26,Term majority foot leader.,Other,1262.0,Income
2023-02-26,If among save herself.,Investment,4757.0,Income
2023-02-26,Particularly score order modern.,Health & Fitness,922.33,Expense
2023-02-26,Vendor fuel monthly bus delivery budget.,Salary,380.35,Income
2023-02-26,Hotel mall.,Utilities,1460.75,Expense
2023-02-26,Phone reward special hospital deal.,Health & Fitness,1212.49,Expense
2023-02-27,Purchase fuel.,Other,2905.36,Income
2023-02-27,Platform fee hardware.,Salary,1024.94,Income
2023-02-27,Salary order water special deposit.,Investment,3294.65,Income
2023-02-28,Automatic weekly.,Entertainment,1494.26,Expense
2023-02-28,Regular adjustment.,Rent,1083.18,Expense
2023-02-28,Hospital transfer.,Utilities,1244.62,Expense
2023-02-28,Food purchase.,Health & Fitness,806.63,Expense
2023-02-28,Body lead there there early.,Rent,1015.8,Expense
2023-02-28,Network interest project network online.,Utilities,626.93,Expense
2023-02-28,Market annual.,Entertainment,1884.07,Expense
2023-02-28,Fee electricity monthly charge.,Entertainment,716.76,Expense
2023-02-28,Net equipment market hospital package purchase.,Utilities,660.91,Expense
2023-02-28,Economy management water debit.,Travel,1460.29,Expense
2023-03-01,Equipment renewal equipment internet.,Rent,1507.19,Expense
2023-03-01,Discount hospital.,Shopping,54.97,Expense
2023-03-02,Tax maintenance.,Shopping,937.81,Expense
2023-03-03,Personal special standard direct clinic.,Rent,1000.38,Expense
2023-03-03,Fact huge fight.,Shopping,1328.26,Expense
2023-03-03,Interest special system interest automatic adjustment.,Salary,1458.9,Income
2023-03-03,Network freelance payment project bonus plan business.,Shopping,875.97,Expense
2023-03-03,Personal bus special freelance bill.,Rent,772.61,Expense
2023-03-03,Tax standard network.,Health & Fitness,1091.73,Expense
2023-03-03,Worker always hold share.,Shopping,158.91,Expense
2023-03-03,Fee adjustment fee.,Salary,1527.08,Income
2023-03-04,Renewal balance mortgage mortgage total.,Salary,330.14,Income
2023-03-04,Debit package debit transfer software package budget.,Utilities,1247.3,Expense
2023-03-04,Equipment maintenance fuel health weekly tools internet.,Entertainment,1710.84,Expense
2023-03-04,Priority premium parking contract charge advance parking.,Entertainment,271.66,Expense
2023-03-04,Project payment plan business internet internet.,Travel,249.23,Expense
2023-03-04,Clinic balance payment debit phone special shop.,Food & Drink,432.36,Expense
2023-03-05,Net budget water net.,Investment,1159.66,Income
2023-03-05,Food mortgage.,Salary,695.89,Income
2023-03-05,Coach family try ready.,Other,2638.0,Income
2023-03-05,Stop later reveal both.,Shopping,1404.44,Expense
2023-03-05,Adjustment debit annual software pending.,Salary,1140.76,Income
2023-03-05,Career including late condition opportunity.,Health & Fitness,910.99,Expense
2023-03-06,Management entertainment bonus.,Health & Fitness,219.14,Expense
2023-03-06,Digital flight monthly delivery train bonus.,Travel,724.74,Expense
2023-03-06,Special network.,Salary,1263.58,Income
2023-03-06,Flight standard.,Rent,1442.97,Expense
2023-03-07,Deposit account charge.,Food & Drink,1413.89,Expense
2023-03-07,Express reward shop financial express bonus water.,Entertainment,1093.08,Expense
2023-03-07,Bed food possible represent.,Entertainment,280.86,Expense
2023-03-07,Hospital mall fee monthly.,Shopping,1363.95,Expense
2023-03-08,Than condition republican.,Travel,932.06,Expense
2023-03-08,Maintenance interest software gym gym equipment payment.,Rent,1531.32,Expense
2023-03-08,Before relationship plant.,Rent,319.27,Expense
2023-03-08,Analysis color friend the.,Health & Fitness,1929.62,Expense
2023-03-08,Debit travel credit water flight order.,Utilities,1163.43,Expense
2023-03-08,Insurance health mortgage package bill plan.,Shopping,822.99,Expense
2023-03-08,Religious risk window partner civil.,Other,3072.0,Income
2023-03-08,Economy flight.,Shopping,1799.91,Expense
2023-03-08,System utility restaurant water freelance.,Other,4234.64,Income
2023-03-08,Tax shop bill order purchase daily discount.,Investment,3163.07,Income
2023-03-09,Restaurant economy booking.,Food & Drink,644.73,Expense
2023-03-09,Bonus premium.,Utilities,61.89,Expense
2023-03-09,Hospital bill monthly mall internet loan.,Rent,874.13,Expense
2023-03-09,Flight entertainment client.,Food & Drink,1443.4,Expense
2023-03-10,Maintenance pharmacy investment project food.,Entertainment,1297.18,Expense
2023-03-10,Together whether about.,Food & Drink,437.89,Expense
2023-03-10,Finally shoulder land.,Rent,323.65,Expense
2023-03-10,Health deal pharmacy regular.,Salary,822.34,Income
2023-03-10,Tax parking express.,Investment,1400.76,Income
2023-03-10,Interest management store app renewal client phone.,Other,2580.97,Income
2023-03-10,Credit contract account.,Health & Fitness,795.41,Expense
2023-03-10,Flight financial total bill.,Salary,1165.12,Income
2023-03-10,Payment tax financial annual gym internet.,Other,3079.72,Income
2023-03-11,Debit annual tools material maintenance.,Rent,861.02,Expense
2023-03-11,Fuel clinic system charge invoice.,Other,1289.01,Income
2023-03-11,Food freelance renewal gross.,Rent,717.04,Expense
2023-03-11,Hotel weekly grocery store vendor financial.,Shopping,46.99,Expense
2023-03-11,Renewal insurance.,Investment,2714.85,Income
2023-03-11,Bus fuel balance hotel.,Entertainment,1456.86,Expense
2023-03-11,Hospital interest charge pharmacy fuel service pharmacy.,Health & Fitness,642.71,Expense
2023-03-11,Equipment software economy.,Food & Drink,695.51,Expense
2023-03-12,Learn talk.,Utilities,191.51,Expense
2023-03-12,Platform balance monthly system annual.,Rent,880.73,Expense
2023-03-12,Phone bonus reward payment budget.,Shopping,1219.51,Expense
2023-03-12,Credit investment annual deposit bonus.,Health & Fitness,916.35,Expense
2023-03-13,Hardware freelance.,Salary,1662.37,Income
2023-03-13,Tax pending market.,Entertainment,725.51,Expense
2023-03-13,Part management.,Health & Fitness,798.53,Expense
2023-03-13,Process law kind over according.,Other,2631.0,Income
2023-03-13,People newspaper stay.,Utilities,71.85,Expense
2023-03-13,Tax market taxi equipment insurance deposit.,Other,4131.04,Income
2023-03-13,Debit account tax management utility order account.,Travel,623.76,Expense
2023-03-13,Bonus direct insurance economy annual.,Other,4164.83,Income
2023-03-13,Budget equipment automatic.,Utilities,1377.53,Expense
2023-03-13,Digital software subscription bonus direct household express.,Salary,356.17,Income
2023-03-13,Tax regular pharmacy deal gym.,Investment,2346.48,Income
2023-03-13,Bus household special health vendor restaurant booking.,Other,1205.02,Income
2023-03-13,Transfer gross water transfer order balance.,Utilities,1871.96,Expense
2023-03-14,Water bill platform client gym app.,Investment,2140.89,Income
2023-03-14,Health daily account loan contract software.,Entertainment,665.05,Expense
2023-03-14,Package restaurant advance purchase.,Food & Drink,315.82,Expense
2023-03-14,Deal parking package online internet savings.,Salary,694.35,Income
2023-03-14,Fuel pending hospital mortgage total.,Salary,880.45,Income
2023-03-14,Hotel purchase store invoice shop network savings.,Rent,115.72,Expense
2023-03-14,Phone loan taxi.,Shopping,1014.37,Expense
2023-03-14,Deposit adjustment credit contract interest financial premium.,Rent,1023.7,Expense
2023-03-14,Internet gym.,Health & Fitness,1183.59,Expense
2023-03-15,Transfer invoice reward hardware savings.,Utilities,1772.32,Expense
2023-03-15,Business network shop renewal express monthly.,Rent,502.41,Expense
2023-03-15,Challenge president already.,Salary,1116.35,Income
2023-03-15,Equipment mortgage food account booking.,Travel,1724.61,Expense
2023-03-15,Adjustment support booking electricity transfer.,Investment,4128.39,Income
2023-03-15,Adjustment software express tax.,Entertainment,1043.65,Expense
2023-03-15,Tax parking hotel hotel food loan net.,Travel,465.73,Expense
2023-03-15,Deal debit.,Entertainment,1238.49,Expense
2023-03-15,Study fear turn any indicate.,Rent,929.47,Expense
2023-03-16,Concern lay often use behavior.,Investment,1570.0,Income
2023-03-16,Transfer salary internet account project regular fee.,Other,2728.95,Income
2023-03-16,Restaurant purchase bus taxi.,Rent,878.13,Expense
2023-03-16,Entertainment bill invoice standard interest.,Salary,1708.52,Income
2023-03-16,Service tools household support financial grocery.,Salary,322.37,Income
2023-03-16,Public particularly reality.,Utilities,251.69,Expense
2023-03-17,Grocery tools entertainment.,Entertainment,1360.29,Expense
2023-03-17,Store daily total personal.,Salary,889.48,Income
2023-03-17,Electricity monthly hotel shop network gym.,Salary,731.99,Income
2023-03-17,Hardware utility weekly equipment annual.,Salary,1819.58,Income
2023-03-17,Priority utility service.,Rent,1197.34,Expense
2023-03-17,Water grocery mall health project.,Health & Fitness,903.24,Expense
2023-03-17,Express electricity financial entertainment renewal delivery.,Entertainment,499.64,Expense
2023-03-17,Project business support entertainment standard management tools.,Other,2237.29,Income
2023-03-17,Advance net weekly platform food.,Travel,855.58,Expense
2023-03-17,Transfer household taxi credit support priority charge.,Health & Fitness,289.81,Expense
2023-03-17,Regular interest food train.,Utilities,905.46,Expense
2023-03-17,Investment app network.,Travel,1472.23,Expense
2023-03-17,Water entertainment.,Travel,704.08,Expense
2023-03-18,Budget total salary gym budget.,Travel,816.25,Expense
2023-03-18,Fall care.,Rent,1168.82,Expense
2023-03-18,Debit market premium bus plan insurance.,Travel,497.82,Expense
2023-03-18,Happy her attack interview.,Other,3549.0,Income
2023-03-19,Flight equipment direct renewal travel hardware pharmacy.,Health & Fitness,252.48,Expense
2023-03-19,Hardware financial bonus taxi.,Investment,1153.85,Income
2023-03-19,Service shop deposit electricity store.,Salary,445.43,Income
2023-03-20,Economy direct premium gym personal support internet.,Utilities,748.04,Expense
2023-03-20,Plan store tools gross discount.,Travel,1349.47,Expense
2023-03-20,Tools service reward.,Utilities,713.13,Expense
2023-03-21,Online regular bus processed online invoice.,Other,2499.2,Income
2023-03-21,Booking vendor bonus order taxi.,Other,3018.1,Income
2023-03-21,Fuel parking hardware hardware.,Investment,816.37,Income
2023-03-21,Net online electricity household debit.,Utilities,675.54,Expense
2023-03-21,Salary online gym household.,Health & Fitness,715.8,Expense
2023-03-21,Digital material subscription electricity business insurance.,Health & Fitness,1648.75,Expense
2023-03-21,Restaurant online.,Entertainment,1332.89,Expense
2023-03-21,Deposit payment.,Entertainment,494.2,Expense
2023-03-21,Budget budget tools train daily.,Utilities,1026.83,Expense
2023-03-21,Money modern receive partner.,Rent,53.38,Expense
2023-03-21,Regular personal.,Other,1090.99,Income
2023-03-21,Software standard phone transfer utility advance electricity.,Entertainment,82.99,Expense
2023-03-21,Flight clinic adjustment.,Food & Drink,1377.36,Expense
2023-03-21,Internet discount priority bill software daily platform.,Travel,729.25,Expense
2023-03-22,Transfer financial system.,Health & Fitness,1424.59,Expense
2023-03-22,Role pick would low read.,Other,1555.0,Income
2023-03-22,Food direct taxi management entertainment taxi package.,Rent,857.32,Expense
2023-03-22,Gross direct.,Entertainment,1754.48,Expense
2023-03-23,Pass market role.,Other,914.0,Income
2023-03-23,Annual weekly special restaurant fuel plan weekly.,Entertainment,938.4,Expense
2023-03-23,Project network tools food deposit weekly.,Travel,1336.42,Expense
2023-03-23,Participant first moment yet.,Other,1503.0,Income
2023-03-23,Space this discussion fact.,Other,3735.0,Income
2023-03-23,Train water loan plan package.,Food & Drink,1365.61,Expense
2023-03-24,Gym total deal entertainment hotel digital.,Food & Drink,587.41,Expense
2023-03-24,Maintenance maintenance bill.,Investment,2752.78,Income
2023-03-24,Hospital grocery charge booking travel bus renewal.,Travel,863.65,Expense
2023-03-24,Booking express.,Other,1583.0,Income
2023-03-24,Credit hardware maintenance.,Entertainment,1090.64,Expense
2023-03-24,Management charge gym subscription gross.,Utilities,1114.18,Expense
2023-03-24,Support service service delivery client tax material.,Utilities,773.52,Expense
2023-03-24,Brother let.,Shopping,1369.59,Expense
2023-03-25,Entertainment system taxi.,Other,1546.47,Income
2023-03-25,Priority total plan insurance invoice.,Travel,802.95,Expense
2023-03-25,Advance tax hardware electricity.,Shopping,410.37,Expense
2023-03-26,Delivery hotel investment charge.,Shopping,189.77,Expense
2023-03-26,Tools advance hardware adjustment mall purchase.,Entertainment,933.95,Expense
2023-03-26,Subscription travel tax gym hardware flight.,Other,2434.48,Income
2023-03-26,Personal online.,Investment,1649.25,Income
2023-03-26,Market special health subscription insurance support food.,Other,1633.89,Income
2023-03-26,Material credit savings.,Entertainment,1324.45,Expense
2023-03-27,Loan electricity salary grocery travel deal.,Health & Fitness,638.05,Expense
2023-03-27,Son yourself increase.,Investment,2033.0,Income
2023-03-27,Store regular digital project mortgage.,Shopping,311.55,Expense
2023-03-27,Plan total hotel insurance reward automatic special.,Utilities,296.61,Expense
2023-03-27,Deposit store network freelance mortgage service.,Rent,1924.38,Expense
2023-03-28,Platform gym.,Shopping,1290.19,Expense
2023-03-28,Gym bonus weekly fuel booking.,Shopping,1484.94,Expense
2023-03-28,Taxi personal salary platform material subscription.,Utilities,1132.09,Expense
2023-03-28,Pharmacy digital priority software restaurant.,Utilities,524.08,Expense
2023-03-29,Adjustment mall net monthly daily.,Entertainment,812.5,Expense
2023-03-29,Processed adjustment.,Shopping,1484.22,Expense
2023-03-29,Invoice business total monthly service deal gym.,Health & Fitness,1467.96,Expense
2023-03-29,Shop utility project order freelance.,Utilities,1160.3,Expense
2023-03-29,Night point action cut.,Salary,1768.01,Income
2023-03-29,Renewal direct financial bill hotel regular freelance.,Rent,606.88,Expense
2023-03-29,Booking weekly adjustment special.,Rent,515.23,Expense
2023-03-30,Order total management gross business grocery.,Entertainment,324.42,Expense
2023-03-30,Vendor express invoice invoice gym credit fuel.,Other,2990.58,Income
2023-03-30,Clinic daily electricity.,Other,2960.36,Income
2023-03-30,So film media.,Investment,2917.0,Income
2023-03-31,Subscription restaurant water net express.,Investment,4856.05,Income
2023-03-31,Utility fuel.,Health & Fitness,1649.41,Expense
2023-03-31,Pattern ahead compare form full.,Utilities,844.28,Expense
2023-03-31,Box four.,Salary,131.35,Income
2023-03-31,Household gross app processed delivery.,Utilities,539.41,Expense
2023-03-31,Plan material.,Investment,3093.54,Income
2023-04-01,Leg sport until argue.,Food & Drink,1978.91,Expense
2023-04-01,Platform digital.,Salary,1474.9,Income
2023-04-01,Booking package.,Salary,686.25,Income
2023-04-01,Plan automatic delivery economy fee account investment.,Utilities,1360.06,Expense
2023-04-01,Something population loss physical.,Entertainment,1265.2,Expense
2023-04-01,Daily transfer platform digital pharmacy hardware.,Utilities,733.67,Expense
2023-04-02,Material shop salary debit bus.,Other,665.21,Income
2023-04-02,Mortgage hospital insurance package vendor subscription.,Travel,1142.11,Expense
2023-04-02,Economy food mall.,Other,3323.39,Income
2023-04-02,Booking hospital mortgage.,Entertainment,1648.37,Expense
2023-04-02,Clinic material.,Rent,568.08,Expense
2023-04-02,Taxi reward.,Travel,1408.43,Expense
2023-04-02,Special savings processed.,Travel,687.76,Expense
2023-04-03,Project taxi clinic direct vendor phone grocery.,Shopping,1461.15,Expense
2023-04-03,Clinic entertainment.,Salary,1694.46,Income
2023-04-03,Weekly market regular.,Other,3025.55,Income
2023-04-03,Balance subscription business adjustment grocery pharmacy standard.,Investment,3953.51,Income
2023-04-03,Loan freelance priority.,Shopping,1089.12,Expense
2023-04-04,Maintenance net parking special.,Travel,801.86,Expense
2023-04-04,North question new.,Health & Fitness,964.57,Expense
2023-04-04,Total hospital premium service internet hospital entertainment.,Utilities,739.94,Expense
2023-04-04,System gym processed transfer market train platform.,Other,2798.91,Income
2023-04-05,System purchase standard package.,Health & Fitness,852.09,Expense
2023-04-05,Equipment booking.,Rent,1021.82,Expense
2023-04-05,Utility internet annual monthly.,Salary,798.86,Income
2023-04-05,Project debit gross personal maintenance.,Travel,414.54,Expense
2023-04-05,Fuel loan priority interest mall.,Food & Drink,1242.72,Expense
2023-04-06,Investment booking financial priority weekly.,Food & Drink,1287.35,Expense
2023-04-06,Loan direct equipment tools shop clinic salary.,Entertainment,1962.4,Expense
2023-04-06,Delivery advance travel insurance taxi plan fuel.,Travel,564.93,Expense
2023-04-06,Online platform.,Utilities,901.47,Expense
2023-04-07,Mall gym.,Salary,1146.58,Income
2023-04-07,Officer forward trouble.,Health & Fitness,1826.23,Expense
2023-04-07,Fuel hospital direct.,Food & Drink,1065.83,Expense
2023-04-07,Pharmacy daily management.,Rent,1776.29,Expense
2023-04-07,Discount budget transfer monthly household.,Health & Fitness,771.86,Expense
2023-04-07,Regular discount system online.,Travel,554.19,Expense
2023-04-07,Pharmacy hardware invoice daily system.,Travel,1583.18,Expense
2023-04-08,Adjustment bus booking project maintenance.,Health & Fitness,948.16,Expense
2023-04-08,Deal gross app subscription flight.,Investment,2185.26,Income
2023-04-08,Wide exactly.,Shopping,548.17,Expense
2023-04-08,Water project deal reward express market delivery.,Other,1966.81,Income
2023-04-08,Interest deposit utility bonus health household client.,Utilities,984.47,Expense
2023-04-08,Health restaurant health salary deposit deal contract.,Health & Fitness,624.64,Expense
2023-04-08,Standard account.,Health & Fitness,834.12,Expense
2023-04-08,Health water app store grocery order store.,Travel,423.14,Expense
2023-04-08,Contract premium contract pending transfer water.,Utilities,1032.27,Expense
2023-04-09,Software maintenance loan interest.,Entertainment,1787.44,Expense
2023-04-09,Weekly account flight net invoice.,Shopping,1795.62,Expense
2023-04-09,Digital internet.,Investment,2476.66,Income
2023-04-09,Account investment booking economy deposit.,Health & Fitness,850.99,Expense
2023-04-09,Worker phone success number.,Investment,740.0,Income
2023-04-09,Health priority standard parking credit.,Entertainment,1582.14,Expense
2023-04-09,App entertainment water network mortgage.,Shopping,927.86,Expense
2023-04-09,Budget water subscription.,Travel,475.35,Expense
2023-04-09,Grocery deposit priority budget invoice.,Salary,1654.68,Income
2023-04-10,Debit project automatic store economy online water.,Entertainment,1610.01,Expense
2023-04-10,Even beautiful.,Health & Fitness,1536.02,Expense
2023-04-10,Organization ten seem.,Travel,126.6,Expense
2023-04-10,Network interest.,Utilities,1891.83,Expense
2023-04-10,Shop payment plan.,Other,1359.95,Income
2023-04-10,Express balance annual flight account plan direct.,Other,3287.55,Income
2023-04-11,Fuel system advance system direct.,Utilities,1130.16,Expense
2023-04-11,Mall tax support discount equipment.,Investment,1594.36,Income
2023-04-11,Service fuel deal transfer.,Travel,798.29,Expense
2023-04-11,Priority equipment digital.,Rent,733.53,Expense
2023-04-12,Weekly household material.,Rent,1363.28,Expense
2023-04-12,Restaurant flight deposit support vendor contract tools.,Investment,2914.93,Income
2023-04-12,Charge subscription direct system clinic freelance bus.,Health & Fitness,1022.47,Expense
2023-04-12,Clinic travel.,Investment,3851.97,Income
2023-04-12,Monthly invoice savings.,Other,2511.76,Income
2023-04-12,Store premium.,Health & Fitness,839.64,Expense
2023-04-13,Delivery advance.,Rent,1568.56,Expense
2023-04-13,Later week democratic few.,Utilities,209.27,Expense
2023-04-13,Standard order parking online package.,Shopping,1066.14,Expense
2023-04-13,Financial mortgage fee support package.,Shopping,952.23,Expense
2023-04-13,System charge economy network food store.,Utilities,535.16,Expense
2023-04-13,Discount payment network software internet mortgage monthly.,Utilities,472.15,Expense
2023-04-13,Booking hardware bonus subscription project app processed.,Food & Drink,798.36,Expense
2023-04-14,Fuel renewal charge mall.,Health & Fitness,423.21,Expense
2023-04-14,Maintenance internet.,Rent,1375.87,Expense
2023-04-15,Special travel.,Utilities,1172.84,Expense
2023-04-15,Size sing tree kitchen.,Travel,1072.04,Expense
2023-04-16,Advance system loan.,Food & Drink,1284.66,Expense
2023-04-16,Water special.,Shopping,1667.65,Expense
2023-04-16,Market equipment loan.,Rent,1504.27,Expense
2023-04-16,Deal debit food bonus network advance.,Investment,3282.28,Income
2023-04-16,Toward child future low.,Food & Drink,1530.46,Expense
2023-04-16,Health shop flight platform mall.,Other,1933.28,Income
2023-04-17,Payment bus regular utility delivery food interest.,Investment,4652.23,Income
2023-04-17,Support restaurant hardware charge train personal parking.,Health & Fitness,1647.76,Expense
2023-04-17,Financial renewal equipment personal.,Food & Drink,1166.45,Expense
2023-04-17,Annual monthly pharmacy.,Investment,3443.38,Income
2023-04-17,Personal deposit express adjustment delivery.,Other,2782.18,Income
2023-04-17,Direct network material travel hardware travel market.,Utilities,1607.53,Expense
2023-04-17,Bonus daily salary.,Salary,1166.29,Income
2023-04-17,Taxi flight project regular equipment.,Travel,1142.11,Expense
2023-04-17,Purchase system processed bus.,Investment,2804.53,Income
2023-04-17,Support pharmacy utility online budget.,Entertainment,418.83,Expense
2023-04-18,Delivery balance direct bill adjustment platform.,Salary,752.41,Income
2023-04-18,Pharmacy software parking adjustment water flight automatic.,Shopping,881.09,Expense
2023-04-18,Purchase freelance regular.,Other,1328.3,Income
2023-04-18,Clinic phone gym regular.,Salary,1800.3,Income
2023-04-18,Renewal pending vendor taxi digital.,Utilities,1389.19,Expense
2023-04-18,Household bill regular net premium hotel health.,Health & Fitness,704.09,Expense
2023-04-18,Hospital household package economy monthly.,Investment,1932.78,Income
2023-04-19,Support loan mortgage freelance priority restaurant phone.,Health & Fitness,571.84,Expense
2023-04-19,Maintenance market savings project.,Rent,802.58,Expense
2023-04-19,Gross regular internet renewal online reward standard.,Investment,683.98,Income
2023-04-19,Entertainment mall household market bill debit budget.,Utilities,1746.15,Expense
2023-04-19,Subscription charge savings business phone monthly.,Utilities,361.49,Expense
2023-04-19,Shop client.,Health & Fitness,970.62,Expense
2023-04-19,Budget mortgage digital support express.,Food & Drink,496.7,Expense
2023-04-19,Loan invoice fuel fee.,Entertainment,776.06,Expense
2023-04-20,Booking personal booking order.,Health & Fitness,576.84,Expense
2023-04-20,Financial savings hotel digital.,Food & Drink,988.04,Expense
2023-04-20,Market support credit gym economy.,Entertainment,524.99,Expense
2023-04-20,Software train network tax parking maintenance.,Entertainment,313.03,Expense
2023-04-20,Day already hold.,Utilities,360.44,Expense
2023-04-20,Simply century the.,Shopping,716.06,Expense
2023-04-20,Payment automatic renewal flight.,Entertainment,538.39,Expense
2023-04-21,Contract maintenance balance total pharmacy hardware.,Rent,684.68,Expense
2023-04-21,Material special personal equipment savings standard bus.,Utilities,581.13,Expense
2023-04-21,About usually.,Health & Fitness,1828.82,Expense
2023-04-21,Deposit market software booking phone insurance.,Rent,1364.29,Expense
2023-04-21,Payment package mortgage investment monthly.,Investment,3423.11,Income
2023-04-21,Contract reward.,Utilities,1215.51,Expense
2023-04-22,Contract network market economy credit reward support.,Investment,2852.88,Income
2023-04-22,Purchase mall train advance.,Investment,3096.34,Income
2023-04-22,Level animal minute probably.,Other,1664.0,Income
2023-04-22,Pending premium bus financial software advance.,Investment,3185.73,Income
2023-04-22,Utility deal annual pharmacy.,Food & Drink,1346.48,Expense
2023-04-22,Officer fine.,Entertainment,1675.03,Expense
2023-04-23,Insurance processed.,Shopping,934.42,Expense
2023-04-23,Pharmacy subscription renewal direct.,Rent,1545.15,Expense
2023-04-23,Pending maintenance standard.,Utilities,1288.13,Expense
2023-04-23,Utility budget bus mortgage.,Travel,883.33,Expense
2023-04-23,Parking subscription phone phone service bonus.,Salary,1122.61,Income
2023-04-23,Weekly grocery.,Travel,1036.68,Expense
2023-04-23,Customer expert mother significant.,Salary,1088.83,Income
2023-04-23,Regular pharmacy taxi.,Travel,890.44,Expense
2023-04-23,Automatic economy grocery mall.,Travel,1224.26,Expense
2023-04-23,Invoice deal.,Rent,690.26,Expense
2023-04-24,App online platform investment pharmacy.,Shopping,1512.23,Expense
2023-04-24,Pending material monthly gym.,Utilities,410.22,Expense
2023-04-24,Order hotel plan flight freelance.,Other,4116.67,Income
2023-04-24,Chance event address.,Investment,1239.0,Income
2023-04-25,Digital credit express.,Rent,1458.4,Expense
2023-04-25,Special hospital restaurant.,Rent,1361.95,Expense
2023-04-25,Household restaurant bus.,Travel,1476.82,Expense
2023-04-25,Store network health water hardware mortgage train.,Shopping,870.73,Expense
2023-04-25,Bill my near even wall.,Investment,663.0,Income
2023-04-26,Salary automatic net daily freelance express business.,Health & Fitness,1023.8,Expense
2023-04-26,App balance fee grocery investment.,Health & Fitness,822.38,Expense
2023-04-26,Deal online.,Travel,882.32,Expense
2023-04-26,Annual parking bill parking hospital.,Health & Fitness,1011.31,Expense
2023-04-26,Tools client pending.,Health & Fitness,76.78,Expense
2023-04-26,Gross financial invoice tax loan contract.,Salary,809.15,Income
2023-04-26,Delivery annual reward mortgage hardware.,Shopping,1420.4,Expense
2023-04-26,Project equipment reward business.,Investment,4626.45,Income
2023-04-27,Net total personal.,Salary,322.57,Income
2023-04-27,Package service package.,Salary,1743.43,Income
2023-04-27,Regular direct support monthly insurance account fuel.,Other,2333.52,Income
2023-04-27,Discount train internet order.,Other,1782.81,Income
2023-04-27,Premium bus bonus economy standard.,Health & Fitness,308.73,Expense
2023-04-27,Debit equipment express tools.,Food & Drink,1905.08,Expense
2023-04-28,Premium hardware express fuel net taxi.,Shopping,450.17,Expense
2023-04-28,Parking online subscription account clinic digital.,Investment,2413.53,Income
2023-04-28,Monthly health utility.,Entertainment,403.73,Expense
2023-04-28,Invoice advance contract delivery net.,Salary,1548.92,Income
2023-04-28,Balance direct salary pending project tools.,Entertainment,567.82,Expense
2023-04-28,Personal premium interest platform personal hardware.,Health & Fitness,239.09,Expense
2023-04-29,Mortgage balance premium gross charge.,Salary,1528.85,Income
2023-04-29,Gym total phone personal deal pharmacy.,Entertainment,1929.94,Expense
2023-04-29,Train financial hospital premium payment entertainment pending.,Food & Drink,87.4,Expense
2023-04-29,Special weekly pending client booking.,Entertainment,648.72,Expense
2023-04-29,Software economy monthly train.,Food & Drink,1302.4,Expense
2023-04-30,Client loan regular support grocery.,Travel,770.24,Expense
2023-04-30,Service plan grocery freelance delivery.,Shopping,1318.13,Expense
2023-04-30,Restaurant system software pending.,Other,2741.49,Income
2023-04-30,Mall online.,Travel,1851.05,Expense
2023-05-01,Package tools balance monthly electricity.,Shopping,749.14,Expense
2023-05-01,Clinic client savings tools transfer daily.,Rent,227.26,Expense
2023-05-01,Account market contract delivery.,Rent,1464.01,Expense
2023-05-01,Deposit gross service.,Health & Fitness,641.34,Expense
2023-05-01,Pending plan investment total gym market.,Rent,1115.5,Expense
2023-05-01,Water subscription contract taxi.,Investment,3180.63,Income
2023-05-01,Freelance loan.,Shopping,546.2,Expense
2023-05-01,Management monthly.,Other,1688.87,Income
2023-05-01,Pending equipment credit tax.,Entertainment,789.41,Expense
2023-05-01,Subscription pharmacy deposit.,Shopping,369.71,Expense
2023-05-02,Service automatic pharmacy.,Utilities,582.28,Expense
2023-05-02,Likely push.,Utilities,688.11,Expense
2023-05-02,Contract booking adjustment internet tax equipment.,Investment,1168.92,Income
2023-05-02,Purchase tax store.,Food & Drink,567.96,Expense
2023-05-02,Each author party full kitchen.,Food & Drink,670.15,Expense
2023-05-02,Insurance support water flight credit.,Rent,512.21,Expense
2023-05-03,Approach interview condition other.,Other,987.0,Income
2023-05-03,Regular support parking gross.,Rent,412.21,Expense
2023-05-03,Premium personal train personal gross network.,Travel,1413.92,Expense
2023-05-03,Contract bus payment mortgage service.,Other,3564.12,Income
2023-05-03,Standard freelance mortgage equipment personal balance.,Food & Drink,216.57,Expense
2023-05-03,Fee plan weekly parking network.,Salary,543.35,Income
2023-05-03,Annual store app adjustment project taxi.,Health & Fitness,534.7,Expense
2023-05-03,Deal bus parking.,Salary,714.61,Income
2023-05-03,Automatic discount.,Shopping,1048.77,Expense
2023-05-04,Client premium.,Utilities,1277.56,Expense
2023-05-04,Balance household fee food client.,Entertainment,1800.68,Expense
2023-05-04,Subscription automatic subscription material.,Food & Drink,1835.73,Expense
2023-05-04,Express contract hardware vendor hotel.,Investment,2158.4,Income
2023-05-04,Parking bill weekly premium total.,Salary,832.69,Income
2023-05-04,Equipment package.,Other,4016.79,Income
2023-05-05,App fuel hotel delivery transfer regular utility.,Other,4261.11,Income
2023-05-05,Business payment total health.,Investment,3305.09,Income
2023-05-05,Green forward cup serve speak.,Investment,1408.0,Income
2023-05-05,Nothing behavior sort recognize.,Health & Fitness,1921.51,Expense
2023-05-05,Financial popular short like.,Shopping,1176.17,Expense
2023-05-05,Monthly project system.,Travel,213.39,Expense
2023-05-05,Service taxi order.,Rent,1944.35,Expense
2023-05-06,Service freelance grocery economy.,Food & Drink,911.05,Expense
2023-05-07,Parking debit plan flight system.,Entertainment,716.82,Expense
2023-05-07,Technology pay tree.,Health & Fitness,281.54,Expense
2023-05-07,Direct shop.,Other,3322.59,Income
2023-05-08,Monthly reward food bonus restaurant.,Entertainment,830.63,Expense
2023-05-08,Tax package special regular deal salary.,Salary,1138.58,Income
2023-05-08,Delivery hotel store daily automatic debit.,Other,4262.79,Income
2023-05-09,Monthly freelance mall.,Health & Fitness,419.58,Expense
2023-05-09,Vendor equipment credit premium.,Salary,206.92,Income
2023-05-09,Material software standard loan system.,Shopping,1144.76,Expense
2023-05-09,Market direct booking plan.,Entertainment,1001.07,Expense
2023-05-09,Gross subscription delivery.,Other,2817.79,Income
2023-05-09,Utility payment flight priority.,Rent,528.92,Expense
2023-05-09,Package adjustment restaurant fuel net project.,Travel,1251.56,Expense
2023-05-10,Hardware restaurant electricity gym balance project total.,Other,4470.22,Income
2023-05-10,Express household personal order charge software vendor.,Utilities,1539.05,Expense
2023-05-10,Transfer water train travel material parking hospital.,Shopping,663.64,Expense
2023-05-10,Material hospital regular automatic daily food.,Investment,1162.94,Income
2023-05-11,Phone subscription tools financial health payment pending.,Rent,1742.05,Expense
2023-05-11,Salary food invoice business.,Salary,1378.67,Income
2023-05-11,Gross delivery loan tax entertainment.,Utilities,1153.24,Expense
2023-05-12,Shop entertainment hospital digital net express loan.,Shopping,164.78,Expense
2023-05-12,Material adjustment bill direct investment reward.,Travel,1096.83,Expense
2023-05-12,Water delivery.,Other,2434.91,Income
2023-05-12,Record professor small.,Other,4491.0,Income
2023-05-12,Fee hardware net.,Shopping,707.64,Expense
2023-05-12,Annual payment management equipment insurance standard net.,Other,831.34,Income
2023-05-12,Contract digital advance shop maintenance.,Shopping,1214.28,Expense
2023-05-12,Special plan.,Shopping,779.02,Expense
2023-05-13,Advance salary purchase system priority store gross.,Food & Drink,1098.41,Expense
2023-05-13,Deal daily freelance tax entertainment.,Food & Drink,1354.01,Expense
2023-05-13,Management network software app tax.,Entertainment,1355.4,Expense
2023-05-13,Contract fee payment digital gym annual.,Entertainment,1207.42,Expense
2023-05-13,Taxi standard entertainment hotel taxi.,Food & Drink,878.51,Expense
2023-05-13,Travel booking daily clinic.,Travel,708.75,Expense
2023-05-13,Financial delivery.,Rent,1256.23,Expense
2023-05-13,Network debit system.,Food & Drink,1343.99,Expense
2023-05-14,Should page camera.,Health & Fitness,454.24,Expense
2023-05-14,Maintain assume both long.,Utilities,1417.29,Expense
2023-05-14,Grocery project digital app.,Other,1660.41,Income
2023-05-14,Electricity charge hardware mall.,Food & Drink,1605.28,Expense
2023-05-14,Order train pharmacy weekly mall.,Utilities,1213.26,Expense
2023-05-14,Deposit special pharmacy store software.,Travel,980.46,Expense
2023-05-14,Stage someone for power.,Utilities,762.98,Expense
2023-05-15,At decade really issue.,Shopping,1703.01,Expense
2023-05-15,Support account discount bill invoice economy pending.,Investment,2272.58,Income
2023-05-15,Market advance.,Investment,4164.97,Income
2023-05-15,Bill regular vendor.,Shopping,906.88,Expense
2023-05-15,Leave opportunity draw during city.,Travel,263.42,Expense
2023-05-16,Skin name door production back.,Food & Drink,372.34,Expense
2023-05-16,Mall regular gross credit bonus personal.,Salary,1705.95,Income
2023-05-16,Flight restaurant.,Utilities,1345.19,Expense
2023-05-16,Clinic insurance weekly plan parking software advance.,Rent,1472.8,Expense
2023-05-17,Balance booking.,Food & Drink,1790.07,Expense
2023-05-17,Boy other foot best.,Entertainment,1282.9,Expense
2023-05-17,Vendor economy.,Health & Fitness,1095.97,Expense
2023-05-17,Booking pharmacy processed mortgage renewal.,Other,3126.5,Income
2023-05-17,Salary automatic advance.,Entertainment,1292.14,Expense
2023-05-17,Client online system.,Travel,193.66,Expense
2023-05-17,Automatic contract internet financial contract processed.,Rent,785.86,Expense
2023-05-17,App flight parking household adjustment economy.,Travel,1526.62,Expense
2023-05-18,Final image our.,Other,1652.0,Income
2023-05-18,Utility business health purchase internet.,Investment,1903.24,Income
2023-05-18,Express freelance entertainment special management purchase business.,Other,3376.29,Income
2023-05-18,App household mortgage management.,Salary,339.86,Income
2023-05-18,Mortgage restaurant online equipment adjustment.,Other,2696.58,Income
2023-05-18,Tools order phone monthly.,Salary,863.4,Income
2023-05-19,Gross express deal electricity reward train.,Rent,978.95,Expense
2023-05-19,Platform account economy invoice standard.,Other,3899.58,Income
2023-05-19,Contract transfer account household mortgage.,Investment,2378.75,Income
2023-05-19,Management produce bed stage.,Rent,483.61,Expense
2023-05-19,Discount system phone express support.,Health & Fitness,1240.31,Expense
2023-05-19,Annual mortgage.,Health & Fitness,274.56,Expense
2023-05-19,Budget debit food.,Food & Drink,547.95,Expense
2023-05-20,Electricity premium plan invoice automatic monthly.,Investment,2585.23,Income
2023-05-20,Project invoice package taxi business food tax.,Rent,717.59,Expense
2023-05-20,Some quickly truth view response.,Entertainment,1389.42,Expense
2023-05-20,Material net market debit renewal payment.,Health & Fitness,1190.82,Expense
2023-05-20,Parking pending platform processed standard.,Other,3355.38,Income
2023-05-20,Purchase online daily clinic digital.,Investment,2392.24,Income
2023-05-20,Subscription standard insurance.,Investment,2438.47,Income
2023-05-20,Management support transfer.,Health & Fitness,939.77,Expense
2023-05-20,Serious produce.,Utilities,1276.01,Expense
2023-05-20,Factor past language day theory.,Health & Fitness,898.79,Expense
2023-05-21,Insurance payment investment contract contract.,Shopping,1659.15,Expense
2023-05-22,Discount monthly entertainment delivery system contract vendor.,Shopping,233.4,Expense
2023-05-22,Annual net health budget.,Entertainment,1750.65,Expense
2023-05-22,System hotel clinic.,Entertainment,662.98,Expense
2023-05-22,Adjustment freelance network transfer.,Food & Drink,1276.88,Expense
2023-05-22,Reflect star.,Shopping,991.23,Expense
2023-05-22,Summer system artist too.,Other,3937.0,Income
2023-05-22,Total charge plan direct pending.,Health & Fitness,683.86,Expense
2023-05-22,Hardware invoice special annual budget regular investment.,Food & Drink,837.32,Expense
2023-05-22,Old particularly.,Rent,1443.62,Expense
2023-05-23,Material invoice special economy payment gym support.,Investment,977.04,Income
2023-05-23,Water entertainment credit grocery health phone reward.,Investment,938.9,Income
2023-05-23,Budget personal.,Entertainment,956.93,Expense
2023-05-23,Service renewal freelance loan special.,Entertainment,146.36,Expense
2023-05-23,Bonus account shop express management mortgage internet.,Travel,511.91,Expense
2023-05-23,Project entertainment.,Travel,710.8,Expense
2023-05-24,Tax account support priority.,Rent,142.35,Expense
2023-05-24,Taxi adjustment app client.,Other,1946.77,Income
2023-05-24,Gym health flight account fuel debit bill.,Travel,1794.4,Expense
2023-05-24,Standard financial.,Utilities,846.84,Expense
2023-05-24,Entertainment interest.,Entertainment,727.1,Expense
2023-05-25,Weekly booking priority balance investment.,Travel,1850.22,Expense
2023-05-25,Debit reward parking bonus hotel.,Rent,1104.64,Expense
2023-05-25,Technology tend.,Shopping,211.84,Expense
2023-05-25,Store service support account phone store clinic.,Entertainment,807.07,Expense
2023-05-26,Charge tools transfer insurance tax tools.,Entertainment,325.79,Expense
2023-05-26,Total market material transfer regular shop account.,Investment,1758.82,Income
2023-05-26,Fee hospital.,Travel,1163.05,Expense
2023-05-26,Pending travel mall.,Shopping,311.15,Expense
2023-05-26,Electricity renewal bill regular salary.,Utilities,545.88,Expense
2023-05-26,Parking hotel service.,Utilities,997.27,Expense
2023-05-26,Package economy invoice renewal.,Other,2651.03,Income
2023-05-27,Charge project store.,Health & Fitness,1391.34,Expense
2023-05-27,Balance bonus.,Health & Fitness,1152.33,Expense
2023-05-27,Financial special freelance economy daily insurance.,Utilities,510.06,Expense
2023-05-27,Plan balance.,Health & Fitness,866.61,Expense
2023-05-27,Entertainment tools weekly support.,Salary,1914.22,Income
2023-05-28,Advance train purchase salary software.,Rent,401.79,Expense
2023-05-28,Reduce hour fish him.,Entertainment,333.69,Expense
2023-05-28,Maintenance direct budget standard fee delivery clinic.,Food & Drink,465.52,Expense
2023-05-28,Transfer client special deposit.,Health & Fitness,1629.43,Expense
2023-05-28,Special system parking salary service.,Health & Fitness,711.89,Expense
2023-05-28,Pharmacy deposit gross system deal contract household.,Travel,637.85,Expense
2023-05-28,Bus management deposit equipment.,Rent,692.26,Expense
2023-05-28,Bill platform.,Rent,441.55,Expense
2023-05-29,Parking monthly material app salary delivery pharmacy.,Other,716.01,Income
2023-05-29,Utility net online clinic loan weekly.,Food & Drink,1318.73,Expense
2023-05-29,Nation production little could.,Investment,2915.0,Income
2023-05-29,Digital charge entertainment flight discount.,Salary,1943.31,Income
2023-05-29,Food credit app.,Utilities,1137.07,Expense
2023-05-29,Style child young prove.,Other,1357.0,Income
2023-05-30,Author administration.,Investment,3575.0,Income
2023-05-30,Deal net debit deposit delivery freelance.,Shopping,624.98,Expense
2023-05-30,Deposit daily freelance standard.,Utilities,1330.16,Expense
2023-05-30,Hospital booking system hospital plan.,Entertainment,719.19,Expense
2023-05-31,Account total.,Health & Fitness,1434.08,Expense
2023-05-31,Delivery software bill plan discount daily.,Health & Fitness,367.33,Expense
2023-05-31,Discount balance store bill gross.,Entertainment,1461.26,Expense
2023-05-31,Package daily personal vendor.,Rent,798.81,Expense
2023-05-31,Delivery bill grocery network management.,Rent,977.19,Expense
2023-05-31,Subscription vendor platform vendor internet plan.,Utilities,798.52,Expense
2023-05-31,Household freelance client.,Shopping,321.35,Expense
2023-05-31,Grocery network investment standard priority direct order.,Other,2712.41,Income
2023-06-01,Discount reward mortgage store water water.,Shopping,1125.23,Expense
2023-06-01,Household entertainment travel health account salary platform.,Entertainment,1055.39,Expense
2023-06-01,Annual bus advance water.,Travel,1137.75,Expense
2023-06-01,Utility weekly hospital health adjustment net.,Shopping,245.63,Expense
2023-06-01,System purchase adjustment bill adjustment.,Shopping,1313.8,Expense
2023-06-01,Priority food net.,Shopping,1298.03,Expense
2023-06-02,Window career case south.,Investment,4981.0,Income
2023-06-02,Taxi regular deposit.,Utilities,1290.46,Expense
2023-06-02,Processed household business household client invoice.,Salary,210.65,Income
2023-06-02,Booking entertainment premium.,Entertainment,17.13,Expense
2023-06-02,Annual hospital parking weekly restaurant.,Travel,1195.66,Expense
2023-06-02,Package service.,Shopping,1122.26,Expense
2023-06-03,Grocery regular.,Shopping,1069.45,Expense
2023-06-03,Us perhaps lawyer interest star.,Rent,682.52,Expense
2023-06-03,Train store economy personal personal project loan.,Investment,520.89,Income
2023-06-03,Gross material support invoice.,Shopping,883.98,Expense
2023-06-03,Tax material direct train pending parking budget.,Other,551.52,Income
2023-06-03,Annual internet credit direct premium.,Other,3005.13,Income
2023-06-03,Purchase premium grocery.,Salary,888.81,Income
2023-06-04,Mall tax business direct invoice monthly grocery.,Other,584.21,Income
2023-06-04,Credit plan.,Food & Drink,1047.43,Expense
2023-06-04,Mall fuel special savings.,Salary,1364.28,Income
2023-06-04,Pharmacy project budget.,Other,2062.62,Income
2023-06-04,Store transfer equipment transfer priority.,Utilities,609.6,Expense
2023-06-04,Entertainment financial booking.,Other,4507.38,Income
2023-06-04,Internet salary investment project bus internet.,Shopping,658.74,Expense
2023-06-04,Premium health internet platform hospital order delivery.,Rent,1965.75,Expense
2023-06-04,Difficult interesting account marriage.,Salary,1411.96,Income
2023-06-05,Especially unit office almost.,Utilities,1218.56,Expense
2023-06-05,Renewal invoice processed.,Food & Drink,1639.36,Expense
2023-06-05,Financial mall platform mall gym insurance balance.,Other,2350.92,Income
2023-06-05,Travel fee health.,Rent,1739.76,Expense
2023-06-06,Insurance loan.,Investment,4975.78,Income
2023-06-06,Fuel subscription salary balance bus hospital shop.,Other,2102.24,Income
2023-06-06,Project freelance standard.,Entertainment,1192.25,Expense
2023-06-06,Platform annual savings loan flight.,Food & Drink,268.42,Expense
2023-06-06,Express support support advance loan.,Investment,2458.68,Income
2023-06-06,Bonus charge health food.,Health & Fitness,162.71,Expense
2023-06-06,App account pending fuel household management utility.,Food & Drink,1298.09,Expense
2023-06-07,Restaurant fuel.,Travel,1254.16,Expense
2023-06-07,Loan phone net market hospital water.,Rent,675.84,Expense
2023-06-07,Standard maintenance plan flight utility.,Investment,2132.04,Income
2023-06-07,Equipment phone priority restaurant.,Health & Fitness,375.75,Expense
2023-06-07,Support tax online adjustment.,Shopping,282.6,Expense
2023-06-07,Automatic contract standard standard support restaurant.,Entertainment,1384.05,Expense
2023-06-07,Pharmacy service business travel.,Investment,1064.06,Income
2023-06-08,Food hotel maintenance system subscription transfer subscription.,Investment,2152.1,Income
2023-06-08,Let back three.,Entertainment,824.47,Expense
2023-06-08,Fuel store market processed tax travel.,Salary,1627.05,Income
2023-06-08,Reward insurance mall delivery health hospital health.,Shopping,1544.31,Expense
2023-06-08,Mall account market.,Entertainment,723.76,Expense
2023-06-08,Low happy oil which bag.,Food & Drink,211.5,Expense
2023-06-08,Electricity automatic fuel household parking flight hospital.,Salary,440.88,Income
2023-06-09,Line score whether.,Travel,1324.59,Expense
2023-06-09,Hospital management clinic annual subscription system.,Health & Fitness,1857.96,Expense
2023-06-09,Salary charge purchase daily.,Rent,783.43,Expense
2023-06-09,Annual management vendor.,Health & Fitness,544.75,Expense
2023-06-09,Something fine apply gas sing.,Rent,108.77,Expense
2023-06-09,Electricity express phone digital.,Other,4212.83,Income
2023-06-09,Water personal.,Rent,640.02,Expense
2023-06-09,Loan electricity phone digital electricity.,Health & Fitness,602.01,Expense
2023-06-09,Budget clinic electricity economy deal pharmacy shop.,Travel,1351.06,Expense
2023-06-09,Clinic delivery.,Entertainment,767.82,Expense
2023-06-10,Weekly platform parking booking package investment freelance.,Travel,1040.18,Expense
2023-06-10,Cold reason our.,Shopping,184.38,Expense
2023-06-10,Financial booking plan market adjustment budget priority.,Entertainment,535.98,Expense
2023-06-10,Equipment equipment salary utility.,Rent,972.45,Expense
2023-06-10,Bill digital monthly mortgage.,Food & Drink,1955.57,Expense
2023-06-10,Mention light safe inside.,Salary,315.64,Income
2023-06-10,Bonus market purchase software business order.,Other,3810.64,Income
2023-06-11,Automatic shop transfer store pharmacy contract.,Rent,686.97,Expense
2023-06-11,Mall pending water train.,Shopping,947.5,Expense
2023-06-11,Savings transfer loan daily equipment gym food.,Other,2229.41,Income
2023-06-11,Software management.,Entertainment,1868.31,Expense
2023-06-12,Tax regular hotel automatic mall.,Entertainment,396.15,Expense
2023-06-12,Water processed.,Rent,800.64,Expense
2023-06-12,Health weekly.,Other,3837.14,Income
2023-06-13,Employee picture official of prevent.,Salary,407.35,Income
2023-06-13,Economy client hospital shop.,Entertainment,1297.11,Expense
2023-06-13,Personal platform.,Travel,1105.74,Expense
2023-06-13,Pending deposit shop direct.,Food & Drink,1949.63,Expense
2023-06-13,Tools discount freelance adjustment order parking.,Travel,750.41,Expense
2023-06-14,Adjustment balance.,Investment,2012.78,Income
2023-06-14,Deal pending support premium taxi.,Investment,4038.46,Income
2023-06-14,Entertainment loan balance.,Rent,1620.42,Expense
2023-06-14,Salary plan renewal network software bus.,Health & Fitness,400.71,Expense
2023-06-14,Charge grocery regular household vendor tax.,Shopping,326.75,Expense
2023-06-14,Personal pharmacy electricity parking maintenance.,Salary,1138.47,Income
2023-06-15,Food weekly.,Entertainment,768.24,Expense
2023-06-15,Flight invoice parking economy.,Other,1978.62,Income
2023-06-15,Delivery mall credit material.,Shopping,1284.75,Expense
2023-06-15,Fee balance bill account.,Entertainment,1224.47,Expense
2023-06-15,Agree machine camera baby six.,Investment,2890.0,Income
2023-06-15,Support management payment.,Health & Fitness,425.49,Expense
2023-06-15,Deposit material interest gross.,Shopping,831.52,Expense
2023-06-15,Household plan invoice.,Investment,2937.88,Income
2023-06-16,Business maintenance order purchase.,Other,1137.57,Income
2023-06-16,Transfer insurance fee system monthly tools food.,Entertainment,810.41,Expense
2023-06-16,Train savings business digital daily phone.,Travel,1938.0,Expense
2023-06-16,Charge payment.,Food & Drink,1622.4,Expense
2023-06-16,Company option character land space.,Shopping,947.18,Expense
2023-06-16,Past every either.,Salary,1689.1,Income
2023-06-16,Plan deposit household maintenance.,Investment,2241.39,Income
2023-06-16,Loan personal regular net gym shop bus.,Food & Drink,1066.52,Expense
2023-06-16,Travel vendor phone phone water contract electricity.,Health & Fitness,1344.75,Expense
2023-06-16,Reward order bonus personal hotel app weekly.,Entertainment,1635.44,Expense
2023-06-17,Plan clinic maintenance management.,Travel,829.7,Expense
2023-06-17,Weekly priority standard discount deal weekly pharmacy.,Entertainment,982.4,Expense
2023-06-17,Machine son television.,Travel,191.36,Expense
2023-06-17,Business platform phone contract online adjustment charge.,Travel,519.62,Expense
2023-06-17,Store delivery daily flight.,Entertainment,1769.78,Expense
2023-06-17,Whose other.,Utilities,748.33,Expense
2023-06-17,Freelance economy management internet food.,Travel,1097.02,Expense
2023-06-17,Adjustment budget adjustment insurance purchase annual.,Health & Fitness,1335.7,Expense
2023-06-17,Grocery utility freelance digital market direct.,Utilities,1633.62,Expense
2023-06-18,Booking clinic loan premium bill mall direct.,Travel,1128.4,Expense
2023-06-18,Subscription pending savings internet.,Salary,392.86,Income
2023-06-18,App special bus plan shop hardware.,Shopping,771.31,Expense
2023-06-19,Subscription payment system.,Salary,1029.3,Income
2023-06-19,Charge service parking account delivery.,Other,886.93,Income
2023-06-19,Transfer subscription account gym fee system.,Rent,1390.65,Expense
2023-06-19,Support network grocery gym renewal.,Salary,270.47,Income
2023-06-19,Charge app service clinic.,Entertainment,1427.98,Expense
2023-06-19,Plan grocery software special loan parking.,Entertainment,664.21,Expense
2023-06-19,Sell include himself produce.,Utilities,897.09,Expense
2023-06-19,Pending economy.,Shopping,538.94,Expense
2023-06-20,Monthly deal pharmacy credit delivery standard hospital.,Food & Drink,541.26,Expense
2023-06-20,Processed mall net client maintenance fee hardware.,Food & Drink,158.18,Expense
2023-06-20,Express shop health material parking.,Investment,1600.89,Income
2023-06-20,Bus equipment.,Salary,1254.86,Income
2023-06-20,Order deposit mall digital.,Utilities,472.01,Expense
2023-06-20,Advance app.,Shopping,1568.53,Expense
2023-06-21,Processed credit freelance gross material credit.,Food & Drink,247.32,Expense
2023-06-21,Parking internet project credit.,Rent,1534.01,Expense
2023-06-21,Official success approach.,Salary,534.17,Income
2023-06-21,Business personal financial.,Travel,149.27,Expense
2023-06-21,Budget electricity.,Rent,1586.6,Expense
2023-06-21,Market subscription deposit monthly premium.,Food & Drink,1318.62,Expense
2023-06-22,Apply less.,Food & Drink,310.75,Expense
2023-06-22,Live way two.,Rent,180.56,Expense
2023-06-22,Subscription parking maintenance purchase.,Utilities,225.78,Expense
2023-06-22,Booking delivery net.,Utilities,965.82,Expense
2023-06-22,Personal subscription.,Other,3930.86,Income
2023-06-22,Taxi priority delivery.,Shopping,1818.58,Expense
2023-06-22,Financial flight travel.,Health & Fitness,262.66,Expense
2023-06-22,Financial hardware.,Entertainment,1496.51,Expense
2023-06-23,Electricity management software booking express premium.,Food & Drink,465.53,Expense
2023-06-23,Payment flight bill.,Health & Fitness,276.71,Expense
2023-06-23,Raise hope enjoy most.,Shopping,1941.7,Expense
2023-06-23,Utility project processed investment phone premium.,Salary,1550.97,Income
2023-06-23,Deposit express software payment tools.,Entertainment,1030.92,Expense
2023-06-23,Fuel order.,Rent,1064.13,Expense
2023-06-23,Network grocery.,Health & Fitness,69.39,Expense
2023-06-24,Debit utility tools insurance management.,Entertainment,262.07,Expense
2023-06-24,Equipment network.,Food & Drink,802.42,Expense
2023-06-25,Eye something.,Food & Drink,1683.19,Expense
2023-06-25,Health deposit bus direct express advance processed.,Salary,518.17,Income
2023-06-25,Online online.,Shopping,438.48,Expense
2023-06-25,Particular present evening establish.,Salary,1149.7,Income
2023-06-25,Which raise american truth.,Shopping,1931.6,Expense
2023-06-25,Renewal personal standard service vendor.,Rent,1769.45,Expense
2023-06-25,Digital pharmacy economy adjustment charge balance bill.,Rent,457.72,Expense
2023-06-25,Electricity weekly.,Food & Drink,1453.62,Expense
2023-06-25,Invoice processed interest hardware mall taxi app.,Utilities,1391.34,Expense
2023-06-25,Charge economy maintenance contract debit delivery hospital.,Salary,1204.08,Income
2023-06-26,Store budget plan entertainment.,Food & Drink,781.91,Expense
2023-06-26,Maintenance package hospital app package business gym.,Investment,729.47,Income
2023-06-26,Hospital weekly material vendor.,Other,1884.51,Income
2023-06-26,Freelance maintenance automatic payment shop.,Shopping,1305.58,Expense
2023-06-26,System tools train renewal.,Rent,435.17,Expense
2023-06-26,Pressure hospital significant.,Travel,167.12,Expense
2023-06-27,Interest hardware weekly entertainment online electricity.,Salary,511.19,Income
2023-06-27,Phone invoice balance equipment entertainment.,Shopping,954.57,Expense
2023-06-27,Flight monthly entertainment weekly pending mortgage.,Shopping,1663.7,Expense
2023-06-27,Daily hardware bonus account.,Utilities,751.63,Expense
2023-06-28,Parking fuel financial maintenance order app advance.,Food & Drink,1258.68,Expense
2023-06-28,Economy fee equipment.,Entertainment,784.18,Expense
2023-06-28,Regular tools insurance electricity network plan water.,Utilities,378.09,Expense
2023-06-28,Account savings household freelance.,Health & Fitness,1183.86,Expense
2023-06-28,Electricity debit interest market internet.,Health & Fitness,1245.64,Expense
2023-06-28,Subscription system business client.,Utilities,1787.41,Expense
2023-06-28,Invoice economy loan charge shop entertainment train.,Other,2268.16,Income
2023-06-29,Net service.,Shopping,384.53,Expense
2023-06-29,Weekly payment charge loan annual.,Utilities,1957.89,Expense
2023-06-29,Insurance invoice net hospital electricity.,Investment,1545.49,Income
2023-06-29,Charge project account financial economy bill.,Health & Fitness,775.42,Expense
2023-06-30,System personal.,Travel,1860.86,Expense
2023-06-30,Transfer hardware network advance tax.,Utilities,179.5,Expense
2023-06-30,App equipment mortgage.,Rent,1579.74,Expense
2023-06-30,Train plan fee charge fee budget.,Salary,315.56,Income
2023-06-30,Debit vendor charge credit adjustment.,Travel,792.8,Expense
2023-06-30,Store support economy special.,Entertainment,158.75,Expense
2023-06-30,Side mind question year finish.,Food & Drink,1009.18,Expense
2023-06-30,Vendor transfer.,Entertainment,1503.73,Expense
2023-07-01,Payment purchase support electricity advance charge booking.,Utilities,245.23,Expense
2023-07-01,Story activity.,Utilities,249.36,Expense
2023-07-01,Client payment premium transfer renewal invoice.,Investment,3125.67,Income
2023-07-01,Service software automatic.,Health & Fitness,1103.59,Expense
2023-07-01,Charge net.,Shopping,1038.36,Expense
2023-07-01,Phone food.,Salary,1031.6,Income
2023-07-01,Hospital taxi clinic parking purchase.,Health & Fitness,293.85,Expense
2023-07-02,Billion land detail exist cover.,Utilities,1898.63,Expense
2023-07-02,Food discount tax financial freelance management.,Health & Fitness,1023.36,Expense
2023-07-02,Food special network software.,Other,3655.53,Income
2023-07-02,Express support.,Investment,1840.6,Income
2023-07-02,Travel market monthly.,Salary,914.44,Income
2023-07-03,Subscription client mall.,Utilities,804.9,Expense
2023-07-03,Economy platform.,Health & Fitness,316.43,Expense
2023-07-03,Interest investment deal balance daily flight.,Food & Drink,1478.6,Expense
2023-07-03,Financial bonus investment.,Health & Fitness,1203.24,Expense
2023-07-04,Priority weekly network travel economy priority.,Investment,1934.24,Income
2023-07-04,Client deposit fee subscription balance.,Entertainment,1136.78,Expense
2023-07-04,Credit reward service management gross debit.,Salary,1350.39,Income
2023-07-04,Health digital.,Shopping,706.88,Expense
2023-07-04,Travel insurance booking gross.,Rent,1461.26,Expense
2023-07-04,Management deal train salary app daily.,Entertainment,382.19,Expense
2023-07-04,Tools digital.,Rent,728.93,Expense
2023-07-05,Annual automatic savings material deposit.,Travel,1738.66,Expense
2023-07-05,Client bonus.,Investment,3302.47,Income
2023-07-05,Gym system insurance app annual.,Entertainment,1079.25,Expense
2023-07-05,Total package phone health entertainment total.,Food & Drink,1038.55,Expense
2023-07-05,Beat painting heavy.,Other,1141.0,Income
2023-07-05,Begin voice prevent structure wear.,Investment,2078.0,Income
2023-07-05,Budget financial health subscription.,Entertainment,642.66,Expense
2023-07-05,Booking express annual service household.,Shopping,960.85,Expense
2023-07-05,Subscription delivery system salary monthly app.,Rent,1410.82,Expense
2023-07-06,To receive education.,Shopping,411.82,Expense
2023-07-06,Fee deposit net automatic bill direct system.,Entertainment,187.48,Expense
2023-07-06,Insurance reward insurance.,Travel,356.48,Expense
2023-07-06,Client maintenance.,Food & Drink,1642.38,Expense
2023-07-06,Investment food.,Shopping,1167.38,Expense
2023-07-06,Payment standard project gym.,Entertainment,1049.03,Expense
2023-07-06,Express discount interest.,Other,2667.19,Income
2023-07-07,Processed market network freelance pharmacy delivery.,Utilities,687.67,Expense
2023-07-07,Standard platform.,Food & Drink,1039.95,Expense
2023-07-07,Police two.,Utilities,1669.88,Expense
2023-07-07,Hardware contract charge personal maintenance project train.,Health & Fitness,256.91,Expense
2023-07-07,Balance software taxi health digital debit internet.,Shopping,1739.2,Expense
2023-07-07,Realize property show either.,Rent,183.18,Expense
2023-07-08,Store total taxi market standard store.,Utilities,144.13,Expense
2023-07-08,Utility premium annual booking.,Travel,937.33,Expense
2023-07-08,Restaurant transfer app renewal account tools.,Health & Fitness,1653.55,Expense
2023-07-08,Flight interest online mortgage gross.,Utilities,1330.92,Expense
2023-07-08,Advance delivery debit.,Rent,1043.05,Expense
2023-07-08,Network hotel daily utility health order.,Shopping,529.27,Expense
2023-07-08,Subscription tax invoice order booking deposit.,Rent,1001.1,Expense
2023-07-09,Mall bonus equipment service gross annual.,Utilities,984.51,Expense
2023-07-09,Maintenance pending shop savings deal.,Food & Drink,659.85,Expense
2023-07-09,Entertainment network renewal debit service flight store.,Shopping,444.34,Expense
2023-07-09,Reward debit pending support clinic credit entertainment.,Health & Fitness,633.18,Expense
2023-07-10,Particular condition man.,Shopping,233.91,Expense
2023-07-10,Vendor service total app.,Shopping,778.97,Expense
2023-07-10,Shoulder despite poor tree resource.,Investment,1365.0,Income
2023-07-10,Since him four.,Health & Fitness,1714.68,Expense
2023-07-10,Deposit debit material mortgage entertainment.,Food & Drink,1719.75,Expense
2023-07-10,Purchase mall mortgage.,Shopping,956.6,Expense
2023-07-10,Balance business hotel.,Entertainment,968.03,Expense
2023-07-10,Western enough key.,Food & Drink,1575.24,Expense
2023-07-10,Contract weekly material electricity.,Investment,2591.59,Income
2023-07-11,System bill direct contract transfer interest.,Other,1287.95,Income
2023-07-11,Advance debit financial fuel.,Other,3582.94,Income
2023-07-11,Clinic service.,Other,1965.85,Income
2023-07-11,Authority number.,Rent,1573.63,Expense
2023-07-12,Advance credit.,Utilities,1508.54,Expense
2023-07-12,Annual special hotel net package train transfer.,Food & Drink,1286.26,Expense
2023-07-12,Transfer purchase processed.,Entertainment,1285.98,Expense
2023-07-12,Booking renewal reward reward.,Rent,1960.41,Expense
2023-07-13,Utility train delivery.,Travel,555.34,Expense
2023-07-13,Affect marriage present a.,Health & Fitness,1757.01,Expense
2023-07-13,Economy app shop.,Entertainment,211.06,Expense
2023-07-14,Travel taxi project.,Entertainment,1131.5,Expense
2023-07-14,Adjustment clinic internet annual charge fuel standard.,Entertainment,1444.07,Expense
2023-07-14,Automatic hotel support weekly account bonus.,Salary,553.51,Income
2023-07-14,System entertainment priority.,Travel,787.41,Expense
2023-07-14,Savings transfer processed freelance market support.,Entertainment,981.33,Expense
2023-07-14,Renewal automatic investment platform fuel parking.,Travel,1633.67,Expense
2023-07-14,Pending salary service total savings.,Utilities,1634.62,Expense
2023-07-15,Movement which ball least.,Other,2700.0,Income
2023-07-15,Four field area young.,Health & Fitness,1384.12,Expense
2023-07-15,Difficult his ready sister building.,Other,817.0,Income
2023-07-15,Long identify road speech.,Utilities,558.07,Expense
2023-07-15,Personal restaurant economy health plan.,Investment,3483.35,Income
2023-07-15,Entire record toward off.,Salary,1148.33,Income
2023-07-15,Savings maintenance.,Entertainment,1087.13,Expense
2023-07-16,Insurance water annual debit.,Salary,490.82,Income
2023-07-16,Vendor direct mortgage hotel economy support payment.,Entertainment,505.13,Expense
2023-07-16,Parking material.,Investment,2586.81,Income
2023-07-16,Plan restaurant net online pending premium.,Shopping,1284.45,Expense
2023-07-16,Computer always his.,Food & Drink,682.35,Expense
2023-07-16,Invoice system tools salary project hotel debit.,Rent,591.42,Expense
2023-07-17,Fuel debit.,Salary,708.62,Income
2023-07-17,Taxi account.,Food & Drink,881.24,Expense
2023-07-17,Debit discount hospital processed budget.,Health & Fitness,585.02,Expense
2023-07-17,Subscription online online pending project.,Health & Fitness,1027.28,Expense
2023-07-17,Weekly app premium weekly.,Shopping,1676.76,Expense
2023-07-17,Receive to piece.,Travel,567.89,Expense
2023-07-17,Utility financial.,Investment,3593.09,Income
2023-07-18,Project software processed service grocery project.,Food & Drink,632.17,Expense
2023-07-18,Economy regular clinic priority standard insurance.,Other,2380.74,Income
2023-07-18,Be plan same cause.,Rent,1945.27,Expense
2023-07-18,Travel delivery payment.,Health & Fitness,1585.59,Expense
2023-07-19,Rest or.,Travel,1948.7,Expense
2023-07-19,As music film move.,Health & Fitness,546.15,Expense
2023-07-19,Daily health.,Rent,1623.1,Expense
2023-07-20,Freelance utility insurance support parking order.,Food & Drink,1124.62,Expense
2023-07-20,Food interest advance salary hospital.,Health & Fitness,1105.84,Expense
2023-07-20,Project hotel.,Salary,936.9,Income
2023-07-20,Bill internet online tax bonus parking.,Rent,1530.77,Expense
2023-07-20,Adjustment direct priority.,Shopping,1525.4,Expense
2023-07-20,Vendor regular weekly shop tax.,Rent,594.98,Expense
2023-07-20,Standard account market pharmacy.,Travel,1389.37,Expense
2023-07-20,Already argue.,Rent,383.99,Expense
2023-07-20,Balance direct.,Food & Drink,773.43,Expense
2023-07-20,Order loan.,Travel,1318.01,Expense
2023-07-21,Internet business bonus premium project package fee.,Other,3394.16,Income
2023-07-21,Hardware pharmacy vendor tools online software weekly.,Investment,3619.04,Income
2023-07-21,Reward equipment pending phone.,Shopping,288.49,Expense
2023-07-21,Brother southern project learn.,Shopping,1484.48,Expense
2023-07-21,Health tax reward.,Health & Fitness,1748.94,Expense
2023-07-22,Adjustment tools.,Shopping,659.62,Expense
2023-07-22,Tools interest delivery.,Salary,1009.93,Income
2023-07-23,Express loan taxi hardware.,Travel,1100.08,Expense
2023-07-23,Pharmacy household restaurant train fee.,Travel,1536.04,Expense
2023-07-23,Discount support personal pharmacy balance direct freelance.,Travel,322.6,Expense
2023-07-23,Scientist do author.,Health & Fitness,1643.82,Expense
2023-07-24,Credit advance payment.,Food & Drink,203.23,Expense
2023-07-24,Net hardware automatic management.,Other,1870.66,Income
2023-07-24,Loan advance fuel.,Rent,728.31,Expense
2023-07-24,Shop parking.,Entertainment,747.33,Expense
2023-07-24,Hardware household delivery booking system household budget.,Entertainment,405.36,Expense
2023-07-24,Order premium hardware premium.,Entertainment,1411.77,Expense
2023-07-25,President likely truth animal.,Utilities,140.58,Expense
2023-07-25,Store transfer gym client express phone.,Travel,1532.29,Expense
2023-07-25,Electricity business fee app loan automatic network.,Investment,2208.03,Income
2023-07-25,Interest household hospital flight fuel direct deal.,Entertainment,1287.6,Expense
2023-07-25,Tools weekly plan discount shop taxi.,Investment,1122.12,Income
2023-07-25,Travel renewal business credit express utility special.,Food & Drink,979.25,Expense
2023-07-25,Order grocery.,Rent,172.49,Expense
2023-07-26,Plan express client.,Food & Drink,1396.44,Expense
2023-07-26,Contract plan premium automatic parking deal.,Investment,2457.7,Income
2023-07-26,Adjustment adjustment renewal restaurant.,Rent,562.46,Expense
2023-07-26,Daily transfer project app.,Utilities,1073.74,Expense
2023-07-26,Taxi client.,Travel,1379.26,Expense
2023-07-26,Common anyone.,Shopping,279.94,Expense
2023-07-27,Pharmacy advance financial monthly savings adjustment personal.,Entertainment,1274.11,Expense
2023-07-27,Standard equipment.,Shopping,529.49,Expense
2023-07-27,Box organization.,Entertainment,1675.58,Expense
2023-07-27,Project bus electricity.,Investment,2050.45,Income
2023-07-27,Lay color.,Food & Drink,355.74,Expense
2023-07-28,Train total delivery special account.,Entertainment,161.8,Expense
2023-07-28,Charge pending.,Rent,1067.4,Expense
2023-07-28,Net business.,Shopping,1587.9,Expense
2023-07-28,Deposit support water personal bus household.,Entertainment,768.19,Expense
2023-07-28,Annual renewal transfer renewal.,Entertainment,417.89,Expense
2023-07-29,Hospital flight equipment shop.,Entertainment,777.31,Expense
2023-07-29,Adjustment software interest financial phone renewal gross.,Food & Drink,1343.28,Expense
2023-07-29,Household software priority.,Health & Fitness,162.36,Expense
2023-07-29,Direct mortgage shop pending.,Utilities,985.98,Expense
2023-07-29,Advance clinic credit restaurant.,Other,2407.09,Income
2023-07-30,Personal entertainment daily deal equipment fee.,Utilities,1946.92,Expense
2023-07-30,Entertainment utility internet reward standard vendor net.,Salary,1293.27,Income
2023-07-30,Train bonus mall parking pharmacy vendor financial.,Utilities,1193.02,Expense
2023-07-30,Monthly priority travel contract hospital.,Health & Fitness,72.64,Expense
2023-07-30,Taxi account fuel regular.,Salary,733.74,Income
2023-07-30,Source international.,Salary,110.61,Income
2023-07-30,Net processed tools water booking bus.,Shopping,1549.73,Expense
2023-07-31,Software pending contract deposit budget water project.,Rent,670.25,Expense
2023-07-31,Payment system mall deposit.,Food & Drink,966.1,Expense
2023-07-31,Processed express fee hospital loan.,Entertainment,198.34,Expense
2023-07-31,Annual savings.,Salary,396.76,Income
2023-07-31,Premium discount total fuel purchase entertainment store.,Shopping,961.26,Expense
2023-08-01,Building range national focus.,Entertainment,555.22,Expense
2023-08-01,System fuel grocery gym weekly subscription regular.,Rent,1874.71,Expense
2023-08-01,Purchase debit salary payment market electricity monthly.,Health & Fitness,803.85,Expense
2023-08-01,Taxi mall grocery deposit water flight.,Salary,788.91,Income
2023-08-01,Delivery service express plan.,Salary,1586.15,Income
2023-08-01,Transfer food.,Salary,1393.15,Income
2023-08-01,Service economy purchase payment food standard.,Shopping,1417.17,Expense
2023-08-01,Utility clinic delivery express network.,Rent,1595.91,Expense
2023-08-01,Interest weekly pending.,Entertainment,1632.31,Expense
2023-08-01,Daily store renewal support.,Salary,1594.55,Income
2023-08-01,Order premium net flight salary invoice.,Salary,311.62,Income
2023-08-01,Support parking account tax investment.,Food & Drink,328.2,Expense
2023-08-02,Deal restaurant water gross market fuel advance.,Utilities,1551.45,Expense
2023-08-02,Renewal daily balance business software contract.,Utilities,488.78,Expense
2023-08-02,Express online investment.,Food & Drink,1351.07,Expense
2023-08-02,Monthly pending renewal.,Shopping,1471.64,Expense
2023-08-02,Gym digital travel water.,Travel,1302.52,Expense
2023-08-02,Store grocery invoice taxi discount business insurance.,Food & Drink,127.01,Expense
2023-08-02,Hardware regular store hardware.,Other,879.49,Income
2023-08-03,Mortgage flight deal store.,Travel,844.38,Expense
2023-08-03,Special food purchase.,Investment,4336.58,Income
2023-08-03,Debit hotel.,Shopping,1182.17,Expense
2023-08-03,Freelance network travel priority standard subscription interest.,Utilities,663.84,Expense
2023-08-03,Platform food.,Salary,772.42,Income
2023-08-04,Savings project network financial client mall salary.,Health & Fitness,1962.41,Expense
2023-08-04,Or friend.,Shopping,1274.47,Expense
2023-08-04,Flight order subscription.,Investment,2682.25,Income
2023-08-04,Freelance hospital direct.,Food & Drink,816.07,Expense
2023-08-04,Booking daily bonus material order bill.,Shopping,758.27,Expense
2023-08-04,Food mortgage household food balance.,Salary,1499.58,Income
2023-08-04,Deposit material processed.,Travel,768.5,Expense
2023-08-05,Invoice investment charge charge priority savings.,Salary,787.98,Income
2023-08-05,Center indeed recent.,Investment,2481.0,Income
2023-08-05,Platform train.,Food & Drink,1901.22,Expense
2023-08-05,Package mortgage.,Travel,1680.36,Expense
2023-08-05,Daily water annual interest charge.,Shopping,1109.29,Expense
2023-08-05,Travel deal.,Shopping,1653.81,Expense
2023-08-05,Gym standard travel.,Salary,262.3,Income
2023-08-05,Pending subscription.,Investment,3110.36,Income
2023-08-05,Deal grocery utility.,Rent,497.88,Expense
2023-08-05,Utility project.,Other,820.25,Income
2023-08-05,App entertainment phone business package pending taxi.,Food & Drink,961.12,Expense
2023-08-06,App equipment loan hotel plan monthly.,Shopping,1471.93,Expense
2023-08-06,Annual taxi platform service online balance project.,Entertainment,350.24,Expense
2023-08-06,Shop express client maintenance bill package delivery.,Food & Drink,606.12,Expense
2023-08-06,Gross advance software salary contract renewal.,Travel,1305.65,Expense
2023-08-06,Special digital project shop subscription financial.,Rent,298.44,Expense
2023-08-06,Entertainment digital taxi payment balance shop.,Investment,983.42,Income
2023-08-06,Platform flight tax clinic utility daily hospital.,Travel,1070.84,Expense
2023-08-07,Water personal network account.,Food & Drink,212.27,Expense
2023-08-07,Transfer charge regular package hospital.,Travel,1446.03,Expense
2023-08-07,Just understand american.,Salary,363.39,Income
2023-08-07,Personal savings gross economy express.,Travel,231.61,Expense
2023-08-07,Partner sing administration main according.,Health & Fitness,695.06,Expense
2023-08-08,Clinic plan premium savings total grocery grocery.,Other,1498.82,Income
2023-08-08,Net system.,Other,4082.25,Income
2023-08-09,Package standard pending train plan.,Investment,3750.3,Income
2023-08-09,Internet train.,Entertainment,1210.2,Expense
2023-08-09,Train hospital grocery regular.,Other,2850.3,Income
2023-08-09,Utility travel.,Health & Fitness,715.51,Expense
2023-08-09,Special hardware total account deal hardware.,Travel,716.27,Expense
2023-08-09,Really society live camera.,Travel,64.63,Expense
2023-08-09,Gross payment bonus net.,Other,2745.01,Income
2023-08-09,Bus budget gym deal bill credit balance.,Entertainment,1805.28,Expense
2023-08-09,Direct delivery.,Entertainment,1097.34,Expense
2023-08-09,Train discount salary.,Utilities,972.78,Expense
2023-08-09,Pending pharmacy transfer maintenance.,Rent,766.36,Expense
2023-08-09,Religious order.,Travel,1500.43,Expense
2023-08-10,Mission include visit.,Investment,2313.0,Income
2023-08-10,Digital balance bill booking maintenance online.,Shopping,832.29,Expense
2023-08-10,Conference matter wear physical site.,Entertainment,545.48,Expense
2023-08-10,Digital pharmacy.,Entertainment,1565.25,Expense
2023-08-10,Debit priority savings.,Other,2827.84,Income
2023-08-10,Fuel investment direct store.,Other,2392.53,Income
2023-08-10,Mall freelance travel mortgage clinic.,Travel,941.79,Expense
2023-08-10,Client vendor debit financial digital mall booking.,Entertainment,604.68,Expense
2023-08-11,Tools management deposit material payment special.,Utilities,389.88,Expense
2023-08-11,Economy package.,Shopping,1473.64,Expense
2023-08-11,Above dog brother morning.,Food & Drink,1730.61,Expense
2023-08-11,Total internet economy platform network special bill.,Utilities,1103.1,Expense
2023-08-12,Debit fee business tax contract economy support.,Food & Drink,1119.54,Expense
2023-08-13,Bus project delivery fee daily business annual.,Shopping,460.25,Expense
2023-08-13,Deal discount tools salary premium automatic deal.,Shopping,1212.11,Expense
2023-08-13,Freelance charge travel standard transfer premium standard.,Utilities,935.56,Expense
2023-08-13,Client special.,Salary,310.44,Income
2023-08-13,Investment household shop charge loan health gym.,Shopping,1352.21,Expense
2023-08-13,Material travel fuel service hospital.,Investment,1535.19,Income
2023-08-13,Personal bus weekly support.,Food & Drink,1036.26,Expense
2023-08-13,Hotel reward platform bonus.,Other,1456.3,Income
2023-08-13,Fee pending total discount.,Investment,3789.03,Income
2023-08-13,Internet renewal payment.,Investment,4836.15,Income
2023-08-14,Invoice online online market train payment pending.,Travel,1098.53,Expense
2023-08-14,Insurance bill contract online platform.,Health & Fitness,1941.48,Expense
2023-08-15,Loan travel flight phone.,Salary,1705.06,Income
2023-08-15,Software parking debit phone food shop payment.,Health & Fitness,68.33,Expense
2023-08-15,Utility hardware.,Entertainment,349.21,Expense
2023-08-15,Internet economy order premium support balance client.,Salary,181.44,Income
2023-08-15,Direct online salary system debit.,Rent,29.01,Expense
2023-08-15,Package mall.,Other,2043.09,Income
2023-08-15,Mortgage mortgage personal phone vendor network.,Food & Drink,1273.22,Expense
2023-08-16,Regular premium discount processed weekly system.,Salary,379.22,Income
2023-08-16,Gun seven music despite show.,Food & Drink,953.45,Expense
2023-08-16,Credit advance express total tax.,Salary,837.34,Income
2023-08-16,Annual fee.,Travel,1406.82,Expense
2023-08-16,Business digital maintenance phone food business order.,Shopping,1353.72,Expense
2023-08-16,Tools mortgage contract freelance subscription.,Travel,1181.92,Expense
2023-08-16,Financial mall.,Food & Drink,1688.63,Expense
2023-08-17,Savings priority vendor water train processed.,Utilities,1358.64,Expense
2023-08-17,Computer prove amount population.,Travel,1428.35,Expense
2023-08-17,Investment online.,Investment,3728.05,Income
2023-08-17,Apply both chance.,Investment,569.0,Income
2023-08-17,Project express hotel contract.,Utilities,1236.51,Expense
2023-08-17,Delivery daily payment.,Entertainment,1054.17,Expense
2023-08-18,Fuel electricity grocery.,Rent,1161.49,Expense
2023-08-18,Store network daily water.,Other,555.04,Income
2023-08-18,Booking personal purchase deposit delivery.,Other,3030.14,Income
2023-08-18,Transfer entertainment annual service.,Utilities,465.61,Expense
2023-08-18,Transfer gross network gym material total.,Health & Fitness,1519.56,Expense
2023-08-18,Financial credit vendor.,Rent,778.04,Expense
2023-08-18,Store account booking fee gross platform.,Health & Fitness,1274.88,Expense
2023-08-18,Hospital parking adjustment monthly adjustment budget.,Rent,1245.03,Expense
2023-08-18,Deal insurance payment hotel.,Travel,1742.4,Expense
2023-08-19,Payment reward digital client express.,Travel,988.57,Expense
2023-08-19,Monthly pharmacy bill entertainment maintenance.,Health & Fitness,1203.74,Expense
2023-08-19,Contract health fuel.,Utilities,561.63,Expense
2023-08-19,Health order bus management purchase interest.,Salary,492.7,Income
2023-08-19,Mortgage priority.,Entertainment,1266.3,Expense
2023-08-19,Market flight debit tax bus purchase.,Food & Drink,888.93,Expense
2023-08-19,Standard financial entertainment premium purchase payment food.,Shopping,1159.73,Expense
2023-08-20,Interest software annual package.,Rent,1824.1,Expense
2023-08-20,Train hospital annual reward.,Salary,1529.81,Income
2023-08-20,Purchase mortgage business budget health premium taxi.,Travel,604.04,Expense
2023-08-20,System net store adjustment gross equipment renewal.,Health & Fitness,146.26,Expense
2023-08-21,Deal platform pending store taxi.,Rent,574.04,Expense
2023-08-21,Charge deposit pending.,Utilities,594.65,Expense
2023-08-21,Phone pharmacy.,Food & Drink,491.45,Expense
2023-08-21,Itself free source.,Travel,853.38,Expense
2023-08-21,Account discount hotel management entertainment.,Investment,648.25,Income
2023-08-21,Service gym hardware entertainment vendor.,Entertainment,433.27,Expense
2023-08-21,Flight grocery food train net.,Salary,659.24,Income
2023-08-21,Automatic vendor payment restaurant standard delivery insurance.,Salary,1258.25,Income
2023-08-22,Network booking bus financial bill express.,Food & Drink,853.38,Expense
2023-08-22,Bit appear.,Health & Fitness,923.41,Expense
2023-08-22,Monthly total support package.,Other,2567.6,Income
2023-08-23,Store hotel.,Rent,552.12,Expense
2023-08-23,Citizen ahead method.,Travel,1357.62,Expense
2023-08-23,Parking store store credit charge investment.,Travel,1535.7,Expense
2023-08-24,Invoice bus.,Investment,1206.5,Income
2023-08-24,Business taxi train taxi bonus service priority.,Salary,658.41,Income
2023-08-25,Bill app reward mortgage.,Entertainment,1765.96,Expense
2023-08-25,Business total.,Utilities,1188.62,Expense
2023-08-25,Store tools insurance taxi annual.,Health & Fitness,1487.61,Expense
2023-08-25,Debit pharmacy water utility gross electricity.,Investment,3146.39,Income
2023-08-25,Return or for.,Shopping,1173.13,Expense
2023-08-25,Material household invoice household entertainment utility premium.,Investment,1019.86,Income
2023-08-25,Project regular utility system.,Other,2257.25,Income
2023-08-25,Deposit store pharmacy.,Shopping,1935.65,Expense
2023-08-26,Food travel bonus discount.,Food & Drink,1494.11,Expense
2023-08-26,Deal pending.,Utilities,716.65,Expense
2023-08-26,Account adjustment loan client annual processed.,Food & Drink,1944.0,Expense
2023-08-26,System advance vendor debit parking phone management.,Salary,1323.87,Income
2023-08-26,Standard parking business subscription purchase special delivery.,Investment,1176.21,Income
2023-08-27,Discover body direction down.,Other,2815.0,Income
2023-08-27,Material discount.,Entertainment,739.69,Expense
2023-08-27,Express deposit fuel daily debit shop freelance.,Rent,1659.73,Expense
2023-08-28,Investment network.,Health & Fitness,1134.35,Expense
2023-08-28,Monthly delivery personal.,Utilities,728.83,Expense
2023-08-28,Mall delivery subscription software equipment.,Entertainment,1278.72,Expense
2023-08-28,Interest hardware insurance.,Utilities,367.32,Expense
2023-08-28,Market special bill.,Food & Drink,1878.16,Expense
2023-08-28,Electricity net shop invoice.,Health & Fitness,1146.89,Expense
2023-08-28,Entertainment maintenance.,Investment,2308.35,Income
2023-08-28,Account direct.,Utilities,1045.67,Expense
2023-08-29,Payment platform internet special credit.,Other,4329.57,Income
2023-08-29,Package entertainment hospital.,Food & Drink,1597.85,Expense
2023-08-29,Phone fee.,Rent,1939.08,Expense
2023-08-29,Platform account economy balance parking.,Entertainment,714.6,Expense
2023-08-30,Payment balance management travel entertainment taxi.,Utilities,949.36,Expense
2023-08-30,Three certain.,Travel,1284.78,Expense
2023-08-30,Heart determine likely.,Rent,968.66,Expense
2023-08-30,Taxi store interest parking charge total.,Salary,1663.96,Income
2023-08-30,Plan digital restaurant booking.,Shopping,1879.38,Expense
2023-08-30,Utility delivery invoice discount processed.,Health & Fitness,274.49,Expense
2023-08-30,Dark camera realize.,Travel,384.84,Expense
2023-08-30,Hold carry rest.,Travel,1315.68,Expense
2023-08-31,Express order hospital freelance charge service monthly.,Investment,707.88,Income
2023-08-31,Clinic restaurant food adjustment booking renewal.,Entertainment,99.17,Expense
2023-08-31,Processed weekly account.,Health & Fitness,899.26,Expense
2023-08-31,Hotel debit household loan daily.,Shopping,126.84,Expense
2023-08-31,Transfer client tax.,Health & Fitness,92.96,Expense
2023-08-31,Transfer savings subscription household automatic health.,Travel,637.56,Expense
2023-09-01,Project package debit processed.,Travel,995.83,Expense
2023-09-01,Carry surface learn.,Entertainment,1800.38,Expense
2023-09-01,Booking premium gross hospital.,Investment,1127.65,Income
2023-09-01,Budget store monthly salary.,Other,2123.0,Income
2023-09-01,Contract invoice automatic digital system package.,Health & Fitness,966.72,Expense
2023-09-01,Detail far church some.,Shopping,1324.46,Expense
2023-09-01,Pharmacy premium direct.,Food & Drink,763.68,Expense
2023-09-01,Balance daily vendor personal health.,Investment,2398.17,Income
2023-09-01,Household flight internet support advance renewal pending.,Shopping,1226.56,Expense
2023-09-02,Debit budget contract standard grocery mall invoice.,Food & Drink,701.98,Expense
2023-09-03,Digital maintenance business invoice delivery clinic bus.,Other,3499.7,Income
2023-09-03,Equipment package investment.,Other,3840.57,Income
2023-09-03,Loan account net.,Shopping,1104.45,Expense
2023-09-03,Processed renewal.,Food & Drink,1509.29,Expense
2023-09-03,Wife talk beat tax majority.,Food & Drink,1314.25,Expense
2023-09-03,Shop pharmacy electricity.,Salary,394.59,Income
2023-09-04,Regular electricity travel premium advance fuel pending.,Travel,1142.25,Expense
2023-09-04,Its develop until watch.,Food & Drink,1170.22,Expense
2023-09-04,List leg address into their.,Travel,1814.75,Expense
2023-09-04,Delivery monthly direct tax priority net.,Utilities,793.4,Expense
2023-09-04,Individual analysis.,Entertainment,692.9,Expense
2023-09-04,Project software client monthly mall shop.,Utilities,213.89,Expense
2023-09-04,Package food fuel platform restaurant.,Other,1758.5,Income
2023-09-04,Internet savings balance electricity advance project purchase.,Salary,1900.93,Income
2023-09-05,Standard app.,Investment,1200.68,Income
2023-09-05,Management adjustment hardware deposit contract platform bonus.,Health & Fitness,1623.27,Expense
2023-09-05,Network delivery client.,Entertainment,1185.59,Expense
2023-09-05,Package business parking mall travel travel platform.,Health & Fitness,1810.18,Expense
2023-09-05,Electricity processed order total contract water.,Rent,1250.37,Expense
2023-09-05,Daily hotel.,Food & Drink,535.46,Expense
2023-09-05,Clinic shop health mall net tools grocery.,Shopping,1945.02,Expense
2023-09-05,Bus bus.,Utilities,794.51,Expense
2023-09-05,Gym business.,Entertainment,541.63,Expense
2023-09-05,Online restaurant.,Investment,1935.06,Income
2023-09-06,Purchase store pending.,Food & Drink,1479.7,Expense
2023-09-06,Bill charge train bonus.,Investment,1533.04,Income
2023-09-06,Invoice restaurant bus restaurant utility.,Other,2875.49,Income
2023-09-06,Savings investment fee booking standard restaurant.,Travel,814.0,Expense
2023-09-07,Household annual economy processed.,Investment,2846.57,Income
2023-09-07,Pharmacy priority renewal interest.,Rent,1792.03,Expense
2023-09-07,Delivery client express adjustment grocery reward platform.,Utilities,1304.68,Expense
2023-09-07,Business payment freelance charge.,Rent,1038.79,Expense
2023-09-07,Almost most look something.,Salary,1813.99,Income
2023-09-08,Credit contract automatic.,Salary,1584.1,Income
2023-09-08,Gym travel.,Health & Fitness,617.71,Expense
2023-09-08,Tax credit.,Investment,3353.75,Income
2023-09-08,Entertainment mortgage.,Food & Drink,1557.02,Expense
2023-09-08,Advance delivery charge utility software savings.,Shopping,1294.46,Expense
2023-09-08,Order hotel bill gross special.,Utilities,1061.45,Expense
2023-09-08,Priority equipment transfer shop business.,Other,3356.4,Income
2023-09-09,Standard total network payment loan.,Health & Fitness,1063.37,Expense
2023-09-09,Renewal freelance weekly fee automatic package bonus.,Shopping,997.69,Expense
2023-09-09,Business account network.,Food & Drink,1666.06,Expense
2023-09-09,Contract household automatic support client.,Rent,1364.93,Expense
2023-09-09,Net budget hotel regular store.,Salary,1445.78,Income
2023-09-09,Online software store bill credit client.,Other,2486.26,Income
2023-09-10,Digital processed.,Rent,1296.73,Expense
2023-09-10,Daily equipment processed weekly credit mortgage project.,Other,3126.93,Income
2023-09-10,Internet support fuel weekly credit freelance weekly.,Food & Drink,1370.52,Expense
2023-09-10,Entertainment support taxi fuel express.,Health & Fitness,1202.42,Expense
2023-09-10,Manager bar send really.,Travel,1692.38,Expense
2023-09-10,Project order gross water loan package.,Other,4090.86,Income
2023-09-11,Car fast positive.,Utilities,594.63,Expense
2023-09-11,Health business renewal.,Other,2459.02,Income
2023-09-11,Clinic food parking material entertainment express.,Entertainment,251.15,Expense
2023-09-11,Interest pending.,Shopping,1463.43,Expense
2023-09-11,Equipment shop.,Salary,338.11,Income
2023-09-11,Deposit financial.,Entertainment,1280.22,Expense
2023-09-11,Look fight.,Travel,1453.12,Expense
2023-09-12,Material taxi.,Investment,2575.91,Income
2023-09-12,Daily market.,Utilities,668.33,Expense
2023-09-12,Internet clinic health discount contract gross.,Other,2940.5,Income
2023-09-12,Smile have less.,Rent,452.28,Expense
2023-09-12,Material online management deposit.,Other,4381.81,Income
2023-09-12,Section agency lawyer sign them.,Utilities,1894.38,Expense
2023-09-12,Mall investment booking reward grocery tax.,Investment,3866.56,Income
2023-09-12,Business savings deal system.,Investment,2850.83,Income
2023-09-12,Standard market.,Food & Drink,1750.24,Expense
2023-09-12,Financial gross electricity software entertainment system online.,Utilities,1232.18,Expense
2023-09-12,Investment client digital deal.,Entertainment,1299.12,Expense
2023-09-12,Entertainment net adjustment pending.,Utilities,1882.44,Expense
2023-09-13,Audience throw four allow international.,Travel,846.74,Expense
2023-09-13,Premium clinic.,Rent,1873.37,Expense
2023-09-13,Utility taxi water bonus express.,Food & Drink,1354.61,Expense
2023-09-14,War push thousand book half.,Rent,946.37,Expense
2023-09-14,Platform app hardware restaurant fee deposit.,Travel,251.25,Expense
2023-09-14,My some skin ball thing.,Health & Fitness,528.51,Expense
2023-09-14,Hand possible relate night.,Rent,949.72,Expense
2023-09-14,Invoice monthly.,Travel,954.22,Expense
2023-09-14,Financial bus order salary subscription food.,Rent,1308.44,Expense
2023-09-14,Train tools contract.,Shopping,1109.67,Expense
2023-09-14,Contract flight bill business.,Rent,329.61,Expense
2023-09-14,Food clinic order discount mortgage market deposit.,Travel,786.49,Expense
2023-09-15,Train economy plan regular travel personal.,Entertainment,609.78,Expense
2023-09-15,Charge total electricity tax.,Utilities,397.73,Expense
2023-09-15,Vendor monthly direct.,Health & Fitness,1136.23,Expense
2023-09-15,Wonder draw box.,Investment,3626.0,Income
2023-09-15,Equipment monthly project travel charge.,Health & Fitness,63.51,Expense
2023-09-15,Management maintenance freelance debit support water.,Food & Drink,634.33,Expense
2023-09-15,Client plan savings electricity.,Health & Fitness,644.06,Expense
2023-09-15,Software software regular plan advance software.,Utilities,1781.79,Expense
2023-09-15,Special maintenance digital clinic total net bill.,Entertainment,1234.37,Expense
2023-09-15,Flight bonus booking.,Investment,3609.88,Income
2023-09-15,That reflect send set fly.,Shopping,117.58,Expense
2023-09-15,Interest standard.,Rent,1547.0,Expense
2023-09-16,Budget adjustment priority.,Investment,2770.03,Income
2023-09-16,Fuel project transfer.,Salary,1211.26,Income
2023-09-16,Money but report question.,Salary,295.02,Income
2023-09-16,Quite everyone as generation.,Utilities,1984.77,Expense
2023-09-16,Net interest equipment standard special.,Food & Drink,777.1,Expense
2023-09-16,Market parking transfer hardware.,Investment,3435.98,Income
2023-09-16,Credit hardware hardware gross service insurance processed.,Investment,2516.11,Income
2023-09-16,Balance pending annual insurance.,Travel,340.2,Expense
2023-09-17,Maintenance vendor.,Health & Fitness,1146.1,Expense
2023-09-17,Adjustment investment renewal tax gym renewal.,Salary,1425.38,Income
2023-09-17,Parking automatic package deposit bus debit.,Rent,690.34,Expense
2023-09-17,Insurance household system savings water food.,Salary,600.7,Income
2023-09-17,Investment electricity daily market digital.,Travel,1059.48,Expense
2023-09-17,Salary electricity mortgage.,Entertainment,743.07,Expense
2023-09-17,Financial hospital mall order.,Rent,1320.42,Expense
2023-09-17,Credit flight utility.,Salary,841.68,Income
2023-09-17,Account contract hotel maintenance reward deal.,Utilities,1250.48,Expense
2023-09-17,Credit invoice budget digital vendor client deal.,Utilities,1330.91,Expense
2023-09-17,Platform contract payment grocery.,Salary,601.04,Income
2023-09-18,Bonus insurance electricity.,Travel,1146.73,Expense
2023-09-18,Mortgage interest monthly plan reward.,Health & Fitness,1120.53,Expense
2023-09-19,Train fuel project charge train platform savings.,Shopping,85.41,Expense
2023-09-19,Priority package.,Shopping,879.09,Expense
2023-09-19,Order mall electricity equipment economy travel.,Food & Drink,1528.78,Expense
2023-09-19,Electricity bus bus hospital interest household.,Salary,892.13,Income
2023-09-19,Deposit purchase entertainment app package household subscription.,Salary,1236.89,Income
2023-09-19,Entertainment personal store.,Shopping,909.72,Expense
2023-09-19,Premium platform booking daily water annual bonus.,Shopping,1379.81,Expense
2023-09-19,Market freelance support maintenance.,Utilities,979.36,Expense
2023-09-19,Transfer water project financial digital market health.,Food & Drink,552.47,Expense
2023-09-19,Purchase payment financial.,Rent,941.54,Expense
2023-09-20,Subscription online investment automatic.,Other,3009.04,Income
2023-09-20,System reward.,Food & Drink,1407.01,Expense
2023-09-20,Hospital travel processed.,Health & Fitness,740.35,Expense
2023-09-20,Deal adjustment.,Utilities,515.75,Expense
2023-09-20,Online business package.,Food & Drink,629.32,Expense
2023-09-20,Health management.,Utilities,683.04,Expense
2023-09-21,Platform debit food financial store payment deal.,Shopping,746.62,Expense
2023-09-21,Hardware priority pharmacy shop savings regular processed.,Food & Drink,759.22,Expense
2023-09-21,Salary monthly project tools phone.,Shopping,161.98,Expense
2023-09-21,Platform utility train vendor.,Salary,843.46,Income
2023-09-21,Electricity digital monthly freelance shop.,Travel,1154.1,Expense
2023-09-21,Savings budget.,Investment,4701.09,Income
2023-09-21,Throughout leader bag.,Utilities,633.69,Expense
2023-09-21,Daily debit gross freelance mall digital.,Rent,613.15,Expense
2023-09-21,Deal tools online material deposit debit.,Travel,1152.14,Expense
2023-09-21,Later happy pull.,Utilities,1560.09,Expense
2023-09-22,Savings express interest loan gym investment internet.,Salary,123.11,Income
2023-09-22,Discount deal regular financial advance renewal.,Travel,1297.84,Expense
2023-09-22,Monthly internet phone health taxi taxi platform.,Rent,421.22,Expense
2023-09-22,Shop management renewal household.,Rent,375.96,Expense
2023-09-22,Tools tools interest debit parking debit utility.,Travel,1972.06,Expense
2023-09-22,Flight system fee weekly express.,Shopping,921.5,Expense
2023-09-22,Hotel freelance.,Rent,1088.63,Expense
2023-09-23,Annual business water mall gross.,Entertainment,982.9,Expense
2023-09-23,Hardware order.,Salary,929.63,Income
2023-09-23,When baby clearly.,Other,2740.0,Income
2023-09-23,Pharmacy plan taxi weekly direct water service.,Shopping,980.95,Expense
2023-09-23,Bus net advance fuel credit.,Health & Fitness,451.13,Expense
2023-09-23,Renewal invoice entertainment service utility flight.,Health & Fitness,1244.67,Expense
2023-09-23,Household utility budget premium plan standard order.,Rent,1060.88,Expense
2023-09-23,Premium pharmacy restaurant.,Entertainment,300.06,Expense
2023-09-23,Electricity phone advance package.,Utilities,994.61,Expense
2023-09-23,Mall annual equipment restaurant charge annual financial.,Salary,472.6,Income
2023-09-24,Shop network balance health platform utility.,Entertainment,1373.23,Expense
2023-09-24,Contract project standard budget platform subscription flight.,Rent,1204.14,Expense
2023-09-24,Subscription interest phone support automatic entertainment project.,Travel,1506.32,Expense
2023-09-24,Purchase business mall order package deal discount.,Travel,1212.74,Expense
2023-09-24,Platform health bonus.,Rent,618.69,Expense
2023-09-24,Contract invoice express shop.,Travel,1853.03,Expense
2023-09-24,Many themselves minute.,Utilities,1156.8,Expense
2023-09-24,Charge electricity digital.,Rent,1330.82,Expense
2023-09-24,Adjustment loan regular hardware contract.,Health & Fitness,955.93,Expense
2023-09-25,Food app online network loan.,Shopping,1283.51,Expense
2023-09-25,Project purchase bill household payment travel express.,Travel,1250.61,Expense
2023-09-25,Flight business pending contract.,Other,2648.02,Income
2023-09-25,Freelance maintenance maintenance digital.,Utilities,1674.62,Expense
2023-09-25,Train advance maintenance material electricity budget.,Shopping,1293.99,Expense
2023-09-25,Grocery restaurant express premium.,Rent,543.88,Expense
2023-09-26,Loan bill app processed clinic invoice.,Travel,1050.59,Expense
2023-09-26,Monthly deposit investment train client online.,Food & Drink,861.9,Expense
2023-09-26,Bus hardware special investment priority electricity bonus.,Investment,4151.28,Income
2023-09-26,Online hardware personal maintenance phone.,Salary,918.33,Income
2023-09-26,Clinic direct water train daily app entertainment.,Rent,747.18,Expense
2023-09-26,Digital fuel maintenance subscription.,Investment,2038.04,Income
2023-09-27,Discount app balance loan hospital market vendor.,Other,3742.89,Income
2023-09-27,Renewal regular purchase app client.,Food & Drink,472.89,Expense
2023-09-27,Bonus maintenance freelance weekly management.,Shopping,318.33,Expense
2023-09-27,Mortgage contract savings interest deposit.,Health & Fitness,264.44,Expense
2023-09-28,Financial gross account bus total household.,Food & Drink,779.63,Expense
2023-09-28,Indicate radio use.,Investment,1560.0,Income
2023-09-29,Fuel invoice.,Utilities,1679.83,Expense
2023-09-29,Account special charge total utility interest.,Rent,886.73,Expense
2023-09-29,Loan mortgage economy gym.,Entertainment,667.72,Expense
2023-09-29,Vendor gym interest interest interest.,Investment,2468.39,Income
2023-09-29,Market gross subscription premium restaurant grocery support.,Salary,963.07,Income
2023-09-29,Annual flight.,Rent,1124.04,Expense
2023-09-29,Economy transfer app insurance.,Rent,978.18,Expense
2023-09-29,Information scene again country.,Shopping,812.75,Expense
2023-09-29,Support gross market bonus project.,Health & Fitness,170.41,Expense
2023-09-29,Clinic financial maintenance special contract.,Investment,2924.76,Income
2023-09-30,Health reward total.,Rent,1556.25,Expense
2023-09-30,Bill investment transfer payment.,Food & Drink,1174.35,Expense
2023-09-30,Utility household.,Food & Drink,1570.63,Expense
2023-09-30,Platform standard network entertainment package weekly annual.,Travel,702.09,Expense
2023-09-30,Gym gross phone.,Investment,1653.97,Income
2023-09-30,Mortgage restaurant.,Travel,1177.67,Expense
2023-10-01,Taxi mall parking grocery.,Travel,545.38,Expense
2023-10-01,Pharmacy package economy.,Entertainment,345.44,Expense
2023-10-01,Gym regular.,Shopping,811.46,Expense
2023-10-02,Salary reward vendor total.,Other,4865.67,Income
2023-10-02,Mall tools weekly payment regular pending credit.,Salary,1710.44,Income
2023-10-02,Express electricity.,Rent,1478.65,Expense
2023-10-02,Tax invoice network.,Food & Drink,1195.54,Expense
2023-10-02,Utility direct.,Food & Drink,394.98,Expense
2023-10-03,Strong mind from.,Shopping,19.29,Expense
2023-10-04,Payment software.,Travel,1243.32,Expense
2023-10-04,Train charge train tools booking.,Shopping,742.03,Expense
2023-10-04,Charge pharmacy.,Travel,316.12,Expense
2023-10-04,Pretty skin main program.,Health & Fitness,1900.64,Expense
2023-10-04,Knowledge fight car smile commercial.,Entertainment,45.65,Expense
2023-10-05,Clinic digital tax.,Shopping,341.3,Expense
2023-10-05,Adjustment investment weekly parking annual hotel app.,Travel,727.67,Expense
2023-10-05,Machine wife show.,Investment,2353.0,Income
2023-10-06,Good lay coach.,Health & Fitness,631.06,Expense
2023-10-06,Adjustment transfer tax.,Food & Drink,1911.46,Expense
2023-10-06,Tax online weekly internet.,Investment,4468.87,Income
2023-10-06,Maintenance internet discount maintenance utility flight software.,Rent,309.83,Expense
2023-10-06,Market debit personal.,Health & Fitness,410.79,Expense
2023-10-07,Net subscription adjustment personal mortgage.,Salary,1044.82,Income
2023-10-07,Support standard bonus regular business net.,Travel,495.02,Expense
2023-10-07,Fuel standard clinic debit economy bus.,Rent,1083.76,Expense
2023-10-07,Discount pharmacy charge premium parking.,Travel,836.32,Expense
2023-10-07,Direct online booking clinic delivery deal.,Other,2162.88,Income
2023-10-07,Mall financial client software service gross.,Rent,1572.44,Expense
2023-10-07,Support taxi reward entertainment gross market charge.,Food & Drink,1642.73,Expense
2023-10-08,Employee continue none alone.,Salary,1458.39,Income
2023-10-08,Draw american first.,Investment,2942.0,Income
2023-10-08,Automatic advance fee.,Food & Drink,1067.37,Expense
2023-10-08,Expect win stuff realize project.,Other,1868.0,Income
2023-10-09,Business annual plan.,Utilities,1678.1,Expense
2023-10-09,Challenge large wish move.,Health & Fitness,872.99,Expense
2023-10-09,Daily train gym tools grocery economy entertainment.,Health & Fitness,786.96,Expense
2023-10-09,Plan business platform water shop.,Investment,4162.6,Income
2023-10-09,Identify material.,Utilities,692.04,Expense
2023-10-10,Purchase utility express purchase food.,Entertainment,1482.92,Expense
2023-10-10,Purchase tools renewal advance client.,Travel,1392.88,Expense
2023-10-10,Salary restaurant parking insurance digital booking.,Other,1677.65,Income
2023-10-10,Personal gym taxi train.,Entertainment,808.45,Expense
2023-10-10,Gross fuel household savings water salary.,Utilities,1513.38,Expense
2023-10-10,Service daily subscription.,Other,2182.52,Income
2023-10-10,Market clinic priority reward fee.,Travel,1611.1,Expense
2023-10-11,Regular daily equipment taxi plan.,Shopping,1515.39,Expense
2023-10-11,Until choose wife national.,Health & Fitness,1502.73,Expense
2023-10-11,Monthly delivery loan.,Salary,1104.16,Income
2023-10-11,Booking transfer savings.,Other,4653.27,Income
2023-10-11,Bus payment.,Utilities,1430.73,Expense
2023-10-12,Maintenance contract taxi adjustment health.,Shopping,1643.43,Expense
2023-10-12,Taxi automatic purchase store.,Entertainment,1032.79,Expense
2023-10-12,System gym mortgage network renewal.,Travel,1538.89,Expense
2023-10-12,Payment travel network tools shop plan material.,Rent,1809.23,Expense
2023-10-12,Special software gross discount investment.,Travel,1275.07,Expense
2023-10-12,Subscription package adjustment.,Travel,1231.05,Expense
2023-10-12,Health reward premium freelance.,Other,3462.66,Income
2023-10-12,Management market business reward renewal hotel.,Investment,4241.0,Income
2023-10-12,Balance electricity.,Food & Drink,1676.71,Expense
2023-10-12,Booking internet client.,Investment,2123.25,Income
2023-10-12,Personal daily delivery order debit.,Entertainment,752.46,Expense
2023-10-12,Management weekly.,Other,3300.01,Income
2023-10-12,Parking interest annual software pending direct standard.,Food & Drink,1398.5,Expense
2023-10-13,Phone invoice personal.,Entertainment,904.53,Expense
2023-10-13,App interest.,Food & Drink,1045.65,Expense
2023-10-13,Financial booking pharmacy shop.,Rent,1637.21,Expense
2023-10-13,Positive far time wide.,Other,656.0,Income
2023-10-13,Network pharmacy priority shop savings.,Travel,991.73,Expense
2023-10-14,Network discount.,Food & Drink,954.36,Expense
2023-10-14,Rule too.,Investment,1508.0,Income
2023-10-14,Fee investment project.,Entertainment,351.01,Expense
2023-10-14,Son rock two.,Utilities,430.27,Expense
2023-10-14,Online service.,Salary,1759.36,Income
2023-10-14,Health clinic freelance material.,Health & Fitness,854.52,Expense
2023-10-14,Deal taxi.,Food & Drink,1739.08,Expense
2023-10-14,Bonus vendor.,Utilities,1186.43,Expense
2023-10-14,Personal train economy restaurant plan economy.,Salary,1836.13,Income
2023-10-14,Bus charge grocery fee entertainment booking material.,Travel,1515.92,Expense
2023-10-14,System advance subscription package bill tools.,Travel,648.8,Expense
2023-10-14,Service account purchase invoice.,Salary,1568.34,Income
2023-10-14,Annual debit priority.,Investment,1170.84,Income
2023-10-15,Part crime.,Food & Drink,1191.91,Expense
2023-10-15,Contract premium app clinic insurance business maintenance.,Food & Drink,1219.37,Expense
2023-10-15,Financial discount train platform.,Other,3344.55,Income
2023-10-15,Bring agent pay detail group.,Food & Drink,756.63,Expense
2023-10-15,Tools fuel processed app processed.,Health & Fitness,228.26,Expense
2023-10-16,Electricity discount.,Food & Drink,1225.23,Expense
2023-10-16,Sit short cultural.,Investment,661.0,Income
2023-10-17,Economy daily network package app train.,Health & Fitness,521.21,Expense
2023-10-17,Financial credit pharmacy platform.,Investment,534.74,Income
2023-10-17,Owner memory argue project.,Rent,1099.09,Expense
2023-10-17,Direct processed fee vendor.,Health & Fitness,1778.46,Expense
2023-10-17,Insurance household annual water advance tools.,Salary,1774.21,Income
2023-10-17,Renewal pending.,Salary,390.41,Income
2023-10-17,Support quality whatever wish hour.,Investment,3914.0,Income
2023-10-18,Food gym delivery insurance management entertainment.,Shopping,1394.34,Expense
2023-10-18,Package tools insurance.,Salary,665.4,Income
2023-10-18,Order market invoice delivery.,Health & Fitness,640.62,Expense
2023-10-18,Monthly investment phone.,Utilities,1469.26,Expense
2023-10-18,Maintenance fee tools restaurant.,Salary,529.7,Income
2023-10-18,Account project gross standard market.,Utilities,836.03,Expense
2023-10-19,Total freelance train personal package.,Health & Fitness,404.27,Expense
2023-10-19,System network.,Investment,2138.61,Income
2023-10-19,Subscription hotel regular financial business.,Utilities,802.51,Expense
2023-10-19,Client regular internet maintenance project.,Food & Drink,130.18,Expense
2023-10-19,Tax balance payment service fee hotel mortgage.,Shopping,1343.04,Expense
2023-10-19,Grocery booking booking.,Travel,993.45,Expense
2023-10-19,Maintenance delivery deposit parking internet total.,Health & Fitness,861.47,Expense
2023-10-19,Premium balance software online household renewal.,Health & Fitness,1550.26,Expense
2023-10-20,Weekly management household total support vendor economy.,Shopping,875.42,Expense
2023-10-20,Purchase entertainment reward daily credit adjustment electricity.,Shopping,30.23,Expense
2023-10-20,Freelance budget hotel vendor special support.,Entertainment,1702.35,Expense
2023-10-20,Flight contract.,Shopping,1178.31,Expense
2023-10-20,Grocery platform.,Salary,1361.4,Income
2023-10-20,Debit client package subscription credit app.,Food & Drink,1374.82,Expense
2023-10-20,Grocery invoice bonus online subscription.,Salary,1362.28,Income
2023-10-21,Automatic package business loan.,Shopping,57.28,Expense
2023-10-21,Service net.,Entertainment,1047.92,Expense
2023-10-21,Discount contract charge fee premium insurance.,Shopping,944.09,Expense
2023-10-21,Bill food order service delivery financial water.,Rent,1296.55,Expense
2023-10-22,Platform debit.,Travel,649.43,Expense
2023-10-22,Service pending direct shop internet total gross.,Entertainment,564.74,Expense
2023-10-22,Water gym special.,Other,1192.73,Income
2023-10-22,Daily platform balance booking automatic platform.,Health & Fitness,1139.25,Expense
2023-10-22,Hotel household mortgage.,Entertainment,795.27,Expense
2023-10-23,Business flight bill.,Investment,4481.14,Income
2023-10-23,Charge gross train.,Investment,2421.06,Income
2023-10-23,Adjustment material.,Shopping,982.11,Expense
2023-10-23,Network project hardware internet network.,Salary,666.6,Income
2023-10-24,Economy flight bus salary debit weekly economy.,Shopping,102.32,Expense
2023-10-24,Net account delivery flight.,Travel,1316.51,Expense
2023-10-24,Food discount monthly purchase monthly restaurant.,Rent,1229.17,Expense
2023-10-24,Mortgage hardware restaurant hardware regular software.,Other,2583.43,Income
2023-10-24,Grocery budget priority platform annual total.,Shopping,1224.41,Expense
2023-10-24,Special grocery shop project hotel.,Utilities,137.84,Expense
2023-10-25,Vendor clinic vendor fuel regular.,Travel,1231.12,Expense
2023-10-25,Standard processed flight order.,Salary,534.92,Income
2023-10-25,Contract direct order software parking.,Other,1442.94,Income
2023-10-25,App maintenance.,Salary,1419.2,Income
2023-10-25,Budget deposit taxi maintenance bill contract.,Entertainment,922.98,Expense
2023-10-26,Regular standard personal.,Investment,3649.95,Income
2023-10-26,Loan flight utility debit tax.,Travel,151.24,Expense
2023-10-26,Mall daily platform.,Entertainment,1176.28,Expense
2023-10-26,Freelance balance tools daily service pending mortgage.,Health & Fitness,1043.71,Expense
2023-10-27,General final knowledge.,Food & Drink,609.22,Expense
2023-10-27,Contract bus grocery total.,Entertainment,986.56,Expense
2023-10-27,Mortgage service purchase internet.,Rent,1271.04,Expense
2023-10-27,Savings total deal software automatic net discount.,Travel,940.9,Expense
2023-10-27,Annual total bill vendor discount.,Salary,665.26,Income
2023-10-27,Respond into history.,Utilities,418.93,Expense
2023-10-27,Special monthly daily market.,Shopping,424.83,Expense
2023-10-28,Internet shop daily gym mall.,Travel,1024.28,Expense
2023-10-28,Special gym delivery budget special weekly account.,Other,2452.38,Income
2023-10-28,Monthly deposit utility.,Health & Fitness,1063.84,Expense
2023-10-28,Bus purchase support.,Salary,279.63,Income
2023-10-28,Hotel mortgage fuel clinic priority savings financial.,Entertainment,1537.95,Expense
2023-10-28,Material hotel balance utility internet account online.,Other,2546.47,Income
2023-10-28,Premium bonus market subscription savings delivery.,Rent,1411.33,Expense
2023-10-28,Interest credit health bill invoice material discount.,Shopping,412.44,Expense
2023-10-29,Transfer shop.,Health & Fitness,1257.86,Expense
2023-10-29,Democratic thousand.,Travel,1249.37,Expense
2023-10-29,Electricity hardware.,Shopping,1566.31,Expense
2023-10-29,Total service store.,Health & Fitness,328.21,Expense
2023-10-30,Payment mall.,Travel,1158.43,Expense
2023-10-30,Shop mall reward hotel bill tools transfer.,Rent,408.96,Expense
2023-10-30,Online support total.,Investment,4600.58,Income
2023-10-30,Special online reward advance adjustment.,Food & Drink,778.08,Expense
2023-10-30,System net daily subscription balance mall digital.,Rent,1354.56,Expense
2023-10-30,Weekly monthly.,Shopping,506.24,Expense
2023-10-30,Eye south wife interest.,Shopping,1663.0,Expense
2023-10-30,Store grocery gross parking plan.,Entertainment,658.32,Expense
2023-10-30,Structure our century.,Investment,2815.0,Income
2023-10-30,Net bill account utility transfer discount client.,Rent,573.13,Expense
2023-11-01,Train interest renewal.,Food & Drink,1833.63,Expense
2023-11-01,Water financial processed platform.,Utilities,911.74,Expense
2023-11-01,App tax.,Entertainment,920.93,Expense
2023-11-01,Charge balance insurance account advance direct.,Food & Drink,1165.69,Expense
2023-11-01,Regular client daily material express mortgage.,Entertainment,1066.36,Expense
2023-11-01,Discount pharmacy.,Investment,1985.85,Income
2023-11-01,Water personal investment net.,Salary,969.26,Income
2023-11-01,Hardware package internet.,Investment,2246.31,Income
2023-11-01,Adjustment equipment interest investment gym bonus investment.,Food & Drink,270.47,Expense
2023-11-01,Bonus mall package maintenance water loan parking.,Investment,2561.03,Income
2023-11-02,Deal plan.,Health & Fitness,348.12,Expense
2023-11-02,Platform plan grocery app water credit.,Food & Drink,1592.92,Expense
2023-11-02,Food material shop.,Salary,1338.99,Income
2023-11-02,Salary interest total digital transfer monthly.,Health & Fitness,856.9,Expense
2023-11-02,Taxi order restaurant household.,Shopping,607.16,Expense
2023-11-02,Order weekly.,Rent,619.1,Expense
2023-11-02,Charge food train.,Rent,470.81,Expense
2023-11-02,Loan reward salary.,Shopping,1202.02,Expense
2023-11-03,Pending service credit fee gym.,Shopping,222.42,Expense
2023-11-03,Net investment credit network bus annual train.,Health & Fitness,353.0,Expense
2023-11-03,Market weekly premium flight.,Other,2649.89,Income
2023-11-03,Gross electricity annual adjustment software.,Investment,2796.34,Income
2023-11-03,Gross material net parking delivery mall.,Utilities,1017.77,Expense
2023-11-03,Store purchase economy.,Health & Fitness,1283.69,Expense
2023-11-03,Household maintenance balance booking order direct.,Other,2044.67,Income
2023-11-03,Processed tools personal flight.,Entertainment,1375.21,Expense
2023-11-03,Balance investment order hotel food monthly fuel.,Salary,1050.16,Income
2023-11-03,Bonus processed taxi delivery adjustment.,Food & Drink,1345.44,Expense
2023-11-03,Store material digital bill.,Salary,1552.81,Income
2023-11-04,Insurance express.,Entertainment,1222.66,Expense
2023-11-04,Personal hospital electricity entertainment annual.,Salary,1190.27,Income
2023-11-04,Gym debit vendor network annual.,Other,3138.32,Income
2023-11-04,Write moment friend value.,Investment,4577.0,Income
2023-11-04,Contract plan weekly software system budget.,Health & Fitness,1330.67,Expense
2023-11-04,System shop hardware balance.,Health & Fitness,1200.81,Expense
2023-11-04,Gross maintenance shop budget bonus.,Salary,1095.91,Income
2023-11-04,Flight travel electricity bus adjustment pending hardware.,Travel,205.91,Expense
2023-11-04,Digital annual purchase.,Investment,2935.28,Income
2023-11-05,Grocery service.,Rent,1527.81,Expense
2023-11-05,Direct personal balance.,Salary,1624.5,Income
2023-11-05,Client deposit parking.,Health & Fitness,613.62,Expense
2023-11-05,Maintenance processed.,Utilities,1559.03,Expense
2023-11-05,Insurance phone project grocery digital.,Food & Drink,995.15,Expense
2023-11-05,Bus monthly fuel salary deposit internet.,Food & Drink,1358.61,Expense
2023-11-05,According police.,Investment,2654.0,Income
2023-11-05,Health software personal.,Other,3335.52,Income
2023-11-05,System budget budget premium project digital water.,Utilities,1353.25,Expense
2023-11-06,Savings transfer.,Shopping,1323.37,Expense
2023-11-06,Gross pending deposit.,Entertainment,1018.63,Expense
2023-11-06,System taxi gym health.,Food & Drink,907.63,Expense
2023-11-07,Software total deposit contract.,Salary,527.16,Income
2023-11-07,Grocery client.,Rent,1704.7,Expense
2023-11-08,Account reward balance deposit shop pharmacy pharmacy.,Salary,782.6,Income
2023-11-08,Strategy face make.,Utilities,88.42,Expense
2023-11-08,Market payment pending priority store flight purchase.,Health & Fitness,312.7,Expense
2023-11-08,Company left nothing trip.,Entertainment,722.26,Expense
2023-11-08,Project advance account gym investment.,Other,2489.94,Income
2023-11-08,Purchase fuel daily gym.,Travel,864.8,Expense
2023-11-08,Fight nice less agree able.,Entertainment,1379.53,Expense
2023-11-08,Annual balance.,Entertainment,928.14,Expense
2023-11-08,Fee charge software client economy standard.,Travel,1448.79,Expense
2023-11-09,Grocery total hardware loan service.,Rent,769.71,Expense
2023-11-09,Conference trade population agreement.,Rent,1672.11,Expense
2023-11-09,Monthly network invoice.,Utilities,1381.7,Expense
2023-11-09,Digital salary delivery daily.,Other,2999.13,Income
2023-11-09,What strong line.,Entertainment,15.45,Expense
2023-11-09,Parking vendor deposit.,Salary,895.03,Income
2023-11-09,Grocery travel project grocery.,Travel,1812.07,Expense
2023-11-10,Investment net order support total invoice.,Rent,940.81,Expense
2023-11-10,Special economy.,Rent,456.47,Expense
2023-11-10,Tax gross hotel.,Rent,462.8,Expense
2023-11-10,Order client health payment.,Salary,619.73,Income
2023-11-10,Taxi train renewal pharmacy train deposit.,Shopping,1209.52,Expense
2023-11-10,Subscription support charge investment.,Rent,896.84,Expense
2023-11-10,Household network.,Utilities,1000.01,Expense
2023-11-10,Budget online debit balance project electricity.,Health & Fitness,1729.43,Expense
2023-11-10,Monthly service service deal material salary weekly.,Rent,1028.98,Expense
2023-11-11,Bonus vendor health deposit food processed.,Health & Fitness,1232.02,Expense
2023-11-11,Package total electricity hotel management.,Food & Drink,1178.09,Expense
2023-11-11,Store freelance tax hotel deposit.,Travel,1392.7,Expense
2023-11-11,Monthly fuel support reward.,Entertainment,847.8,Expense
2023-11-11,Than physical live reason.,Rent,1449.89,Expense
2023-11-11,Internet transfer priority priority savings.,Other,2046.01,Income
2023-11-11,Yes at seat ok.,Utilities,1899.4,Expense
2023-11-11,Adjustment subscription pending net debit household monthly.,Salary,1610.98,Income
2023-11-11,Bus pending shop package investment tax personal.,Investment,2576.88,Income
2023-11-11,Hotel mall travel deal balance contract.,Food & Drink,1112.46,Expense
2023-11-12,Network financial interest fee project invoice.,Investment,3396.81,Income
2023-11-12,Annual purchase plan premium.,Shopping,564.11,Expense
2023-11-12,Advance express bill charge grocery pharmacy.,Entertainment,408.44,Expense
2023-11-12,Salary management support service.,Rent,1899.97,Expense
2023-11-12,Budget hotel utility charge.,Travel,671.97,Expense
2023-11-12,Deal reward total.,Other,1555.61,Income
2023-11-12,Subscription entertainment management support.,Food & Drink,1078.99,Expense
2023-11-12,Taxi net balance account bill payment.,Rent,1132.23,Expense
2023-11-12,Salary mortgage.,Other,3928.63,Income
2023-11-12,Reward internet water fuel mortgage.,Travel,1968.69,Expense
2023-11-12,Mall account grocery management savings order digital.,Salary,492.85,Income
2023-11-13,Mention offer suddenly clear.,Other,2393.0,Income
2023-11-13,Package mall bus weekly savings.,Health & Fitness,1207.58,Expense
2023-11-13,Vendor client client clinic net monthly transfer.,Food & Drink,1288.32,Expense
2023-11-13,Project plan delivery taxi.,Salary,911.61,Income
2023-11-13,Delivery household.,Food & Drink,700.05,Expense
2023-11-13,Advance entertainment.,Travel,1380.22,Expense
2023-11-14,Evening information.,Investment,823.0,Income
2023-11-14,Support travel automatic contract invoice.,Rent,580.55,Expense
2023-11-14,Floor there career.,Travel,535.61,Expense
2023-11-14,Store platform payment.,Health & Fitness,917.93,Expense
2023-11-14,Project pending flight.,Health & Fitness,1477.52,Expense
2023-11-14,Gym balance electricity utility travel mall credit.,Travel,765.5,Expense
2023-11-14,Booking store net debit household network.,Rent,569.92,Expense
2023-11-14,Payment flight.,Travel,1118.08,Expense
2023-11-14,Market taxi delivery account invoice credit.,Investment,4734.27,Income
2023-11-15,Account freelance account household material transfer.,Food & Drink,791.76,Expense
2023-11-15,Support debit direct regular internet.,Food & Drink,1160.62,Expense
2023-11-15,Online salary restaurant parking.,Investment,2790.48,Income
2023-11-15,Parking train economy contract plan pharmacy.,Health & Fitness,794.24,Expense
2023-11-15,Utility net bonus bonus economy.,Utilities,1951.94,Expense
2023-11-15,Face morning.,Health & Fitness,1605.18,Expense
2023-11-15,Special bonus.,Health & Fitness,819.6,Expense
2023-11-15,Utility subscription purchase software.,Other,3908.57,Income
2023-11-15,Contract support electricity.,Shopping,692.66,Expense
2023-11-16,Daily payment bonus food.,Other,2210.2,Income
2023-11-17,Hotel special.,Shopping,1731.14,Expense
2023-11-17,Salary economy restaurant household loan.,Other,3346.25,Income
2023-11-17,Create physical share out cold.,Rent,199.05,Expense
2023-11-18,Equipment service pending daily.,Entertainment,946.28,Expense
2023-11-18,Annual shop water deal equipment regular hotel.,Utilities,1433.17,Expense
2023-11-18,Budget interest personal adjustment clinic mall.,Entertainment,1395.52,Expense
2023-11-18,Net salary fee daily charge weekly adjustment.,Salary,514.5,Income
2023-11-18,Step rate feeling rate.,Food & Drink,29.25,Expense
2023-11-19,Plan monthly booking package grocery.,Entertainment,581.46,Expense
2023-11-19,Financial pending premium order network daily personal.,Entertainment,728.3,Expense
2023-11-20,Gross fuel renewal special household invoice booking.,Health & Fitness,302.35,Expense
2023-11-20,Hotel premium restaurant advance tax payment system.,Entertainment,1636.87,Expense
2023-11-20,Fuel investment travel hospital.,Entertainment,1715.94,Expense
2023-11-20,Insurance support tools savings gross monthly net.,Travel,1027.99,Expense
2023-11-20,Plan platform pharmacy weekly booking pending financial.,Food & Drink,771.99,Expense
2023-11-20,Support hardware hardware tools special.,Health & Fitness,1823.87,Expense
2023-11-20,Economy software material hotel monthly network tools.,Health & Fitness,1719.51,Expense
2023-11-20,Electricity food account store monthly clinic.,Rent,536.82,Expense
2023-11-21,Deposit express priority tax pending hardware.,Rent,1013.99,Expense
2023-11-21,Move goal.,Investment,3192.0,Income
2023-11-21,Health gym bus purchase utility.,Food & Drink,1166.83,Expense
2023-11-21,Water market.,Salary,790.58,Income
2023-11-21,Carry example.,Salary,1910.63,Income
2023-11-21,Monthly invoice network mall investment standard.,Food & Drink,1006.04,Expense
2023-11-21,Premium deposit restaurant online entertainment restaurant electricity.,Food & Drink,1393.43,Expense
2023-11-21,Train hotel gym market.,Salary,1089.03,Income
2023-11-21,Charge taxi system.,Shopping,462.31,Expense
2023-11-22,Future treat bill choice.,Rent,751.52,Expense
2023-11-22,Insurance health.,Utilities,1245.29,Expense
2023-11-22,Savings daily pending.,Travel,949.27,Expense
2023-11-22,Platform grocery water.,Shopping,608.33,Expense
2023-11-22,Renewal special debit.,Entertainment,142.03,Expense
2023-11-22,Plan client bill net credit internet.,Utilities,1020.96,Expense
2023-11-22,Restaurant entertainment deposit maintenance regular.,Salary,632.56,Income
2023-11-23,System shop project transfer.,Utilities,995.5,Expense
2023-11-23,Somebody next ready.,Rent,807.55,Expense
2023-11-23,Republican reduce sort individual trouble.,Travel,1673.06,Expense
2023-11-23,Order priority interest software.,Travel,1246.15,Expense
2023-11-23,Bill economy health tax.,Other,3222.74,Income
2023-11-23,Equipment electricity advance software market.,Food & Drink,1859.44,Expense
2023-11-23,Weekly express tax.,Rent,1628.94,Expense
2023-11-24,Investment reward daily fee hospital budget utility.,Shopping,699.94,Expense
2023-11-24,Grocery entertainment pending deposit total train personal.,Other,3404.25,Income
2023-11-24,Market equipment flight weekly management deposit tools.,Rent,1189.04,Expense
2023-11-24,Net tools household monthly pharmacy online.,Health & Fitness,825.23,Expense
2023-11-25,Loan savings standard financial system advance.,Travel,737.29,Expense
2023-11-25,Premium adjustment investment equipment taxi savings.,Food & Drink,518.29,Expense
2023-11-25,Project booking priority.,Shopping,1952.23,Expense
2023-11-25,Credit equipment maintenance train charge delivery client.,Travel,488.31,Expense
2023-11-25,Electricity project system.,Salary,1199.95,Income
2023-11-25,Network tools electricity fee clinic.,Food & Drink,1355.9,Expense
2023-11-25,Daily credit restaurant mortgage mortgage charge.,Other,2484.56,Income
2023-11-26,Household mall restaurant deposit mall.,Travel,1378.51,Expense
2023-11-26,Adjustment flight taxi annual vendor hardware.,Other,3423.12,Income
2023-11-26,Plan automatic bill bus project deposit.,Food & Drink,1245.48,Expense
2023-11-26,Stage threat our.,Utilities,234.98,Expense
2023-11-26,Report agreement sport.,Food & Drink,1963.32,Expense
2023-11-26,Task central dinner.,Rent,837.9,Expense
2023-11-26,Food discount plan premium app digital premium.,Health & Fitness,1522.3,Expense
2023-11-26,Type look find.,Salary,1601.8,Income
2023-11-27,Hotel delivery fee software travel salary phone.,Investment,2885.17,Income
2023-11-27,Freelance clinic salary monthly daily weekly premium.,Rent,1569.6,Expense
2023-11-27,Affect machine.,Health & Fitness,1226.6,Expense
2023-11-27,Tax health advance.,Rent,161.62,Expense
2023-11-27,Adjustment economy freelance.,Salary,1190.42,Income
2023-11-27,Insurance client plan plan priority pending household.,Travel,895.56,Expense
2023-11-27,Candidate bad real.,Salary,370.71,Income
2023-11-27,Interest account personal booking entertainment.,Shopping,515.28,Expense
2023-11-28,Business pending direct deposit priority annual clinic.,Investment,2263.13,Income
2023-11-28,Tax gross.,Salary,1779.25,Income
2023-11-28,Arrive budget education at property.,Shopping,886.97,Expense
2023-11-28,Cultural allow.,Utilities,971.33,Expense
2023-11-28,Internet budget mortgage.,Utilities,91.39,Expense
2023-11-28,System account savings reward grocery project.,Health & Fitness,1321.97,Expense
2023-11-28,Software equipment automatic pending advance charge.,Travel,1055.0,Expense
2023-11-28,Entertainment equipment.,Travel,819.5,Expense
2023-11-28,Utility mortgage deposit maintenance.,Health & Fitness,1047.48,Expense
2023-11-28,Travel taxi balance adjustment economy monthly.,Food & Drink,1495.48,Expense
2023-11-29,Budget train purchase support.,Investment,3110.53,Income
2023-11-29,Balance hotel maintenance deal renewal tools.,Health & Fitness,1922.02,Expense
2023-11-29,Turn day top.,Other,601.0,Income
2023-11-29,Phone budget delivery contract train.,Shopping,713.66,Expense
2023-11-29,Balance daily equipment deposit gross.,Travel,1178.36,Expense
2023-11-30,Bill package subscription market.,Entertainment,1749.35,Expense
2023-11-30,Vendor client client food.,Utilities,1189.66,Expense
2023-12-01,Fee salary shop daily.,Shopping,569.0,Expense
2023-12-01,Charge payment grocery deposit gross loan hospital.,Rent,1561.07,Expense
2023-12-01,Gross daily project entertainment gym flight priority.,Utilities,837.1,Expense
2023-12-01,Personal phone fee software loan total.,Travel,609.03,Expense
2023-12-01,Digital network digital tax hotel.,Salary,688.41,Income
2023-12-01,Automatic debit.,Utilities,1460.05,Expense
2023-12-02,Package savings tools software delivery.,Utilities,1210.69,Expense
2023-12-02,Delivery charge electricity service booking advance contract.,Rent,1399.25,Expense
2023-12-03,Balance tax monthly reward utility online pharmacy.,Rent,1285.56,Expense
2023-12-03,App flight salary bill.,Salary,1204.61,Income
2023-12-04,Credit direct contract household client taxi.,Shopping,1356.67,Expense
2023-12-04,Parking network annual account fee material project.,Shopping,982.6,Expense
2023-12-04,Salary gym.,Health & Fitness,423.36,Expense
2023-12-04,Entertainment fee health standard.,Food & Drink,1731.28,Expense
2023-12-04,Hardware material savings store.,Food & Drink,1441.3,Expense
2023-12-04,Total daily regular hotel phone service plan.,Salary,1684.75,Income
2023-12-05,Ahead certainly second everyone.,Entertainment,1956.01,Expense
2023-12-05,Taxi online salary economy app.,Other,3180.75,Income
2023-12-05,Bonus network reward tax client.,Health & Fitness,481.58,Expense
2023-12-05,Goal talk sit party.,Health & Fitness,1043.01,Expense
2023-12-06,Salary adjustment.,Health & Fitness,358.24,Expense
2023-12-06,Parking material client phone.,Shopping,394.02,Expense
2023-12-06,Booking investment budget platform train regular payment.,Rent,385.28,Expense
2023-12-06,Personal software shop equipment.,Salary,788.48,Income
2023-12-06,Reward parking deal plan digital pharmacy phone.,Other,2539.82,Income
2023-12-06,Business delivery charge flight weekly.,Shopping,967.13,Expense
2023-12-06,Pharmacy app savings material renewal discount total.,Rent,948.25,Expense
2023-12-06,App booking transfer subscription.,Investment,3397.0,Income
2023-12-06,Attention standard shake more respond.,Rent,871.37,Expense
2023-12-07,Mall utility.,Rent,1735.1,Expense
2023-12-07,Entertainment platform annual.,Shopping,648.67,Expense
2023-12-07,Material deal.,Salary,1400.82,Income
2023-12-07,Automatic delivery.,Shopping,1136.07,Expense
2023-12-07,Weekly net household.,Food & Drink,1625.65,Expense
2023-12-07,Gross fuel deal regular client.,Travel,623.69,Expense
2023-12-07,Pending charge household.,Health & Fitness,1217.46,Expense
2023-12-07,Order train clinic order.,Travel,336.62,Expense
2023-12-08,Credit material service.,Travel,1591.56,Expense
2023-12-08,Annual tax subscription charge deposit.,Salary,1032.53,Income
2023-12-08,Travel household salary renewal.,Health & Fitness,605.88,Expense
2023-12-08,Top mr wind.,Salary,698.04,Income
2023-12-09,Turn surface listen.,Shopping,305.82,Expense
2023-12-09,Business client order.,Investment,2520.72,Income
2023-12-09,Flight monthly support transfer hotel service plan.,Rent,1055.88,Expense
2023-12-09,Fuel equipment.,Shopping,1401.12,Expense
2023-12-09,Annual water.,Shopping,1162.44,Expense
2023-12-09,Gym interest clinic hospital salary management.,Utilities,1158.11,Expense
2023-12-09,Pull blue strong wonder.,Food & Drink,33.17,Expense
2023-12-09,Software clinic order daily electricity.,Rent,143.92,Expense
2023-12-10,Freelance grocery package gym deposit travel deposit.,Other,4070.34,Income
2023-12-10,Entertainment shop reward electricity support pending.,Rent,657.91,Expense
2023-12-10,Regular fuel gym freelance fuel hardware.,Salary,1054.56,Income
2023-12-10,Hospital purchase charge special.,Investment,2917.39,Income
2023-12-10,Priority platform deal material debit parking bonus.,Food & Drink,1592.24,Expense
2023-12-10,Method imagine seven.,Salary,1705.22,Income
2023-12-10,Tax plan order system phone payment balance.,Travel,1580.78,Expense
2023-12-10,Salary net booking travel food.,Shopping,1361.98,Expense
2023-12-11,Online software contract credit special renewal.,Shopping,539.59,Expense
2023-12-11,Letter mind many.,Rent,1505.35,Expense
2023-12-11,Automatic credit mall network internet deposit.,Rent,256.87,Expense
2023-12-11,Software utility plan grocery mall deal.,Salary,357.5,Income
2023-12-11,Deal deal priority savings investment.,Investment,1648.16,Income
2023-12-11,Restaurant investment parking.,Health & Fitness,486.85,Expense
2023-12-11,Express loan economy app bill.,Investment,782.64,Income
2023-12-12,Tax tools software priority food.,Health & Fitness,1885.98,Expense
2023-12-12,Total client financial delivery balance clinic processed.,Investment,1182.07,Income
2023-12-12,Purchase budget savings reward.,Investment,1855.47,Income
2023-12-12,Annual shop debit financial purchase.,Health & Fitness,1134.74,Expense
2023-12-13,Financial grocery mortgage standard bonus renewal.,Shopping,1503.87,Expense
2023-12-13,Parking delivery.,Utilities,576.18,Expense
2023-12-13,Mortgage tools software premium savings budget insurance.,Utilities,683.17,Expense
2023-12-13,Freelance market express budget fee debit total.,Food & Drink,771.22,Expense
2023-12-13,Phone subscription account.,Utilities,738.38,Expense
2023-12-13,Savings vendor hospital charge maintenance investment.,Utilities,1568.36,Expense
2023-12-13,News american foreign.,Health & Fitness,1940.59,Expense
2023-12-13,Regular hospital.,Investment,1894.47,Income
2023-12-13,Premium market bus tools savings weekly digital.,Entertainment,1197.35,Expense
2023-12-13,Entertainment fuel freelance.,Entertainment,1865.18,Expense
2023-12-13,Interest software express taxi.,Health & Fitness,703.36,Expense
2023-12-14,System restaurant advance loan.,Entertainment,1219.58,Expense
2023-12-14,Booking water support credit.,Food & Drink,696.51,Expense
2023-12-14,Market digital investment debit hardware total gym.,Utilities,473.19,Expense
2023-12-14,Gym health gross priority train salary monthly.,Rent,677.96,Expense
2023-12-14,Gym taxi.,Other,4671.65,Income
2023-12-14,Pending mortgage daily train market phone.,Food & Drink,1114.16,Expense
2023-12-14,Pending system balance special express.,Health & Fitness,956.38,Expense
2023-12-14,Network fact talk.,Entertainment,166.87,Expense
2023-12-14,Exist outside find wish.,Investment,3601.0,Income
2023-12-16,Restaurant invoice booking premium pending food.,Shopping,1140.63,Expense
2023-12-16,Train internet water loan.,Health & Fitness,1511.29,Expense
2023-12-17,Balance app platform.,Other,1763.09,Income
2023-12-17,Entertainment mortgage hotel hospital.,Rent,271.96,Expense
2023-12-17,Train hardware.,Food & Drink,394.0,Expense
2023-12-17,Shop project.,Utilities,746.07,Expense
2023-12-17,Pending savings special package business hotel.,Rent,390.17,Expense
2023-12-17,Gym reward economy flight network digital software.,Investment,2072.0,Income
2023-12-17,Budget weekly financial direct entertainment purchase.,Investment,4146.82,Income
2023-12-18,Online hotel charge weekly annual phone budget.,Utilities,148.76,Expense
2023-12-18,Interest package bus deal business interest travel.,Entertainment,1262.03,Expense
2023-12-18,Thus sort.,Salary,185.16,Income
2023-12-18,Purchase bus discount tax.,Health & Fitness,1280.49,Expense
2023-12-19,Management savings material utility annual.,Health & Fitness,1016.61,Expense
2023-12-19,Mall fuel salary equipment system automatic.,Investment,936.72,Income
2023-12-19,Maintenance project interest system hardware interest monthly.,Salary,1530.07,Income
2023-12-20,Monthly pending tax parking priority.,Entertainment,809.7,Expense
2023-12-20,Balance deal digital vendor store.,Utilities,315.05,Expense
2023-12-20,Personal plan contract.,Utilities,1298.97,Expense
2023-12-20,Actually purpose public.,Health & Fitness,246.23,Expense
2023-12-20,Weekly phone insurance economy.,Travel,1127.08,Expense
2023-12-21,Mall system maintenance salary.,Food & Drink,1469.71,Expense
2023-12-21,Network equipment hardware.,Rent,1669.71,Expense
2023-12-21,Market online payment.,Shopping,692.89,Expense
2023-12-21,Monthly grocery tools priority bill.,Entertainment,79.72,Expense
2023-12-21,Vendor pharmacy purchase standard material fee service.,Other,2731.33,Income
2023-12-21,Mission put budget house.,Food & Drink,214.26,Expense
2023-12-22,Entertainment electricity online deal bill special.,Investment,1851.42,Income
2023-12-22,Vendor market special fuel electricity mall network.,Rent,1671.51,Expense
2023-12-22,Premium insurance taxi food market.,Food & Drink,1001.54,Expense
2023-12-22,Purchase contract reward premium.,Travel,747.99,Expense
2023-12-22,Hardware reward freelance vendor fee.,Shopping,589.29,Expense
2023-12-22,Online management direct investment payment discount equipment.,Shopping,756.52,Expense
2023-12-22,Renewal client health app reward balance.,Investment,1851.93,Income
2023-12-22,Maintenance financial.,Investment,3301.77,Income
2023-12-22,Contract travel hospital insurance package.,Entertainment,435.87,Expense
2023-12-22,Ask window full.,Food & Drink,1653.56,Expense
2023-12-22,Investment deposit standard subscription.,Shopping,378.25,Expense
2023-12-23,Order daily.,Travel,1221.46,Expense
2023-12-23,Renewal insurance special pharmacy charge water charge.,Utilities,1201.74,Expense
2023-12-23,Do interesting material.,Travel,1781.32,Expense
2023-12-23,Balance support hospital material bonus.,Food & Drink,763.81,Expense
2023-12-23,Advance pending freelance.,Travel,789.26,Expense
2023-12-23,Platform travel advance.,Rent,1894.32,Expense
2023-12-23,Daily client discount.,Investment,4743.78,Income
2023-12-23,Travel renewal grocery hospital.,Entertainment,1313.53,Expense
2023-12-23,Hospital client purchase.,Entertainment,1116.88,Expense
2023-12-23,Discount maintenance water internet household.,Rent,867.53,Expense
2023-12-23,Financial food monthly.,Other,3755.83,Income
2023-12-24,Loan net.,Travel,802.83,Expense
2023-12-24,Total equipment pharmacy order personal.,Utilities,270.3,Expense
2023-12-24,Deal economy.,Investment,1147.49,Income
2023-12-24,Balance payment hotel.,Entertainment,1091.88,Expense
2023-12-24,Water bonus travel hospital.,Utilities,959.1,Expense
2023-12-25,Deposit equipment support management monthly.,Investment,3799.29,Income
2023-12-25,Deal economy regular discount order support equipment.,Utilities,716.34,Expense
2023-12-25,Event smile popular hundred live.,Salary,1901.21,Income
2023-12-25,System adjustment.,Other,4972.9,Income
2023-12-25,Grocery management annual daily advance subscription shop.,Rent,836.92,Expense
2023-12-25,Reward platform software.,Health & Fitness,413.13,Expense
2023-12-25,Monthly software project.,Food & Drink,1520.33,Expense
2023-12-26,System mortgage project financial express.,Utilities,938.99,Expense
2023-12-26,Memory challenge lawyer business.,Food & Drink,1635.01,Expense
2023-12-26,Health grocery taxi shop network business.,Salary,964.67,Income
2023-12-26,Store business weekly shop.,Travel,1007.84,Expense
2023-12-26,Client platform electricity contract phone project premium.,Food & Drink,1170.33,Expense
2023-12-26,Special electricity special budget app.,Rent,1303.63,Expense
2023-12-26,Fuel network client bus account premium utility.,Travel,1478.83,Expense
2023-12-27,Economy charge.,Health & Fitness,1192.47,Expense
2023-12-27,Discuss wall ahead scene.,Health & Fitness,1124.7,Expense
2023-12-27,Weekly standard food hardware loan.,Rent,1898.75,Expense
2023-12-27,Bus management tax market priority.,Shopping,1306.59,Expense
2023-12-27,Hotel clinic client payment subscription mall reward.,Food & Drink,811.03,Expense
2023-12-27,Savings food system equipment business.,Utilities,965.52,Expense
2023-12-27,Maintenance financial bill.,Salary,733.77,Income
2023-12-27,Business hospital service water.,Salary,908.74,Income
2023-12-27,Hospital material tax.,Shopping,1051.65,Expense
2023-12-28,Weekly flight material.,Entertainment,1318.34,Expense
2023-12-28,Standard purchase service train premium personal.,Utilities,953.76,Expense
2023-12-28,Invoice train gross management.,Rent,372.88,Expense
2023-12-28,Financial express entertainment contract.,Health & Fitness,1391.79,Expense
2023-12-28,Net bus purchase freelance health.,Investment,1923.05,Income
2023-12-28,Regular household annual service management.,Other,2466.33,Income
2023-12-29,Parking contract phone phone special.,Shopping,836.65,Expense
2023-12-29,Freelance freelance discount.,Other,1970.9,Income
2023-12-29,Question will him quickly.,Salary,1436.15,Income
2023-12-29,Client priority bill fee.,Food & Drink,1704.12,Expense
2023-12-29,Society dark product make.,Entertainment,14.37,Expense
2023-12-29,Grocery financial.,Rent,1129.38,Expense
2023-12-29,Restaurant financial loan management fee app.,Investment,1157.46,Income
2023-12-29,Perform benefit baby.,Salary,236.91,Income
2023-12-29,Utility mortgage system special food.,Utilities,813.44,Expense
2023-12-29,Renewal store platform water transfer material.,Investment,3115.12,Income
2023-12-30,Bonus total personal.,Rent,1161.94,Expense
2023-12-30,Health charge annual budget business advance charge.,Salary,1050.43,Income
2023-12-30,Account total premium taxi account.,Travel,862.99,Expense
2023-12-30,Interest processed household.,Shopping,712.33,Expense
2023-12-31,Internet mall.,Rent,1598.7,Expense
2023-12-31,Gym system hospital household.,Salary,698.03,Income
2023-12-31,Deposit debit.,Entertainment,475.15,Expense
2023-12-31,Maintenance annual entertainment.,Food & Drink,438.17,Expense
2024-01-01,Train debit internet business network plan gross.,Shopping,506.57,Expense
2024-01-01,Personal payment invoice food salary.,Utilities,1319.08,Expense
2024-01-01,Credit health travel monthly payment.,Salary,900.16,Income
2024-01-01,Network mall business pending.,Travel,1899.72,Expense
2024-01-01,Renewal material total household annual market annual.,Food & Drink,344.55,Expense
2024-01-02,Fuel system app daily.,Shopping,943.74,Expense
2024-01-02,Discount vendor health reward material health gym.,Other,3824.45,Income
2024-01-02,Annual vendor clinic budget.,Salary,900.9,Income
2024-01-02,Gas teacher national weight all.,Travel,1099.9,Expense
2024-01-02,Himself fire heavy.,Rent,101.1,Expense
2024-01-02,Savings grocery software adjustment.,Entertainment,934.43,Expense
2024-01-03,Insurance regular fuel deal.,Entertainment,1221.88,Expense
2024-01-03,Service loan maintenance savings internet.,Investment,2654.8,Income
2024-01-04,Fuel discount delivery.,Entertainment,475.33,Expense
2024-01-04,Account booking deal annual standard savings tools.,Shopping,1718.76,Expense
2024-01-04,Shop special loan platform personal.,Travel,266.18,Expense
2024-01-04,Grocery processed savings special express net business.,Travel,1438.05,Expense
2024-01-04,Allow news.,Investment,3852.0,Income
2024-01-04,Man care resource.,Investment,2036.0,Income
2024-01-04,Household hospital budget savings.,Utilities,1042.91,Expense
2024-01-04,Regular payment booking taxi account.,Shopping,933.77,Expense
2024-01-04,Booking weekly.,Utilities,744.86,Expense
2024-01-05,App loan purchase water equipment processed.,Food & Drink,909.3,Expense
2024-01-05,Hospital priority water budget package hotel financial.,Salary,1308.41,Income
2024-01-05,Tax fuel.,Rent,1377.91,Expense
2024-01-05,Equipment package financial adjustment management internet shop.,Other,2402.53,Income
2024-01-05,Household platform salary transfer savings equipment project.,Investment,3151.44,Income
2024-01-05,Project salary bonus.,Food & Drink,214.37,Expense
2024-01-06,Investment booking internet.,Salary,1768.73,Income
2024-01-06,Salary savings train.,Other,3283.7,Income
2024-01-06,Clinic delivery equipment budget automatic.,Food & Drink,1351.72,Expense
2024-01-06,Entertainment management.,Travel,757.35,Expense
2024-01-07,Electricity deposit.,Food & Drink,215.86,Expense
2024-01-07,Notice make.,Other,2266.0,Income
2024-01-07,Plan net support project health.,Food & Drink,605.03,Expense
2024-01-08,Health daily booking market deal maintenance.,Health & Fitness,1248.6,Expense
2024-01-08,Freelance balance budget.,Salary,226.45,Income
2024-01-08,Pending store regular regular equipment.,Entertainment,1341.79,Expense
2024-01-08,Premium contract client annual travel purchase annual.,Shopping,796.17,Expense
2024-01-08,Contract total package savings.,Rent,909.86,Expense
2024-01-08,Advance priority credit total internet.,Rent,510.75,Expense
2024-01-09,Occur live take media hot.,Entertainment,1436.41,Expense
2024-01-09,Gym financial digital.,Salary,1970.42,Income
2024-01-09,Bus platform.,Investment,2367.27,Income
2024-01-09,Annual net automatic pending tools.,Utilities,1071.16,Expense
2024-01-09,Total delivery economy client.,Investment,2340.66,Income
2024-01-09,Tools hospital platform contract investment personal premium.,Health & Fitness,426.65,Expense
2024-01-09,Tax package fuel package fee.,Travel,1823.37,Expense
2024-01-09,Project pending.,Rent,1095.37,Expense
2024-01-09,Wife pay good within fly.,Other,880.0,Income
2024-01-10,Processed invoice hospital.,Health & Fitness,1029.57,Expense
2024-01-10,Weekly priority electricity deal project bill utility.,Shopping,456.29,Expense
2024-01-10,Tax client store insurance.,Other,2665.2,Income
2024-01-10,Contract entertainment special clinic equipment.,Entertainment,241.88,Expense
2024-01-10,And student give score agree.,Rent,1546.57,Expense
2024-01-10,Monthly delivery material parking.,Travel,1684.39,Expense
2024-01-11,Contract order hotel gross.,Other,2991.38,Income
2024-01-11,Booking clinic.,Health & Fitness,1483.91,Expense
2024-01-11,Electricity automatic bus purchase interest.,Travel,1299.57,Expense
2024-01-11,Purchase regular automatic taxi internet express train.,Entertainment,1085.02,Expense
2024-01-11,Boy college mrs.,Salary,1849.5,Income
2024-01-11,Invoice electricity interest contract hardware pending health.,Rent,630.62,Expense
2024-01-11,Gym pharmacy market booking gym platform.,Utilities,699.58,Expense
2024-01-11,Pending freelance special parking premium online.,Rent,1010.98,Expense
2024-01-11,Best generation group goal.,Utilities,1928.07,Expense
2024-01-11,Market grocery.,Health & Fitness,1535.12,Expense
2024-01-11,Doctor fine be.,Investment,4045.0,Income
2024-01-11,Clinic gym debit support household investment financial.,Food & Drink,1287.29,Expense
2024-01-11,Annual automatic maintenance annual discount contract.,Rent,585.5,Expense
2024-01-12,Net material adjustment travel tax.,Investment,4191.38,Income
2024-01-12,Price institution method inside.,Utilities,1386.72,Expense
2024-01-12,Train transfer clinic platform restaurant.,Rent,989.14,Expense
2024-01-12,Bus balance.,Rent,1067.51,Expense
2024-01-12,Bus transfer economy.,Health & Fitness,514.37,Expense
2024-01-12,Management savings system management.,Utilities,494.82,Expense
2024-01-12,Train hospital standard parking debit weekly.,Shopping,1158.31,Expense
2024-01-12,Phone food reward equipment regular annual travel.,Health & Fitness,345.97,Expense
2024-01-12,Tax savings transfer mall.,Other,3350.1,Income
2024-01-12,Electricity taxi.,Food & Drink,641.09,Expense
2024-01-13,Onto worry help hope.,Investment,1348.0,Income
2024-01-13,Renewal transfer bill vendor.,Investment,2927.6,Income
2024-01-13,Equipment gym management economy weekly total project.,Rent,1582.27,Expense
2024-01-13,Household reward gross transfer regular.,Travel,718.12,Expense
2024-01-13,Charge personal water priority package support order.,Utilities,779.57,Expense
2024-01-13,Balance client travel regular payment mortgage.,Entertainment,297.24,Expense
2024-01-14,Space beyond.,Health & Fitness,1013.18,Expense
2024-01-14,Direct processed order charge fee.,Salary,87.15,Income
2024-01-14,Invoice hardware electricity.,Other,2963.72,Income
2024-01-14,Insurance phone automatic clinic regular total salary.,Investment,3160.6,Income
2024-01-15,Utility annual automatic invoice freelance.,Utilities,1293.63,Expense
2024-01-15,Renewal daily transfer.,Shopping,812.62,Expense
2024-01-15,Regular renewal grocery system management.,Other,1029.3,Income
2024-01-15,Freelance mall platform gym bonus.,Utilities,575.3,Expense
2024-01-15,Transfer bus.,Entertainment,240.3,Expense
2024-01-15,Market specific property coach.,Entertainment,554.46,Expense
2024-01-15,App pharmacy premium internet.,Salary,430.68,Income
2024-01-15,Hotel annual hospital.,Food & Drink,1883.98,Expense
2024-01-16,Deposit delivery economy invoice automatic utility train.,Health & Fitness,634.55,Expense
2024-01-16,Behind front attack song little.,Health & Fitness,1426.63,Expense
2024-01-16,Adjustment charge weekly gross account.,Utilities,541.92,Expense
2024-01-16,Degree enter father of source.,Other,4696.0,Income
2024-01-16,Wide cut player wind.,Travel,911.16,Expense
2024-01-16,Weekly invoice tax fuel.,Other,4173.73,Income
2024-01-17,Fuel net transfer management support daily.,Shopping,1960.03,Expense
2024-01-17,Platform bus regular package gross app.,Utilities,1007.18,Expense
2024-01-17,Processed tax loan train software direct special.,Health & Fitness,393.32,Expense
2024-01-17,Financial software payment.,Shopping,1209.65,Expense
2024-01-17,Hospital express app interest total.,Utilities,992.26,Expense
2024-01-17,Bus shop hospital deal.,Salary,1884.24,Income
2024-01-17,Somebody prepare few sound.,Entertainment,409.77,Expense
2024-01-17,Total regular regular grocery personal gym discount.,Shopping,134.69,Expense
2024-01-17,Delivery store weekly package gym.,Salary,1031.83,Income
2024-01-17,Savings network.,Rent,816.03,Expense
2024-01-17,Taxi client health.,Salary,1067.24,Income
2024-01-18,Tax gross flight financial service bonus.,Other,2458.07,Income
2024-01-18,Express flight payment food market debit tools.,Rent,1080.7,Expense
2024-01-18,Plan loan bus.,Health & Fitness,755.34,Expense
2024-01-18,Special phone annual plan utility account platform.,Shopping,198.94,Expense
2024-01-18,Store advance subscription financial taxi grocery.,Travel,1767.16,Expense
2024-01-18,Discount monthly regular bill water daily.,Rent,1491.63,Expense
2024-01-18,Personal fee system.,Entertainment,772.42,Expense
2024-01-19,Finish increase economy middle public.,Travel,1376.36,Expense
2024-01-19,Vendor insurance.,Food & Drink,1117.32,Expense
2024-01-19,Plan special financial fuel priority.,Entertainment,187.19,Expense
2024-01-19,Balance special management.,Rent,1108.29,Expense
2024-01-19,Entertainment train delivery savings regular fuel transfer.,Travel,1667.51,Expense
2024-01-19,Table trade various risk art.,Health & Fitness,1423.6,Expense
2024-01-19,Thing physical might.,Utilities,1962.86,Expense
2024-01-19,Material produce station visit environmental.,Utilities,1012.75,Expense
2024-01-19,Hotel app debit.,Shopping,1428.66,Expense
2024-01-19,Flight electricity pharmacy renewal adjustment booking.,Investment,1804.96,Income
2024-01-19,Travel premium regular purchase internet reward interest.,Other,3029.69,Income
2024-01-19,Hotel service train.,Health & Fitness,1063.09,Expense
2024-01-20,Store invoice store gym automatic.,Travel,1080.92,Expense
2024-01-20,Leg drive second she.,Salary,1169.78,Income
2024-01-20,Pending bonus.,Travel,1117.24,Expense
2024-01-20,Plan order.,Travel,1172.97,Expense
2024-01-20,Deposit invoice.,Investment,3959.95,Income
2024-01-21,Gym balance taxi.,Travel,1767.27,Expense
2024-01-21,Water hospital economy store clinic.,Shopping,1104.23,Expense
2024-01-21,Store weekly express net budget plan.,Shopping,1015.13,Expense
2024-01-21,Train package.,Other,3283.67,Income
2024-01-21,Internet parking fuel advance flight.,Entertainment,1423.12,Expense
2024-01-22,Flight water deal.,Shopping,1867.55,Expense
2024-01-22,Salary food package platform.,Investment,1976.47,Income
2024-01-22,Material equipment taxi pharmacy utility discount premium.,Food & Drink,1747.23,Expense
2024-01-22,Subscription restaurant renewal order.,Salary,1163.99,Income
2024-01-22,Pending regular phone flight travel gross deposit.,Utilities,660.13,Expense
2024-01-22,Reward reward.,Food & Drink,1555.29,Expense
2024-01-22,Utility restaurant.,Utilities,273.44,Expense
2024-01-22,Bonus automatic.,Salary,412.17,Income
2024-01-22,Order automatic mall phone payment service.,Utilities,1251.23,Expense
2024-01-22,Five store ask data.,Shopping,1351.74,Expense
2024-01-23,Travel plan gross.,Entertainment,583.73,Expense
2024-01-23,Household processed interest.,Utilities,1205.19,Expense
2024-01-23,Charge hospital market.,Rent,975.57,Expense
2024-01-23,Internet clinic train restaurant daily.,Shopping,1097.43,Expense
2024-01-23,Reward parking vendor standard clinic booking online.,Utilities,783.97,Expense
2024-01-23,Project pharmacy pending credit investment.,Rent,231.76,Expense
2024-01-23,Statement position either.,Travel,1756.18,Expense
2024-01-23,Total regular.,Entertainment,767.56,Expense
2024-01-23,Adjustment weekly charge tools pending special.,Utilities,929.22,Expense
2024-01-24,Health financial account internet clinic.,Health & Fitness,1778.39,Expense
2024-01-24,Monthly deposit electricity electricity service financial.,Travel,544.47,Expense
2024-01-24,Plan internet fuel.,Other,2214.41,Income
2024-01-24,Express reward contract loan total investment.,Salary,785.38,Income
2024-01-24,Account store booking system payment fuel delivery.,Investment,1640.9,Income
2024-01-24,Premium weekly.,Health & Fitness,662.5,Expense
2024-01-24,Tax budget digital phone business financial.,Investment,3848.36,Income
2024-01-24,Draw change agree someone.,Food & Drink,1050.23,Expense
2024-01-24,Weekly travel pending standard processed freelance software.,Entertainment,858.69,Expense
2024-01-24,Personal weekly.,Salary,1812.12,Income
2024-01-24,Food package package gross contract deal fee.,Investment,2478.65,Income
2024-01-25,Priority clinic automatic flight maintenance fuel.,Entertainment,1256.19,Expense
2024-01-25,Net app app.,Rent,821.88,Expense
2024-01-25,Magazine yard instead town.,Investment,934.0,Income
2024-01-25,Package plan.,Rent,1215.45,Expense
2024-01-26,Evening ahead smile.,Entertainment,541.29,Expense
2024-01-26,Mall maintenance taxi app mall deal delivery.,Shopping,431.85,Expense
2024-01-26,Compare system white magazine after.,Travel,1369.95,Expense
2024-01-26,Own test too imagine.,Investment,2917.0,Income
2024-01-26,Mortgage platform system.,Salary,218.63,Income
2024-01-27,Direct management pending deal shop.,Investment,1853.0,Income
2024-01-27,Water flight fee.,Utilities,351.71,Expense
2024-01-27,Deal direct discount online store equipment.,Food & Drink,1340.81,Expense
2024-01-27,Platform digital phone.,Rent,1014.61,Expense
2024-01-27,Delivery network insurance monthly taxi.,Travel,1581.84,Expense
2024-01-27,Booking priority plan bus insurance electricity.,Entertainment,421.95,Expense
2024-01-27,Monthly package bill booking delivery client discount.,Investment,2794.44,Income
2024-01-27,Hotel freelance priority processed total.,Investment,1681.24,Income
2024-01-27,However style.,Food & Drink,723.78,Expense
2024-01-28,Born same usually.,Entertainment,1487.4,Expense
2024-01-28,Equipment material bonus monthly.,Entertainment,491.81,Expense
2024-01-28,Mall invoice regular business renewal loan.,Investment,2389.24,Income
2024-01-28,Pharmacy delivery vendor utility booking reward fee.,Rent,1275.28,Expense
2024-01-28,Equipment plan subscription.,Food & Drink,1031.18,Expense
2024-01-29,Mortgage parking total fee electricity gym network.,Food & Drink,1024.17,Expense
2024-01-29,Discount investment order.,Salary,990.34,Income
2024-01-29,Debit equipment equipment.,Other,2210.93,Income
2024-01-29,Financial entertainment.,Salary,1300.54,Income
2024-01-29,Automatic personal salary discount freelance credit.,Health & Fitness,910.7,Expense
2024-01-29,Pending equipment delivery mall grocery personal.,Utilities,649.18,Expense
2024-01-30,Project interest tax bill online discount.,Travel,1084.51,Expense
2024-01-30,Advance online hospital contract platform.,Utilities,774.5,Expense
2024-01-30,Wear use edge this draw.,Entertainment,1026.74,Expense
2024-01-30,Hardware internet.,Food & Drink,678.14,Expense
2024-01-30,Daily annual direct monthly special.,Shopping,1038.45,Expense
2024-01-30,Fee clinic weekly direct.,Investment,1813.51,Income
2024-01-30,Platform economy.,Utilities,888.12,Expense
2024-01-31,Store parking flight vendor salary electricity freelance.,Food & Drink,1198.36,Expense
2024-01-31,Booking charge.,Travel,540.46,Expense
2024-01-31,Total pharmacy store clinic interest business.,Entertainment,1127.21,Expense
2024-01-31,Clinic utility salary flight bus.,Utilities,838.04,Expense
2024-01-31,Shop electricity.,Investment,2100.38,Income
2024-01-31,Insurance delivery.,Other,1687.12,Income
2024-02-01,Forget once hope security.,Travel,1388.94,Expense
2024-02-01,Annual hardware monthly.,Travel,657.47,Expense
2024-02-01,Reward booking electricity transfer network.,Entertainment,182.51,Expense
2024-02-01,Phone bus total special subscription household.,Shopping,549.73,Expense
2024-02-01,Client vendor discount online.,Utilities,782.23,Expense
2024-02-01,Mortgage reward.,Entertainment,693.13,Expense
2024-02-01,Market order taxi plan hotel.,Utilities,451.0,Expense
2024-02-01,Purchase management shop.,Other,2376.96,Income
2024-02-02,Package budget hotel processed mortgage hospital.,Rent,122.19,Expense
2024-02-02,Hospital discount freelance freelance renewal service vendor.,Entertainment,1402.27,Expense
2024-02-02,Deal hotel express gross taxi freelance weekly.,Travel,558.56,Expense
2024-02-02,Order charge utility purchase personal maintenance.,Investment,2595.41,Income
2024-02-02,Priority pharmacy fuel investment economy hospital balance.,Other,1710.26,Income
2024-02-02,Utility fuel.,Food & Drink,1461.38,Expense
2024-02-03,Internet advance train.,Food & Drink,585.43,Expense
2024-02-03,Debit train.,Rent,1251.61,Expense
2024-02-03,Health material.,Entertainment,1222.32,Expense
2024-02-03,Network gross parking financial account loan pharmacy.,Food & Drink,742.39,Expense
2024-02-03,Software debit.,Travel,1410.19,Expense
2024-02-04,Budget project fuel net monthly support.,Food & Drink,799.41,Expense
2024-02-04,Equipment deposit household.,Rent,1178.98,Expense
2024-02-04,Charge economy shop processed special.,Utilities,870.07,Expense
2024-02-04,Savings bonus maintenance.,Entertainment,1554.41,Expense
2024-02-05,App app travel account household health account.,Salary,1074.96,Income
2024-02-05,Train special.,Entertainment,659.88,Expense
2024-02-05,Delivery management market.,Food & Drink,1568.11,Expense
2024-02-05,Order bonus special salary personal contract store.,Food & Drink,1711.76,Expense
2024-02-05,Travel bill travel equipment.,Entertainment,1148.81,Expense
2024-02-05,Health transfer priority.,Utilities,1898.75,Expense
2024-02-05,Economy transfer interest project.,Rent,1144.29,Expense
2024-02-05,Adjustment loan deal transfer.,Entertainment,611.7,Expense
2024-02-06,Design blood degree ever.,Other,3674.0,Income
2024-02-06,Household order internet.,Utilities,752.88,Expense
2024-02-06,Electricity tools grocery mall delivery food.,Salary,406.25,Income
2024-02-06,Network adjustment.,Entertainment,1400.08,Expense
2024-02-07,Health support.,Other,2756.56,Income
2024-02-07,Hospital monthly.,Health & Fitness,475.22,Expense
2024-02-07,Restaurant deposit hospital.,Travel,1140.68,Expense
2024-02-07,Television argue mouth.,Health & Fitness,1932.01,Expense
2024-02-07,Vendor investment taxi phone deposit net special.,Shopping,689.66,Expense
2024-02-07,Nation little east everyone.,Other,2163.0,Income
2024-02-07,Interest vendor system interest account credit.,Utilities,348.97,Expense
2024-02-07,Client renewal.,Other,3698.53,Income
2024-02-07,Internet debit standard freelance.,Other,3264.47,Income
2024-02-08,Utility monthly booking.,Rent,883.84,Expense
2024-02-08,Digital pending electricity.,Shopping,1103.66,Expense
2024-02-08,Hotel processed bonus.,Shopping,974.15,Expense
2024-02-08,Software electricity payment direct health entertainment household.,Travel,793.39,Expense
2024-02-09,Restaurant grocery phone plan app.,Utilities,348.67,Expense
2024-02-09,Delivery budget equipment.,Entertainment,471.13,Expense
2024-02-09,Deal plan contract investment utility.,Travel,955.24,Expense
2024-02-09,Project plan special online parking delivery management.,Rent,1296.0,Expense
2024-02-09,Project transfer bonus subscription store software.,Investment,2163.03,Income
2024-02-09,Equipment client balance health business electricity annual.,Travel,1376.29,Expense
2024-02-09,Express regular service hotel standard grocery.,Entertainment,1410.84,Expense
2024-02-09,Advance savings mortgage vendor.,Investment,3112.05,Income
2024-02-10,Entertainment mortgage.,Health & Fitness,781.44,Expense
2024-02-10,Real small.,Health & Fitness,1512.66,Expense
2024-02-10,Need finally when.,Entertainment,1554.53,Expense
2024-02-10,Little happy final population.,Salary,1661.67,Income
2024-02-10,Plan train.,Investment,3972.64,Income
2024-02-10,Deposit utility water balance discount online.,Entertainment,1467.42,Expense
2024-02-10,Pharmacy vendor taxi savings market.,Other,3730.25,Income
2024-02-10,Order online shop debit electricity budget.,Utilities,1530.82,Expense
2024-02-10,Plan maintenance bus personal client.,Shopping,1589.11,Expense
2024-02-11,Plan account.,Utilities,114.0,Expense
2024-02-11,Entertainment hospital management market.,Food & Drink,827.79,Expense
2024-02-11,Vendor vendor store total app direct direct.,Salary,108.88,Income
2024-02-11,Total automatic personal loan water bus.,Shopping,170.65,Expense
2024-02-11,Investment balance support system.,Health & Fitness,906.57,Expense
2024-02-11,Bus balance payment.,Utilities,1372.97,Expense
2024-02-11,Internet monthly direct mortgage grocery.,Food & Drink,853.67,Expense
2024-02-12,Material package utility booking project.,Food & Drink,1150.56,Expense
2024-02-12,Hospital renewal.,Utilities,796.74,Expense
2024-02-13,Payment hospital daily hospital subscription system.,Salary,443.49,Income
2024-02-13,Management purchase clinic charge balance material economy.,Salary,1721.9,Income
2024-02-13,Bonus entertainment.,Salary,440.67,Income
2024-02-13,Fee digital fee order clinic.,Other,4567.23,Income
2024-02-13,Loan entertainment loan material.,Shopping,1425.47,Expense
2024-02-13,Mortgage material project utility.,Travel,196.1,Expense
2024-02-13,Bill charge.,Other,4482.49,Income
2024-02-13,Payment software equipment maintenance hospital support health.,Shopping,395.48,Expense
2024-02-13,Freelance delivery equipment order.,Utilities,1376.15,Expense
2024-02-14,Hospital store reward client invoice annual network.,Entertainment,1633.93,Expense
2024-02-14,Internet monthly.,Food & Drink,1481.77,Expense
2024-02-14,Business contract train client insurance.,Investment,3874.89,Income
2024-02-14,Daily balance purchase internet online interest.,Salary,997.25,Income
2024-02-14,Until truth feeling view.,Rent,382.08,Expense
2024-02-14,Loan taxi invoice salary credit gym.,Health & Fitness,896.11,Expense
2024-02-14,Processed platform.,Entertainment,728.06,Expense
2024-02-14,Management gross service total.,Shopping,918.98,Expense
2024-02-14,Household investment taxi account.,Shopping,1575.91,Expense
2024-02-14,Freelance insurance.,Shopping,1266.45,Expense
2024-02-14,Movement door kind.,Travel,903.14,Expense
2024-02-15,Decision three trouble.,Investment,3590.0,Income
2024-02-15,Equipment adjustment mall net pending hardware debit.,Salary,1171.06,Income
2024-02-15,Processed adjustment gym charge.,Salary,1928.57,Income
2024-02-15,Train support advance.,Utilities,1404.3,Expense
2024-02-16,Smile ever bag single.,Other,2664.0,Income
2024-02-16,Internet subscription pharmacy management material.,Shopping,278.59,Expense
2024-02-16,Internet store tax delivery processed.,Salary,1130.55,Income
2024-02-17,Vendor deposit market vendor.,Shopping,93.46,Expense
2024-02-17,Economy contract express monthly.,Travel,1467.8,Expense
2024-02-17,Say unit four institution.,Other,546.0,Income
2024-02-17,Deposit utility premium order invoice.,Rent,684.36,Expense
2024-02-17,Booking household order total daily insurance.,Other,2492.53,Income
2024-02-17,Personal regular vendor store payment fee.,Investment,1619.97,Income
2024-02-17,Priority hotel system equipment.,Rent,1547.31,Expense
2024-02-18,Package express hospital grocery hotel.,Investment,2982.79,Income
2024-02-18,Clinic hospital special train advance express daily.,Travel,208.57,Expense
2024-02-18,Total system vendor client plan tax taxi.,Travel,1031.92,Expense
2024-02-18,Advance total bill gross.,Rent,121.08,Expense
2024-02-18,Project platform.,Rent,1236.18,Expense
2024-02-18,Package bonus train plan delivery.,Shopping,712.26,Expense
2024-02-18,Daily priority freelance bonus food interest debit.,Other,2730.54,Income
2024-02-18,Digital package special purchase regular.,Other,3395.55,Income
2024-02-18,Fee order processed food plan grocery total.,Shopping,585.38,Expense
2024-02-19,Recognize media goal.,Utilities,89.48,Expense
2024-02-19,Software monthly equipment subscription invoice discount maintenance.,Salary,1428.29,Income
2024-02-19,Discount insurance investment.,Food & Drink,1167.46,Expense
2024-02-19,Entertainment credit bus bonus.,Shopping,479.24,Expense
2024-02-19,Financial taxi train service digital pending.,Health & Fitness,508.62,Expense
2024-02-20,Financial client market taxi.,Entertainment,716.98,Expense
2024-02-20,Delivery electricity standard budget.,Utilities,953.98,Expense
2024-02-20,Discount automatic gym internet order.,Shopping,1298.53,Expense
2024-02-20,Balance discount gym gross.,Rent,1357.23,Expense
2024-02-20,Market fuel insurance hardware app.,Other,4627.63,Income
2024-02-20,Standard service bonus phone.,Entertainment,846.38,Expense
2024-02-20,Purchase express balance.,Entertainment,1566.3,Expense
2024-02-20,Hospital savings financial special equipment order.,Health & Fitness,225.97,Expense
2024-02-20,Insurance special debit.,Entertainment,297.47,Expense
2024-02-21,Regular deposit order equipment mall.,Rent,1027.46,Expense
2024-02-21,Express water store.,Utilities,487.02,Expense
2024-02-21,Budget hardware automatic discount freelance.,Rent,1287.61,Expense
2024-02-21,Law agree appear political.,Food & Drink,1549.59,Expense
2024-02-21,Able customer figure.,Travel,986.2,Expense
2024-02-21,Book economic.,Health & Fitness,155.03,Expense
2024-02-22,Household bill annual reward booking.,Entertainment,1460.81,Expense
2024-02-22,Client regular software gross net weekly water.,Investment,3140.29,Income
2024-02-22,Platform standard processed project management train annual.,Health & Fitness,628.55,Expense
2024-02-22,Insurance hardware pending.,Salary,1226.55,Income
2024-02-22,Rate society floor long same.,Entertainment,1914.41,Expense
2024-02-22,Freelance express budget client.,Shopping,1515.29,Expense
2024-02-22,Contract account subscription online.,Other,1029.75,Income
2024-02-22,Taxi water purchase taxi advance account food.,Investment,3874.51,Income
2024-02-22,Savings restaurant direct material.,Salary,872.6,Income
2024-02-22,Deal freelance interest system.,Other,1918.41,Income
2024-02-23,Booking savings.,Utilities,1100.63,Expense
2024-02-23,Store hotel hospital total train vendor store.,Other,955.64,Income
2024-02-23,Maintenance store client digital.,Other,1715.32,Income
2024-02-23,Software material renewal.,Travel,878.44,Expense
2024-02-23,Train tools.,Utilities,1738.58,Expense
2024-02-23,Increase consider.,Rent,705.31,Expense
2024-02-23,Flight system.,Rent,142.94,Expense
2024-02-23,Reach step son.,Utilities,837.7,Expense
2024-02-24,Pending monthly household client.,Food & Drink,868.28,Expense
2024-02-24,Package debit advance balance health deposit.,Food & Drink,445.15,Expense
2024-02-24,Household standard service.,Entertainment,1543.51,Expense
2024-02-24,Project parking management bill special mall.,Other,4690.97,Income
2024-02-24,Cup red collection husband.,Salary,1993.3,Income
2024-02-24,Difference way type positive phone.,Health & Fitness,668.82,Expense
2024-02-24,Hardware market parking bonus fuel bus.,Investment,1209.31,Income
2024-02-24,Discount digital.,Rent,1015.29,Expense
2024-02-24,Store discount.,Rent,731.36,Expense
2024-02-25,Tax standard renewal total automatic automatic.,Food & Drink,1249.34,Expense
2024-02-25,Flight interest flight software automatic bill hospital.,Other,3204.52,Income
2024-02-25,Software app plan.,Entertainment,773.97,Expense
2024-02-25,Processed electricity adjustment annual direct.,Salary,721.52,Income
2024-02-25,Employee become happy water bring.,Food & Drink,238.3,Expense
2024-02-25,Premium hospital premium processed standard.,Rent,631.45,Expense
2024-02-26,Health special plan.,Salary,1212.63,Income
2024-02-26,Savings food equipment clinic tax utility.,Other,2539.72,Income
2024-02-26,Household financial special project package.,Rent,523.58,Expense
2024-02-26,Order economy.,Travel,1077.96,Expense
2024-02-26,Utility travel weekly savings parking delivery adjustment.,Investment,1766.22,Income
2024-02-27,Course technology site.,Entertainment,1918.2,Expense
2024-02-27,Savings bill mall business balance charge grocery.,Shopping,627.07,Expense
2024-02-27,Flight deposit investment automatic.,Utilities,1516.31,Expense
2024-02-27,High issue deal democratic.,Health & Fitness,768.93,Expense
2024-02-27,Electricity charge phone investment.,Salary,951.77,Income
2024-02-27,Significant up still management.,Entertainment,1809.95,Expense
2024-02-27,Express bonus fee budget store.,Food & Drink,819.66,Expense
2024-02-27,Service tools water system parking train.,Investment,3902.96,Income
2024-02-27,Transfer deposit parking.,Rent,1336.38,Expense
2024-02-28,Mall bonus debit network.,Investment,2473.61,Income
2024-02-28,Monthly hardware.,Health & Fitness,1005.53,Expense
2024-02-28,Health fee clinic invoice contract business.,Utilities,32.76,Expense
2024-02-28,Electricity support total entertainment adjustment reward phone.,Investment,2827.2,Income
2024-02-28,Maintenance plan standard weekly gym premium grocery.,Entertainment,1087.95,Expense
2024-02-28,Tax mortgage monthly shop hospital software.,Salary,1021.57,Income
2024-02-28,Industry impact certainly.,Rent,777.89,Expense
2024-02-29,Utility restaurant bonus.,Shopping,311.0,Expense
2024-02-29,Deal adjustment daily bonus total app charge.,Utilities,338.48,Expense
2024-02-29,Internet phone hardware utility hardware mortgage.,Utilities,1551.8,Expense
2024-02-29,Dog late eat.,Travel,59.16,Expense
2024-02-29,Water subscription utility.,Salary,634.15,Income
2024-02-29,Hospital daily travel subscription electricity health.,Health & Fitness,772.61,Expense
2024-02-29,Digital online annual shop fuel financial.,Investment,3055.91,Income
2024-02-29,Bus daily deposit grocery mall.,Rent,863.9,Expense
2024-03-01,Mall express payment.,Salary,1667.34,Income
2024-03-01,Food service interest travel travel.,Health & Fitness,648.05,Expense
2024-03-01,Service investment gross mall service.,Health & Fitness,410.99,Expense
2024-03-01,Parking bill net daily reward automatic.,Travel,74.97,Expense
2024-03-01,Order salary tools savings hospital pharmacy.,Health & Fitness,1624.34,Expense
2024-03-01,Personal standard food.,Investment,2517.16,Income
2024-03-01,Automatic train freelance loan.,Food & Drink,1747.43,Expense
2024-03-02,Equipment water.,Food & Drink,170.95,Expense
2024-03-02,Beat light the window.,Health & Fitness,1033.48,Expense
2024-03-02,Fuel bus credit savings.,Investment,2659.0,Income
2024-03-02,Travel subscription entertainment.,Utilities,1117.11,Expense
2024-03-02,Adjustment clinic travel standard.,Other,1995.42,Income
2024-03-03,Train food advance credit hardware platform.,Utilities,262.52,Expense
2024-03-03,Standard deal mall reward order.,Food & Drink,1965.51,Expense
2024-03-03,Vendor online budget app market.,Other,3504.98,Income
2024-03-03,Pharmacy package interest interest regular interest mall.,Health & Fitness,1207.22,Expense
2024-03-03,Material digital gym order deal electricity charge.,Salary,1372.68,Income
2024-03-03,Digital charge bus online direct vendor renewal.,Shopping,809.03,Expense
2024-03-03,Store bill health transfer pharmacy renewal.,Rent,1389.83,Expense
2024-03-03,Salary market.,Entertainment,311.68,Expense
2024-03-03,Adjustment platform package processed standard.,Investment,2897.49,Income
2024-03-03,Require remain save.,Salary,97.26,Income
2024-03-04,Restaurant parking savings service.,Food & Drink,1660.09,Expense
2024-03-04,Gross utility project online annual.,Shopping,841.9,Expense
2024-03-04,Platform insurance maintenance.,Travel,1458.25,Expense
2024-03-04,Weekly savings.,Health & Fitness,482.71,Expense
2024-03-04,Contract fee phone mall pharmacy taxi reward.,Rent,1177.17,Expense
2024-03-04,Project renewal.,Other,2715.39,Income
2024-03-04,Plan online gym.,Utilities,1686.36,Expense
2024-03-04,Net entertainment travel.,Food & Drink,1586.22,Expense
2024-03-04,Equipment account personal store support total.,Salary,813.76,Income
2024-03-05,Likely great paper.,Investment,1871.0,Income
2024-03-05,Believe arrive.,Entertainment,647.42,Expense
2024-03-05,Travel deal priority.,Salary,731.93,Income
2024-03-05,Health network health bus payment.,Entertainment,222.04,Expense
2024-03-05,Package renewal service credit financial.,Travel,1026.48,Expense
2024-03-05,Standard monthly support.,Food & Drink,1565.53,Expense
2024-03-05,System taxi household adjustment net processed annual.,Rent,1607.08,Expense
2024-03-05,Digital annual.,Shopping,1636.92,Expense
2024-03-06,Entertainment total debit digital monthly plan.,Travel,1183.44,Expense
2024-03-06,Salary express monthly parking market.,Investment,3180.02,Income
2024-03-06,Taxi train gym flight.,Health & Fitness,1699.84,Expense
2024-03-06,Salary special.,Shopping,641.36,Expense
2024-03-06,Effect people.,Food & Drink,1257.6,Expense
2024-03-06,Advance store processed account.,Food & Drink,1315.89,Expense
2024-03-06,Freelance freelance investment equipment train.,Salary,1432.72,Income
2024-03-06,College manage fund.,Rent,419.1,Expense
2024-03-06,Provide car throughout american.,Entertainment,1731.25,Expense
2024-03-06,Delivery monthly premium.,Rent,472.87,Expense
2024-03-06,Clinic tools package online invoice travel management.,Shopping,1218.9,Expense
2024-03-07,Finish without.,Utilities,57.27,Expense
2024-03-07,Payment project.,Salary,1822.24,Income
2024-03-07,Bed report item.,Shopping,1296.66,Expense
2024-03-07,Insurance interest personal.,Food & Drink,1033.77,Expense
2024-03-07,Digital order invoice fee.,Food & Drink,1457.28,Expense
2024-03-07,Deposit booking payment transfer network clinic.,Investment,4313.57,Income
2024-03-07,Renewal service direct renewal.,Entertainment,653.14,Expense
2024-03-07,Water insurance contract system pending system.,Rent,1290.78,Expense
2024-03-08,Security unit executive.,Food & Drink,184.17,Expense
2024-03-08,Booking special online.,Entertainment,258.47,Expense
2024-03-08,Bonus adjustment network.,Salary,1205.05,Income
2024-03-08,Maintenance fee insurance phone credit total.,Salary,472.54,Income
2024-03-08,Clinic hotel payment.,Health & Fitness,1225.25,Expense
2024-03-08,Invoice software priority water standard restaurant deposit.,Rent,139.62,Expense
2024-03-08,Deal restaurant entertainment.,Entertainment,835.81,Expense
2024-03-09,Parking standard.,Utilities,1514.73,Expense
2024-03-09,Interest gym direct maintenance economy taxi.,Travel,504.28,Expense
2024-03-09,Plan support maintenance gym advance.,Entertainment,657.21,Expense
2024-03-09,Gross delivery debit financial.,Shopping,1875.26,Expense
2024-03-10,Equipment utility advance grocery economy deposit loan.,Health & Fitness,1459.49,Expense
2024-03-10,Contract tax payment software personal bill.,Utilities,97.06,Expense
2024-03-10,Restaurant fee.,Health & Fitness,571.88,Expense
2024-03-10,Software advance budget equipment salary advance online.,Food & Drink,1018.73,Expense
2024-03-11,Debit online daily.,Investment,2256.61,Income
2024-03-11,Stop unit might job close.,Other,1077.0,Income
2024-03-11,Pharmacy processed interest system subscription shop.,Rent,546.03,Expense
2024-03-11,Invoice package bus gross.,Utilities,1778.49,Expense
2024-03-11,Project invoice.,Utilities,98.24,Expense
2024-03-12,Monthly platform.,Utilities,767.73,Expense
2024-03-12,Tools tax regular debit special.,Other,4361.1,Income
2024-03-12,Store account salary.,Health & Fitness,1433.23,Expense
2024-03-12,Hardware restaurant parking phone.,Food & Drink,1319.95,Expense
2024-03-13,Fuel total electricity interest.,Travel,1592.71,Expense
2024-03-13,Electricity payment processed salary purchase parking internet.,Investment,4117.62,Income
2024-03-13,New type pm.,Entertainment,1822.86,Expense
2024-03-13,Support gym online.,Entertainment,1838.31,Expense
2024-03-14,Management order online pending.,Other,2944.7,Income
2024-03-14,Renewal adjustment vendor.,Investment,2041.71,Income
2024-03-14,Project platform.,Health & Fitness,475.53,Expense
2024-03-14,Processed interest internet.,Shopping,790.18,Expense
2024-03-15,Taxi hospital.,Rent,993.68,Expense
2024-03-15,Water daily mall household.,Travel,770.78,Expense
2024-03-15,Country approach.,Salary,1264.13,Income
2024-03-15,Hospital transfer purchase taxi.,Rent,453.3,Expense
2024-03-15,Hospital savings.,Travel,223.25,Expense
2024-03-15,Economy budget utility total priority.,Travel,1158.42,Expense
2024-03-15,Material travel online maintenance bill.,Other,4309.0,Income
2024-03-16,Discount water shop.,Investment,1623.01,Income
2024-03-16,Health priority market tools client.,Health & Fitness,888.67,Expense
2024-03-16,Daily network reward.,Health & Fitness,1679.34,Expense
2024-03-16,Like clear.,Food & Drink,785.11,Expense
2024-03-16,Internet delivery health express freelance transfer material.,Utilities,692.84,Expense
2024-03-16,Pharmacy tools monthly.,Other,2704.47,Income
2024-03-16,Processed food mortgage mall.,Other,1206.08,Income
2024-03-16,Regular weekly.,Health & Fitness,1114.94,Expense
2024-03-16,Material reward.,Other,3733.88,Income
2024-03-17,Digital subscription personal software food equipment.,Travel,412.75,Expense
2024-03-17,Phone plan.,Utilities,1067.56,Expense
2024-03-17,Premium payment client household.,Travel,1538.24,Expense
2024-03-18,Pharmacy shop management.,Other,3870.08,Income
2024-03-18,Fuel clinic booking.,Other,3556.8,Income
2024-03-18,Booking pending.,Investment,2689.81,Income
2024-03-18,Break time manager kid.,Investment,1018.0,Income
2024-03-18,Client standard system health.,Utilities,946.52,Expense
2024-03-18,Entertainment premium system service plan contract.,Other,691.01,Income
2024-03-19,System hotel total deposit regular.,Entertainment,1393.33,Expense
2024-03-19,Maintenance electricity loan project entertainment.,Travel,684.6,Expense
2024-03-19,Net renewal.,Investment,3302.68,Income
2024-03-19,Savings phone interest clinic.,Other,3337.51,Income
2024-03-19,Package delivery taxi client subscription processed.,Shopping,1337.37,Expense
2024-03-20,Utility maintenance material express interest household.,Shopping,670.42,Expense
2024-03-20,Health tax parking.,Utilities,836.69,Expense
2024-03-20,Project special processed service.,Investment,2263.23,Income
2024-03-20,Service system insurance.,Travel,1272.9,Expense
2024-03-20,Pharmacy gym taxi project.,Health & Fitness,646.64,Expense
2024-03-20,Service system taxi daily store shop savings.,Food & Drink,483.12,Expense
2024-03-20,Deposit financial.,Salary,980.51,Income
2024-03-21,Loan pending economy.,Investment,2462.8,Income
2024-03-21,Train parking project.,Travel,58.53,Expense
2024-03-22,Order project.,Salary,1218.93,Income
2024-03-22,Project reward utility pending.,Other,1118.06,Income
2024-03-22,Premium charge.,Rent,990.14,Expense
2024-03-22,Charge pending payment savings.,Utilities,527.65,Expense
2024-03-22,Order food investment advance tax app.,Other,2773.63,Income
2024-03-22,Savings debit personal order management water.,Utilities,628.57,Expense
2024-03-23,Processed delivery automatic transfer clinic.,Food & Drink,691.54,Expense
2024-03-23,Salary business deal special interest.,Food & Drink,373.13,Expense
2024-03-23,Maintenance software mortgage.,Travel,1703.67,Expense
2024-03-23,Shop maintenance insurance market household network.,Other,2522.52,Income
2024-03-23,Market equipment salary premium mall utility.,Utilities,781.19,Expense
2024-03-24,Direct app digital shop charge.,Rent,423.45,Expense
2024-03-24,Processed tax grocery tax investment contract.,Salary,803.53,Income
2024-03-24,Deal service priority taxi tax hotel.,Shopping,1572.87,Expense
2024-03-24,Balance software net balance.,Entertainment,1509.93,Expense
2024-03-24,Deposit credit account gym discount.,Investment,3787.91,Income
2024-03-24,Entertainment shop processed system project salary salary.,Other,3145.61,Income
2024-03-24,Fee fee grocery.,Utilities,935.37,Expense
2024-03-25,Net reward flight material.,Utilities,1636.84,Expense
2024-03-25,Processed phone hardware standard train.,Entertainment,1285.04,Expense
2024-03-25,Plan digital investment.,Shopping,1693.43,Expense
2024-03-25,Pending hospital project.,Salary,1275.21,Income
2024-03-25,Adjustment market economy mortgage gym insurance deal.,Shopping,1256.97,Expense
2024-03-25,Platform charge business.,Salary,1272.32,Income
2024-03-26,Parking payment direct booking platform.,Entertainment,1300.68,Expense
2024-03-26,Leader both rest challenge.,Food & Drink,1404.76,Expense
2024-03-26,Personal express management parking processed store taxi.,Food & Drink,1661.07,Expense
2024-03-26,Flight priority water.,Salary,364.62,Income
2024-03-26,Online food processed.,Salary,1224.18,Income
2024-03-26,Health client mall travel tools invoice plan.,Salary,403.96,Income
2024-03-27,Adjustment hospital.,Shopping,1012.32,Expense
2024-03-27,Payment bill gross.,Rent,1501.17,Expense
2024-03-27,Clinic clinic utility advance.,Rent,1129.8,Expense
2024-03-27,Delivery app.,Food & Drink,1910.26,Expense
2024-03-27,Mortgage total business service credit contract.,Other,3211.83,Income
2024-03-27,Data exist.,Investment,2874.0,Income
2024-03-27,Fee travel store gross premium.,Rent,557.07,Expense
2024-03-27,Software food monthly mall deal mortgage investment.,Rent,375.99,Expense
2024-03-27,Direct freelance project support management.,Utilities,1230.73,Expense
2024-03-28,Delivery online interest adjustment total phone processed.,Salary,328.3,Income
2024-03-28,Reward market online grocery hospital total.,Rent,1304.12,Expense
2024-03-28,Equipment payment investment equipment.,Utilities,637.94,Expense
2024-03-28,Gross purchase entertainment business platform.,Investment,3991.52,Income
2024-03-28,Order food.,Investment,2424.77,Income
2024-03-28,State none production defense your.,Travel,1217.07,Expense
2024-03-29,Travel bus support travel.,Health & Fitness,1454.75,Expense
2024-03-29,Express clinic payment booking priority deposit.,Other,2030.64,Income
2024-03-29,Weekly health invoice digital market.,Food & Drink,1041.24,Expense
2024-03-29,Health network daily direct bus salary express.,Travel,1622.68,Expense
2024-03-29,Short congress turn east marriage.,Salary,769.01,Income
2024-03-29,Regular software transfer investment delivery automatic package.,Travel,1637.71,Expense
2024-03-29,Bus market gross credit payment purchase.,Rent,1042.79,Expense
2024-03-29,Travel fee automatic invoice credit pending.,Investment,857.85,Income
2024-03-30,Child ball store process.,Utilities,1496.04,Expense
2024-03-30,Travel direct.,Food & Drink,1201.12,Expense
2024-03-30,Balance net weekly.,Health & Fitness,943.4,Expense
2024-03-30,Ago race quite hour.,Food & Drink,953.24,Expense
2024-03-30,Shop fee hospital.,Entertainment,641.63,Expense
2024-03-30,Balance support.,Rent,616.0,Expense
2024-03-31,Deposit tax advance subscription charge.,Travel,1278.39,Expense
2024-03-31,Financial debit gross restaurant hardware.,Investment,1349.72,Income
2024-03-31,Plan platform direct entertainment service regular deal.,Shopping,1546.6,Expense
2024-03-31,Financial premium deposit market savings.,Shopping,1013.65,Expense
2024-03-31,Plan fee internet personal contract store travel.,Entertainment,1530.26,Expense
2024-03-31,Payment app gross savings utility standard software.,Investment,2914.58,Income
2024-04-01,Shop entertainment phone plan invoice project.,Investment,2421.43,Income
2024-04-01,Store app bonus.,Salary,1297.56,Income
2024-04-01,Pending regular phone tools discount water.,Health & Fitness,1694.8,Expense
2024-04-01,Booking digital package app monthly pharmacy.,Investment,3875.92,Income
2024-04-01,Annual loan discount order premium loan.,Shopping,593.47,Expense
2024-04-01,Debit contract management management phone renewal.,Rent,818.88,Expense
2024-04-01,Investment deal renewal daily account budget priority.,Salary,1135.14,Income
2024-04-02,Delivery automatic pending hardware.,Food & Drink,1123.63,Expense
2024-04-02,Deal freelance hardware daily health internet.,Food & Drink,426.38,Expense
2024-04-02,Loan market order gross mortgage project loan.,Investment,3016.61,Income
2024-04-02,Loan invoice electricity mortgage payment discount.,Other,2667.8,Income
2024-04-02,Monthly budget annual clinic hospital.,Travel,787.55,Expense
2024-04-02,Shop gym electricity net taxi discount.,Travel,1916.47,Expense
2024-04-02,Direct order train household.,Utilities,1413.26,Expense
2024-04-02,Travel material.,Health & Fitness,182.08,Expense
2024-04-03,Fuel store daily payment digital debit deal.,Investment,1181.06,Income
2024-04-03,Total balance net weekly special entertainment.,Shopping,902.2,Expense
2024-04-03,Loan internet train.,Health & Fitness,1448.77,Expense
2024-04-03,Western order accept wide prevent.,Travel,1920.67,Expense
2024-04-04,Fee purchase project freelance health.,Salary,221.37,Income
2024-04-04,Tools account support digital vendor account.,Travel,1853.22,Expense
2024-04-04,Phone flight financial.,Investment,2515.16,Income
2024-04-04,Transfer processed.,Rent,195.1,Expense
2024-04-04,Adjustment service.,Other,2513.16,Income
2024-04-04,Electricity package hospital reward budget fee.,Travel,509.01,Expense
2024-04-04,Automatic processed booking shop package.,Shopping,919.47,Expense
2024-04-04,Water yourself trade someone.,Other,591.0,Income
2024-04-04,Support personal service platform annual hardware reward.,Utilities,1015.48,Expense
2024-04-04,Special automatic hospital insurance hotel.,Travel,1556.71,Expense
2024-04-04,Gross renewal freelance.,Other,4498.83,Income
2024-04-04,Electricity travel financial food.,Entertainment,434.1,Expense
2024-04-04,Deal express mortgage order household parking.,Investment,2837.15,Income
2024-04-04,Reward train maintenance equipment utility.,Utilities,1046.35,Expense
2024-04-05,Booking vendor.,Investment,4083.97,Income
2024-04-05,Net food management.,Health & Fitness,1190.68,Expense
2024-04-06,Flight utility processed health fee account hotel.,Entertainment,717.0,Expense
2024-04-06,Tell soon executive.,Utilities,255.24,Expense
2024-04-06,App annual transfer clinic.,Investment,3429.37,Income
2024-04-06,Automatic software.,Salary,646.75,Income
2024-04-06,Gym internet service network monthly contract subscription.,Rent,1219.99,Expense
2024-04-07,Monthly phone debit support.,Food & Drink,1006.93,Expense
2024-04-07,Loan debit adjustment.,Shopping,644.56,Expense
2024-04-07,Direct phone account service booking.,Other,2467.72,Income
2024-04-07,Payment restaurant digital utility.,Shopping,150.94,Expense
2024-04-07,Natural own.,Other,4900.0,Income
2024-04-07,Parking economy mortgage bonus equipment.,Health & Fitness,1378.56,Expense
2024-04-08,System total account economy.,Other,4257.15,Income
2024-04-08,Service purchase salary.,Investment,3055.11,Income
2024-04-08,Flight adjustment advance digital.,Travel,484.96,Expense
2024-04-08,Effort drive side human.,Rent,616.34,Expense
2024-04-08,Insurance bus software material bill premium.,Shopping,206.25,Expense
2024-04-08,Regular reward water credit.,Travel,908.57,Expense
2024-04-08,Reward food payment priority.,Shopping,1624.36,Expense
2024-04-08,Interest entertainment water reward store client clinic.,Travel,398.22,Expense
2024-04-09,Fear song save.,Utilities,330.3,Expense
2024-04-09,Clear single expect.,Health & Fitness,431.36,Expense
2024-04-09,Business reward adjustment phone parking deal.,Rent,934.0,Expense
2024-04-09,Annual premium water software net mortgage pending.,Food & Drink,589.02,Expense
2024-04-09,Taxi travel household credit health.,Rent,1194.74,Expense
2024-04-10,Capital program story mention majority.,Travel,396.71,Expense
2024-04-10,Environmental outside bed institution.,Investment,4996.0,Income
2024-04-10,Hotel service total hospital.,Investment,1084.28,Income
2024-04-10,Personal vendor invoice automatic.,Shopping,1159.03,Expense
2024-04-10,Monthly total clinic.,Food & Drink,930.01,Expense
2024-04-10,Train contract pending.,Other,2245.38,Income
2024-04-10,Deposit bill deal premium phone project salary.,Travel,1244.36,Expense
2024-04-11,Advance premium account taxi.,Utilities,1286.42,Expense
2024-04-11,Bonus investment mall invoice platform.,Health & Fitness,586.11,Expense
2024-04-11,Control piece behavior message wind.,Rent,588.4,Expense
2024-04-11,System vendor grocery freelance order.,Entertainment,1356.21,Expense
2024-04-11,Gym bonus pending.,Travel,1083.19,Expense
2024-04-11,Savings direct payment fee special.,Salary,1427.81,Income
2024-04-11,Parking charge charge food app reward.,Shopping,86.88,Expense
2024-04-11,Clinic network.,Investment,3880.86,Income
2024-04-11,Subscription charge hotel mortgage processed.,Investment,4632.51,Income
2024-04-12,Network debit.,Rent,426.15,Expense
2024-04-12,Bill maintenance utility freelance budget.,Travel,246.15,Expense
2024-04-12,Project monthly invoice budget vendor.,Food & Drink,1103.43,Expense
2024-04-12,Net bonus reward daily mortgage equipment maintenance.,Utilities,1423.47,Expense
2024-04-13,Us money positive.,Investment,2117.0,Income
2024-04-13,Mall insurance.,Health & Fitness,924.33,Expense
2024-04-13,Reward plan flight.,Utilities,1544.3,Expense
2024-04-13,Bonus material subscription support regular.,Food & Drink,1340.35,Expense
2024-04-13,Store restaurant food.,Food & Drink,1804.34,Expense
2024-04-14,Client express fuel business salary management.,Utilities,117.3,Expense
2024-04-14,Package mall bonus.,Shopping,933.62,Expense
2024-04-15,Priority special restaurant total daily mortgage.,Salary,1313.65,Income
2024-04-15,Balance grocery premium express special material maintenance.,Travel,1293.46,Expense
2024-04-15,Reward store pharmacy bus internet entertainment economy.,Shopping,1473.79,Expense
2024-04-15,Budget fuel purchase equipment salary account.,Salary,685.46,Income
2024-04-15,Bus interest standard digital client.,Other,3468.71,Income
2024-04-15,Transfer utility hotel project savings food personal.,Travel,1298.98,Expense
2024-04-15,Electricity premium interest gym adjustment business.,Rent,944.12,Expense
2024-04-16,Subscription management.,Investment,2391.82,Income
2024-04-16,Tax system freelance weekly.,Travel,1431.91,Expense
2024-04-16,Total annual internet software.,Investment,2560.18,Income
2024-04-16,Contract support insurance hardware order renewal.,Food & Drink,37.7,Expense
2024-04-16,Life bad soon.,Salary,1903.56,Income
2024-04-16,Hardware fuel delivery utility travel purchase.,Health & Fitness,597.64,Expense
2024-04-16,Personal reward platform system.,Travel,1160.1,Expense
2024-04-17,Into notice necessary true message.,Entertainment,642.39,Expense
2024-04-17,Worker range feel.,Entertainment,209.09,Expense
2024-04-17,Including let result spend.,Travel,1389.98,Expense
2024-04-17,Tax personal fuel direct bonus.,Other,2969.41,Income
2024-04-17,Travel management budget.,Entertainment,1016.07,Expense
2024-04-17,Network platform.,Entertainment,1013.04,Expense
2024-04-17,Account service support shop parking gross.,Food & Drink,1096.87,Expense
2024-04-17,Bus financial store material.,Entertainment,954.97,Expense
2024-04-17,Bus water debit health balance.,Travel,1268.78,Expense
2024-04-17,Total annual loan package material plan.,Travel,519.94,Expense
2024-04-18,Health deposit mall mall total order app.,Travel,1321.16,Expense
2024-04-18,Market deposit system food vendor total.,Food & Drink,1305.13,Expense
2024-04-18,Parking express train service purchase.,Investment,4051.22,Income
2024-04-18,One shoulder administration.,Other,3091.0,Income
2024-04-19,Project hospital priority account freelance market.,Salary,1125.78,Income
2024-04-19,Priority material.,Rent,672.6,Expense
2024-04-19,Delivery tax service project household restaurant loan.,Utilities,591.8,Expense
2024-04-19,Household debit entertainment maintenance.,Salary,311.08,Income
2024-04-19,Restaurant market reward adjustment payment.,Food & Drink,1089.27,Expense
2024-04-19,Gross equipment internet contract.,Investment,2634.38,Income
2024-04-20,Skill successful and.,Utilities,19.62,Expense
2024-04-20,Salary charge management.,Rent,1509.61,Expense
2024-04-21,Online contract pending charge.,Salary,1734.17,Income
2024-04-21,Material special restaurant deposit priority pending.,Other,3015.58,Income
2024-04-21,Finish right serious.,Entertainment,1427.28,Expense
2024-04-21,Store bus management clinic mall.,Shopping,570.25,Expense
2024-04-21,Payment charge parking software personal direct bus.,Travel,831.65,Expense
2024-04-22,Parking financial.,Food & Drink,683.33,Expense
2024-04-22,Daily pharmacy travel insurance system software processed.,Food & Drink,1323.48,Expense
2024-04-22,Shop fee plan interest balance fee.,Utilities,1451.92,Expense
2024-04-22,Space game truth special decision.,Travel,1681.82,Expense
2024-04-22,Digital clinic.,Food & Drink,1309.88,Expense
2024-04-22,Software transfer payment.,Other,4205.76,Income
2024-04-22,Management deal tax bill investment deal.,Salary,1182.54,Income
2024-04-22,Debit savings.,Travel,964.77,Expense
2024-04-22,Direct processed train balance mall app.,Investment,3699.35,Income
2024-04-23,Debit deposit automatic tax online client.,Salary,1060.64,Income
2024-04-23,Digital loan business bonus.,Rent,776.54,Expense
2024-04-23,Savings gym direct subscription automatic tax.,Health & Fitness,861.13,Expense
2024-04-23,Payment purchase plan system total package taxi.,Entertainment,1807.44,Expense
2024-04-23,Gross loan online insurance charge.,Salary,127.79,Income
2024-04-23,Internet health client.,Health & Fitness,52.16,Expense
2024-04-23,Else pull its adult house.,Other,4431.0,Income
2024-04-23,Regular material.,Investment,1881.6,Income
2024-04-23,Online deposit credit network.,Shopping,517.82,Expense
2024-04-24,Management phone.,Shopping,1395.94,Expense
2024-04-24,Discount package fuel renewal reward loan pending.,Utilities,1558.4,Expense
2024-04-24,Bill client system restaurant project entertainment.,Shopping,822.77,Expense
2024-04-24,Direct freelance.,Entertainment,1594.56,Expense
2024-04-25,Express total parking.,Food & Drink,1725.39,Expense
2024-04-25,Hardware software online automatic.,Salary,485.89,Income
2024-04-25,Mortgage direct weekly vendor delivery premium.,Food & Drink,1545.37,Expense
2024-04-25,Pretty least if.,Health & Fitness,1551.79,Expense
2024-04-26,Payment hardware flight charge priority.,Travel,793.09,Expense
2024-04-26,Credit travel economy taxi financial advance restaurant.,Other,2410.16,Income
2024-04-26,Reward processed booking mall market.,Salary,510.19,Income
2024-04-26,App contract invoice.,Travel,751.94,Expense
2024-04-26,Regular pharmacy.,Salary,797.91,Income
2024-04-26,Delivery tax.,Rent,1614.12,Expense
2024-04-26,Peace wind guess.,Rent,359.78,Expense
2024-04-26,Pending grocery tax discount.,Utilities,542.76,Expense
2024-04-26,Because career course.,Travel,1718.84,Expense
2024-04-27,Special booking vendor investment.,Travel,1203.79,Expense
2024-04-27,Service freelance package.,Rent,1475.3,Expense
2024-04-27,Food freelance invoice invoice water net.,Salary,851.82,Income
2024-04-27,Direct subscription bonus debit priority management hotel.,Rent,1543.31,Expense
2024-04-27,Grocery health flight utility.,Entertainment,1325.78,Expense
2024-04-27,Processed plan pending.,Salary,1596.33,Income
2024-04-27,Charge health train flight entertainment parking contract.,Travel,1115.37,Expense
2024-04-28,Balance gym standard entertainment flight.,Entertainment,392.07,Expense
2024-04-28,Project management credit entertainment utility.,Food & Drink,1310.13,Expense
2024-04-28,Charge flight fee digital.,Other,1362.2,Income
2024-04-28,Contract management app account utility equipment.,Salary,1727.84,Income
2024-04-28,Regular tax online tools order.,Utilities,1167.85,Expense
2024-04-28,Business standard restaurant business tax.,Health & Fitness,428.48,Expense
2024-04-28,Shop insurance credit deposit standard transfer tools.,Entertainment,765.95,Expense
2024-04-28,Personal invoice bus hotel system advance.,Investment,3527.85,Income
2024-04-29,Hotel parking account market software.,Shopping,1033.17,Expense
2024-04-29,Health plan insurance project project order parking.,Utilities,1526.39,Expense
2024-04-29,Parking credit salary invoice deposit management.,Utilities,208.79,Expense
2024-04-29,Hardware renewal budget equipment balance daily direct.,Food & Drink,127.82,Expense
2024-04-29,Invoice standard bill freelance.,Food & Drink,454.4,Expense
2024-04-29,Health standard charge advance.,Utilities,1919.66,Expense
2024-04-29,Fuel economy deal tax standard maintenance vendor.,Food & Drink,1685.35,Expense
2024-04-29,Food network business adjustment contract.,Entertainment,1419.57,Expense
2024-04-29,Special app interest special bill.,Other,2323.45,Income
2024-04-30,Plan management household app order service.,Utilities,153.1,Expense
2024-04-30,Utility store.,Investment,2596.18,Income
2024-04-30,Bus gym subscription.,Utilities,1442.3,Expense
2024-04-30,Teacher decide possible.,Investment,2656.0,Income
2024-04-30,Freelance household processed utility network.,Entertainment,567.32,Expense
2024-04-30,App pharmacy payment online express balance express.,Health & Fitness,320.85,Expense
2024-04-30,Network business special water savings pending account.,Health & Fitness,588.89,Expense
2024-04-30,Support bill travel processed personal.,Salary,1775.63,Income
2024-04-30,Market total tools store daily digital.,Health & Fitness,1317.24,Expense
2024-04-30,Client personal parking online gym train salary.,Travel,1753.28,Expense
2024-04-30,Balance deal weekly contract online gross.,Food & Drink,830.34,Expense
2024-04-30,Adjustment digital.,Food & Drink,559.39,Expense
2024-05-01,Bus grocery service delivery.,Rent,1595.34,Expense
2024-05-01,Internet material express taxi package contract mall.,Rent,1289.61,Expense
2024-05-01,Mortgage express automatic mall app advance market.,Utilities,1890.56,Expense
2024-05-01,Net deposit.,Other,4565.48,Income
2024-05-01,Budget invoice taxi automatic advance salary daily.,Shopping,1129.62,Expense
2024-05-01,Bonus pending investment processed salary.,Salary,1238.47,Income
2024-05-01,Charge deposit service monthly shop.,Shopping,821.96,Expense
2024-05-01,Bus regular budget budget personal.,Entertainment,651.87,Expense
2024-05-02,Grocery phone network entertainment.,Investment,2163.03,Income
2024-05-02,Travel direct purchase vendor network booking travel.,Other,2872.43,Income
2024-05-02,Standard credit economy investment premium system.,Health & Fitness,1102.03,Expense
2024-05-02,Success teach mrs beat.,Rent,1457.58,Expense
2024-05-02,Purchase gym software contract automatic client.,Health & Fitness,701.59,Expense
2024-05-02,Plan plan deal.,Health & Fitness,1007.81,Expense
2024-05-02,Booking discount clinic water client.,Utilities,722.24,Expense
2024-05-03,Charge clinic hardware online.,Salary,1229.19,Income
2024-05-03,Support platform platform renewal contract investment online.,Utilities,754.36,Expense
2024-05-03,Listen against coach.,Food & Drink,1627.16,Expense
2024-05-03,Hardware restaurant travel interest bill.,Health & Fitness,1430.6,Expense
2024-05-04,Notice street anything.,Salary,1311.28,Income
2024-05-04,Reward hotel adjustment.,Travel,817.09,Expense
2024-05-04,White likely teacher one.,Entertainment,1813.54,Expense
2024-05-05,Say other never fact.,Travel,276.42,Expense
2024-05-05,Platform contract household reward.,Travel,1140.3,Expense
2024-05-05,Water booking platform deposit.,Shopping,1102.9,Expense
2024-05-05,Booking charge.,Other,1027.62,Income
2024-05-05,Express transfer delivery economy insurance.,Rent,737.75,Expense
2024-05-05,Flight online reward financial management deal.,Investment,3756.05,Income
2024-05-05,Piece require.,Other,2329.0,Income
2024-05-05,Economy flight discount discount order bill taxi.,Travel,534.24,Expense
2024-05-05,Reward online budget weekly hardware.,Other,1484.65,Income
2024-05-05,Internet transfer account gross.,Rent,420.98,Expense
2024-05-06,Hospital economy support fee.,Utilities,1148.9,Expense
2024-05-06,Tools investment electricity flight.,Travel,1443.86,Expense
2024-05-06,Health package business market debit shop priority.,Investment,4601.33,Income
2024-05-06,Material economy travel water vendor food restaurant.,Rent,592.09,Expense
2024-05-06,Processed entertainment account express mall package.,Entertainment,349.09,Expense
2024-05-06,Hospital processed mall reward health clinic food.,Shopping,1724.58,Expense
2024-05-07,Invoice hotel taxi.,Salary,742.0,Income
2024-05-07,Material account internet pending.,Utilities,1316.61,Expense
2024-05-07,Hospital daily account vendor train project.,Food & Drink,1054.52,Expense
2024-05-07,Personal daily direct transfer annual reward network.,Rent,1351.03,Expense
2024-05-07,Internet network gym.,Travel,1101.23,Expense
2024-05-07,Service invoice delivery freelance.,Food & Drink,1144.36,Expense
2024-05-07,Total hotel client adjustment client contract.,Shopping,1232.34,Expense
2024-05-07,Delivery investment utility daily maintenance store transfer.,Salary,887.25,Income
2024-05-08,Salary deal pharmacy internet parking.,Investment,1570.99,Income
2024-05-08,Regular deposit bus salary.,Travel,1828.33,Expense
2024-05-08,Network parking business app.,Rent,788.35,Expense
2024-05-08,Bill regular savings train restaurant hotel maintenance.,Travel,515.89,Expense
2024-05-08,Hotel contract deal hotel maintenance.,Entertainment,308.94,Expense
2024-05-08,Charge credit store.,Salary,494.37,Income
2024-05-08,Credit tax.,Entertainment,578.28,Expense
2024-05-08,Service discount plan platform hospital market.,Investment,1279.11,Income
2024-05-09,Health gross.,Utilities,1260.09,Expense
2024-05-09,Financial digital personal parking.,Travel,1223.93,Expense
2024-05-10,Budget water vendor.,Salary,804.26,Income
2024-05-11,Subscription payment account.,Travel,1309.9,Expense
2024-05-11,Net freelance grocery premium household pending direct.,Travel,672.17,Expense
2024-05-11,Annual credit fuel hospital.,Salary,1769.13,Income
2024-05-11,System purchase contract purchase discount.,Salary,291.65,Income
2024-05-11,Invoice bill phone.,Shopping,673.8,Expense
2024-05-12,Delivery budget client electricity business subscription.,Entertainment,1381.17,Expense
2024-05-12,Account pending maintenance investment monthly maintenance.,Utilities,1211.14,Expense
2024-05-12,Personal flight order debit support gross.,Travel,1670.71,Expense
2024-05-12,Mall market shop online material.,Rent,1012.52,Expense
2024-05-12,Automatic train processed flight electricity personal purchase.,Utilities,1070.91,Expense
2024-05-13,Booking adjustment vendor package advance.,Rent,1124.92,Expense
2024-05-13,Premium reward flight mall investment bus charge.,Entertainment,779.36,Expense
2024-05-13,Account credit investment.,Investment,2091.81,Income
2024-05-13,Charge tax loan direct.,Investment,1880.28,Income
2024-05-13,Investment deal special system.,Rent,442.16,Expense
2024-05-14,Personal package shop regular payment project.,Utilities,854.98,Expense
2024-05-14,Freelance pharmacy annual loan weekly.,Food & Drink,1423.59,Expense
2024-05-14,Main opportunity particularly question.,Rent,799.6,Expense
2024-05-14,Subscription reward.,Other,3112.37,Income
2024-05-14,Platform tax train invoice.,Utilities,1707.58,Expense
2024-05-14,Charge direct reward digital.,Rent,538.43,Expense
2024-05-15,Deposit contract.,Utilities,624.37,Expense
2024-05-15,Credit parking charge.,Health & Fitness,861.05,Expense
2024-05-15,Fuel renewal system pending deposit economy.,Entertainment,1703.39,Expense
2024-05-15,Research month instead.,Entertainment,1697.48,Expense
2024-05-15,Account pending.,Health & Fitness,608.19,Expense
2024-05-15,Reward shop gym balance special purchase bonus.,Other,2599.03,Income
2024-05-15,Monthly transfer.,Shopping,772.93,Expense
2024-05-15,Loan interest salary.,Travel,419.73,Expense
2024-05-16,Taxi credit booking net total equipment.,Investment,3055.34,Income
2024-05-16,Subscription hardware.,Travel,617.21,Expense
2024-05-17,Parking phone project economy.,Rent,842.56,Expense
2024-05-17,Delivery material hospital app utility mall.,Investment,4091.89,Income
2024-05-17,As throughout individual list manager.,Utilities,1516.84,Expense
2024-05-18,Hardware business.,Health & Fitness,408.81,Expense
2024-05-18,Food gross entertainment economy advance internet pending.,Food & Drink,753.0,Expense
2024-05-18,Weekly processed restaurant bill restaurant interest utility.,Utilities,352.11,Expense
2024-05-18,Travel platform fee.,Health & Fitness,1411.24,Expense
2024-05-18,Online special special weekly grocery.,Health & Fitness,1534.93,Expense
2024-05-18,Material shop business balance special pharmacy.,Travel,1271.6,Expense
2024-05-18,Network special pending delivery tax.,Shopping,1406.41,Expense
2024-05-18,Direct utility economy business gym project.,Utilities,249.35,Expense
2024-05-18,Market deposit network daily subscription booking weekly.,Utilities,1522.19,Expense
2024-05-19,Delivery daily contract pharmacy.,Salary,986.87,Income
2024-05-19,Booking debit contract client total.,Food & Drink,1408.24,Expense
2024-05-19,Special gross pharmacy market loan.,Health & Fitness,1105.08,Expense
2024-05-19,Internet daily direct balance.,Shopping,480.88,Expense
2024-05-19,Household insurance express train electricity.,Travel,1202.83,Expense
2024-05-19,Food annual.,Food & Drink,401.93,Expense
2024-05-19,Internet parking.,Other,1916.43,Income
2024-05-19,Software delivery flight.,Shopping,1905.41,Expense
2024-05-19,Online account.,Other,3538.21,Income
2024-05-19,Reward system order bus.,Health & Fitness,1054.19,Expense
2024-05-20,Priority package special freelance.,Travel,1747.61,Expense
2024-05-20,Recently again explain court.,Investment,1967.0,Income
2024-05-20,Loan investment network.,Rent,570.27,Expense
2024-05-20,Bonus hospital interest budget system online bill.,Entertainment,805.32,Expense
2024-05-20,Standard standard train phone.,Investment,3637.98,Income
2024-05-21,Utility system special platform.,Health & Fitness,793.37,Expense
2024-05-21,Vendor water support insurance parking hardware bill.,Other,3955.48,Income
2024-05-21,Parking phone maintenance flight.,Health & Fitness,703.04,Expense
2024-05-22,Special pharmacy material budget equipment renewal household.,Food & Drink,1114.89,Expense
2024-05-22,Phone system salary.,Rent,993.47,Expense
2024-05-22,Fee direct special interest clinic.,Investment,2227.3,Income
2024-05-22,Regular store.,Food & Drink,823.65,Expense
2024-05-22,Discussion detail training fund.,Utilities,1474.48,Expense
2024-05-23,Processed bill train network deposit tools.,Shopping,598.4,Expense
2024-05-23,Third rich hospital.,Health & Fitness,90.44,Expense
2024-05-24,Vendor account direct.,Utilities,358.33,Expense
2024-05-24,Insurance maintenance store system restaurant app.,Travel,1041.46,Expense
2024-05-24,Account health hospital food salary.,Shopping,1475.4,Expense
2024-05-24,Investment express contract mall hospital.,Entertainment,1202.8,Expense
2024-05-24,Processed maintenance equipment priority management.,Health & Fitness,237.0,Expense
2024-05-24,Shop phone fee discount electricity market fuel.,Utilities,240.02,Expense
2024-05-24,Grocery software total.,Investment,3029.24,Income
2024-05-24,Daily deal network client electricity hospital hardware.,Investment,1463.75,Income
2024-05-24,Debit debit priority hardware store premium advance.,Travel,730.81,Expense
2024-05-25,Booking market app budget contract taxi.,Travel,993.21,Expense
2024-05-25,Travel shop special freelance discount.,Salary,1574.04,Income
2024-05-25,App food plan subscription.,Travel,1426.25,Expense
2024-05-25,Mortgage bill mall processed travel parking.,Other,2380.51,Income
2024-05-25,Somebody son suddenly perform.,Entertainment,135.09,Expense
2024-05-26,Adjustment debit.,Other,4139.87,Income
2024-05-26,Project can.,Food & Drink,1340.49,Expense
2024-05-26,Restaurant total payment investment express maintenance.,Investment,1801.25,Income
2024-05-26,Project credit hospital tools delivery insurance weekly.,Utilities,269.14,Expense
2024-05-26,Economy insurance plan interest app household.,Rent,1187.99,Expense
2024-05-27,Net phone insurance payment economy total.,Health & Fitness,70.98,Expense
2024-05-27,Fuel credit.,Health & Fitness,734.88,Expense
2024-05-27,Doctor news yourself.,Food & Drink,89.41,Expense
2024-05-27,Paper beyond indeed.,Health & Fitness,782.31,Expense
2024-05-27,Clinic weekly.,Utilities,1436.34,Expense
2024-05-28,Grocery processed vendor.,Travel,513.68,Expense
2024-05-28,Fee parking account premium online utility.,Rent,1314.79,Expense
2024-05-29,Market mall reward deposit budget salary debit.,Other,4531.8,Income
2024-05-29,Utility order grocery freelance bus direct.,Rent,542.52,Expense
2024-05-29,Shop hospital monthly taxi.,Salary,1872.87,Income
2024-05-29,Balance maintenance.,Travel,902.0,Expense
2024-05-29,Mall interest hospital reward business platform.,Shopping,1238.31,Expense
2024-05-30,Savings automatic.,Salary,39.18,Income
2024-05-30,Special internet standard monthly.,Utilities,1198.88,Expense
2024-05-30,Deal equipment network processed online payment.,Shopping,697.11,Expense
2024-05-30,Shop pharmacy vendor priority.,Shopping,1218.41,Expense
2024-05-30,Annual debit mortgage total.,Investment,3499.48,Income
2024-05-30,Gym business.,Investment,3939.72,Income
2024-05-30,Taxi network bus water.,Investment,2446.39,Income
2024-05-31,Ground city still.,Rent,1410.44,Expense
2024-05-31,Freelance payment.,Rent,942.35,Expense
2024-05-31,Train project economy hospital contract entertainment digital.,Travel,1028.18,Expense
2024-05-31,Salary advance management bill.,Shopping,960.05,Expense
2024-06-01,Tools insurance hardware gym electricity processed daily.,Investment,2578.07,Income
2024-06-01,Southern front.,Travel,1671.4,Expense
2024-06-01,Express personal.,Food & Drink,227.25,Expense
2024-06-02,Hospital utility debit pharmacy.,Investment,2170.04,Income
2024-06-02,Processed store interest mortgage tax restaurant adjustment.,Food & Drink,760.78,Expense
2024-06-02,Environment character real middle prove.,Rent,1038.16,Expense
2024-06-02,Utility water advance management vendor app.,Other,3022.47,Income
2024-06-02,Hospital total system pharmacy parking.,Utilities,1860.34,Expense
2024-06-02,Investment weekly.,Rent,615.94,Expense
2024-06-02,Dinner no main year size.,Utilities,759.55,Expense
2024-06-03,Software pharmacy salary.,Travel,1897.63,Expense
2024-06-03,Payment weekly internet charge transfer.,Utilities,1357.66,Expense
2024-06-03,Subscription mall.,Utilities,1132.63,Expense
2024-06-03,Utility material regular entertainment savings.,Other,998.41,Income
2024-06-03,Sometimes while sense window.,Entertainment,1037.58,Expense
2024-06-03,Store contract express.,Other,3589.71,Income
2024-06-03,Network standard interest.,Health & Fitness,753.62,Expense
2024-06-04,App fee order network pending software app.,Food & Drink,1379.48,Expense
2024-06-04,Order mortgage.,Salary,1251.38,Income
2024-06-04,Payment economy platform direct package.,Health & Fitness,254.9,Expense
2024-06-04,Flight interest equipment daily taxi contract.,Travel,258.66,Expense
2024-06-04,Service fuel budget digital.,Health & Fitness,974.5,Expense
2024-06-04,Among black picture that treat.,Health & Fitness,978.85,Expense
2024-06-04,System software investment hospital.,Entertainment,1956.78,Expense
2024-06-04,Booking health internet.,Utilities,444.88,Expense
2024-06-04,Mortgage clinic app express insurance adjustment.,Food & Drink,1598.12,Expense
2024-06-04,Bill tax electricity gym phone.,Salary,1035.45,Income
2024-06-05,Food annual app internet regular water automatic.,Travel,1364.17,Expense
2024-06-05,Priority pending payment advance.,Investment,2656.69,Income
2024-06-05,Total transfer parking entertainment entertainment.,Health & Fitness,1341.67,Expense
2024-06-05,Mall express.,Utilities,1492.79,Expense
2024-06-05,Insurance automatic daily investment network.,Investment,1687.5,Income
2024-06-05,Invoice net salary hotel software platform.,Rent,309.04,Expense
2024-06-05,Investment digital gross material salary express.,Investment,4015.02,Income
2024-06-06,Debit vendor credit payment priority.,Rent,1510.54,Expense
2024-06-06,Business taxi.,Travel,1830.39,Expense
2024-06-06,Travel insurance tools interest.,Rent,1378.17,Expense
2024-06-06,Economy train.,Utilities,1656.39,Expense
2024-06-06,Network deposit parking.,Shopping,1482.09,Expense
2024-06-06,Remain seven marriage.,Food & Drink,1008.66,Expense
2024-06-06,Online regular.,Other,4007.05,Income
2024-06-07,Monthly automatic.,Other,4346.12,Income
2024-06-07,Loan network service platform network economy pharmacy.,Entertainment,1315.72,Expense
2024-06-07,Investment material discount advance.,Entertainment,1325.96,Expense
2024-06-07,Online mall processed economy economy restaurant gross.,Travel,1159.84,Expense
2024-06-07,Advance fuel electricity.,Health & Fitness,1303.17,Expense
2024-06-07,Positive free case.,Investment,2384.0,Income
2024-06-07,Parking hardware mortgage account premium hardware.,Rent,1234.36,Expense
2024-06-07,Gross restaurant tools freelance.,Investment,2796.3,Income
2024-06-07,Hospital booking entertainment.,Utilities,617.08,Expense
2024-06-07,App restaurant.,Health & Fitness,357.71,Expense
2024-06-08,Utility charge deal balance app project.,Health & Fitness,328.61,Expense
2024-06-08,Charge tax premium entertainment business restaurant travel.,Food & Drink,905.39,Expense
2024-06-08,Equipment balance pending.,Shopping,1439.51,Expense
2024-06-09,Account total personal.,Health & Fitness,429.52,Expense
2024-06-09,Monthly hospital.,Entertainment,488.15,Expense
2024-06-09,Equipment advance package bus economy.,Other,2883.81,Income
2024-06-09,Wide shoulder according strong.,Other,2232.0,Income
2024-06-09,Platform discount water pharmacy freelance mall app.,Other,2812.99,Income
2024-06-09,Market gross grocery.,Utilities,948.77,Expense
2024-06-09,Financial bonus bus freelance internet financial.,Entertainment,936.8,Expense
2024-06-10,Invoice platform personal budget bonus monthly.,Utilities,442.04,Expense
2024-06-10,Freelance phone management.,Rent,1546.3,Expense
2024-06-10,Renewal tools parking.,Utilities,551.19,Expense
2024-06-10,Purchase shop.,Entertainment,1143.06,Expense
2024-06-10,Expert commercial entire resource.,Investment,3467.0,Income
2024-06-10,Internet gross account tax bonus special food.,Rent,522.19,Expense
2024-06-10,Health app project standard discount balance.,Rent,704.99,Expense
2024-06-10,Savings delivery.,Food & Drink,616.32,Expense
2024-06-10,Phone mall monthly.,Rent,1105.04,Expense
2024-06-10,Travel restaurant daily restaurant store plan pharmacy.,Rent,449.5,Expense
2024-06-11,Standard project daily economy.,Shopping,378.17,Expense
2024-06-11,Financial service budget bus standard.,Health & Fitness,359.8,Expense
2024-06-11,Interest net tools reward fee software.,Investment,667.81,Income
2024-06-11,Service renewal economy priority discount.,Investment,3236.54,Income
2024-06-11,Grocery network hospital freelance booking.,Investment,4308.7,Income
2024-06-11,Personal electricity deal transfer train automatic.,Health & Fitness,861.24,Expense
2024-06-12,Deposit fee fuel discount.,Travel,1168.46,Expense
2024-06-12,Picture early send morning.,Rent,1325.61,Expense
2024-06-12,Entertainment online loan taxi.,Other,2879.84,Income
2024-06-12,Salary deposit discount support financial fee software.,Shopping,908.27,Expense
2024-06-12,Priority annual daily system electricity.,Salary,1195.71,Income
2024-06-12,Tools tax parking vendor.,Health & Fitness,1103.16,Expense
2024-06-12,Health interest personal.,Rent,1744.41,Expense
2024-06-12,App automatic management.,Rent,154.72,Expense
2024-06-12,Food clinic bill internet special service market.,Entertainment,304.35,Expense
2024-06-13,Loan pharmacy adjustment electricity deposit.,Entertainment,1186.67,Expense
2024-06-13,Gross utility travel tools.,Investment,1610.69,Income
2024-06-13,Digital direct salary.,Utilities,873.51,Expense
2024-06-13,Discount invoice health store.,Utilities,710.87,Expense
2024-06-13,Some gun ahead certainly act.,Salary,963.25,Income
2024-06-13,Advance hardware daily pending.,Health & Fitness,1714.99,Expense
2024-06-13,Soon including important.,Health & Fitness,1443.31,Expense
2024-06-14,Total booking parking renewal.,Entertainment,1416.73,Expense
2024-06-14,Standard utility store.,Health & Fitness,1374.28,Expense
2024-06-14,Net tools household deposit interest invoice.,Food & Drink,930.49,Expense
2024-06-14,Hardware account.,Health & Fitness,578.07,Expense
2024-06-14,Be fire.,Shopping,54.67,Expense
2024-06-15,Monthly loan hospital hotel subscription charge economy.,Entertainment,1897.38,Expense
2024-06-15,Software platform direct fuel.,Food & Drink,735.52,Expense
2024-06-15,Article service produce political.,Investment,1603.0,Income
2024-06-15,Express premium delivery tax market.,Salary,553.67,Income
2024-06-15,Standard hospital processed contract.,Utilities,1309.36,Expense
2024-06-16,Interest market internet.,Entertainment,1651.39,Expense
2024-06-16,Within woman.,Food & Drink,1782.69,Expense
2024-06-16,Automatic renewal network hospital net health savings.,Food & Drink,774.6,Expense
2024-06-16,Store food mortgage loan freelance express.,Investment,729.99,Income
2024-06-16,Electricity hardware fuel household bus travel.,Other,1047.74,Income
2024-06-16,Management priority utility app pending app pharmacy.,Salary,979.1,Income
2024-06-17,Information though red.,Investment,2615.0,Income
2024-06-17,Travel net advance water.,Other,3031.88,Income
2024-06-18,Regular charge investment interest grocery health support.,Shopping,823.28,Expense
2024-06-18,Taxi app support hotel purchase hotel gym.,Health & Fitness,1613.14,Expense
2024-06-18,Shop subscription weekly system tools.,Entertainment,1935.91,Expense
2024-06-18,Balance platform platform deposit savings salary express.,Food & Drink,1428.9,Expense
2024-06-18,Project business.,Salary,1110.11,Income
2024-06-18,Monthly mortgage purchase advance order deposit.,Food & Drink,1688.24,Expense
2024-06-18,Weekly gross train household booking utility.,Utilities,676.83,Expense
2024-06-18,Salary client bonus.,Entertainment,959.47,Expense
2024-06-19,Bonus app.,Investment,1384.34,Income
2024-06-19,Renewal charge tools loan investment contract gym.,Food & Drink,1370.85,Expense
2024-06-19,Bus renewal grocery.,Utilities,1828.56,Expense
2024-06-19,Health booking train equipment credit.,Shopping,1010.71,Expense
2024-06-19,Debit discount pending deal.,Rent,256.7,Expense
2024-06-19,Software renewal booking.,Investment,3623.62,Income
2024-06-20,Gross bonus delivery client market hotel fee.,Health & Fitness,648.78,Expense
2024-06-20,Premium pending financial annual support standard.,Salary,285.71,Income
2024-06-20,Processed budget charge.,Travel,1239.46,Expense
2024-06-21,Land day name small.,Food & Drink,1758.23,Expense
2024-06-21,Support package fee automatic.,Utilities,822.42,Expense
2024-06-21,Training account evidence month.,Shopping,1202.72,Expense
2024-06-21,Charge entertainment invoice plan health market renewal.,Travel,1158.71,Expense
2024-06-21,Subscription contract hardware water payment account.,Utilities,654.49,Expense
2024-06-21,Deal renewal management vendor delivery service entertainment.,Entertainment,1301.74,Expense
2024-06-21,Total account plan salary bonus charge health.,Utilities,730.46,Expense
2024-06-21,Standard freelance maintenance gym restaurant.,Other,4203.91,Income
2024-06-21,Booking material subscription.,Shopping,1300.2,Expense
2024-06-22,Economy booking bus bill monthly daily monthly.,Utilities,287.02,Expense
2024-06-22,Train budget support electricity gym.,Other,2175.57,Income
2024-06-22,Net credit.,Shopping,1555.0,Expense
2024-06-22,Network client business phone financial.,Health & Fitness,1428.76,Expense
2024-06-22,Thought sit identify culture.,Travel,1895.04,Expense
2024-06-22,Client monthly software budget platform.,Utilities,1682.15,Expense
2024-06-23,Entertainment client tools online client pharmacy.,Health & Fitness,1149.82,Expense
2024-06-23,Maintenance monthly savings savings investment.,Utilities,1557.65,Expense
2024-06-23,Rule success.,Salary,1197.1,Income
2024-06-23,Online pending.,Other,2833.58,Income
2024-06-23,Fuel digital weekly order monthly material charge.,Health & Fitness,1906.53,Expense
2024-06-23,Already free.,Salary,1735.93,Income
2024-06-23,Yeah exist behavior necessary miss.,Other,1669.0,Income
2024-06-23,Agreement someone.,Utilities,1250.19,Expense
2024-06-23,Strategy fight institution.,Utilities,1451.13,Expense
2024-06-23,Bonus debit bonus hotel.,Salary,871.71,Income
2024-06-23,Freelance interest maintenance invoice.,Rent,1306.22,Expense
2024-06-23,Online balance order economy mortgage account.,Rent,385.66,Expense
2024-06-24,Booking daily app balance automatic processed debit.,Health & Fitness,1034.97,Expense
2024-06-24,Loan mall utility freelance material.,Rent,1132.26,Expense
2024-06-24,Package mall net service savings bonus.,Food & Drink,1208.48,Expense
2024-06-25,Insurance bus app processed processed interest.,Entertainment,1695.5,Expense
2024-06-25,Personal business plan payment parking invoice.,Rent,669.99,Expense
2024-06-25,Mall deal mall internet express freelance parking.,Travel,1543.72,Expense
2024-06-25,Restaurant deposit market shop shop invoice fee.,Travel,1459.52,Expense
2024-06-25,Personal premium freelance travel package credit.,Health & Fitness,764.9,Expense
2024-06-25,Store credit deposit bus booking.,Food & Drink,745.52,Expense
2024-06-25,Restaurant software.,Utilities,1076.87,Expense
2024-06-26,Bonus financial renewal freelance.,Utilities,1064.37,Expense
2024-06-26,Premium express.,Investment,2972.13,Income
2024-06-26,Mortgage store clinic phone.,Salary,1145.15,Income
2024-06-26,Water salary.,Salary,1021.31,Income
2024-06-27,Renewal adjustment digital invoice.,Food & Drink,1430.42,Expense
2024-06-27,Shop special.,Shopping,446.32,Expense
2024-06-27,Regular weekly.,Entertainment,699.44,Expense
2024-06-27,Internet payment savings material electricity management.,Entertainment,912.02,Expense
2024-06-27,Plan vendor system balance.,Salary,678.74,Income
2024-06-27,Automatic entertainment booking freelance delivery hotel parking.,Rent,748.5,Expense
2024-06-27,Standard payment delivery system mall total.,Travel,1083.32,Expense
2024-06-27,Health charge charge renewal.,Utilities,685.22,Expense
2024-06-28,Credit regular platform budget freelance delivery.,Investment,1937.96,Income
2024-06-28,Water insurance business tools.,Health & Fitness,1156.48,Expense
2024-06-28,Express parking bus.,Travel,1672.8,Expense
2024-06-28,Advance flight.,Rent,1201.12,Expense
2024-06-28,Software interest.,Investment,3286.1,Income
2024-06-29,Balance tools order express transfer entertainment management.,Utilities,844.53,Expense
2024-06-29,Mall project mall household.,Entertainment,527.62,Expense
2024-06-29,Order automatic investment personal delivery annual purchase.,Investment,954.41,Income
2024-06-29,Loan taxi.,Health & Fitness,134.08,Expense
2024-06-30,Premium weekly regular express.,Utilities,1108.32,Expense
2024-06-30,Deposit daily.,Health & Fitness,1106.63,Expense
2024-06-30,Train food package advance bus.,Rent,182.82,Expense
2024-06-30,Business gross priority restaurant salary water.,Utilities,1293.17,Expense
2024-06-30,Water clinic payment deposit account hospital business.,Food & Drink,501.37,Expense
2024-06-30,Economy monthly.,Entertainment,860.03,Expense
2024-06-30,Adjustment booking online bus economy.,Utilities,165.47,Expense
2024-07-01,Electricity premium entertainment.,Entertainment,466.55,Expense
2024-07-01,Medical buy series walk large.,Other,3657.0,Income
2024-07-01,Train restaurant shop grocery market.,Utilities,1552.96,Expense
2024-07-01,Internet vendor economy.,Entertainment,806.82,Expense
2024-07-02,Reward service regular contract automatic.,Other,2198.52,Income
2024-07-02,Maintenance order debit.,Travel,1289.45,Expense
2024-07-02,Flight booking delivery water tax.,Investment,2768.03,Income
2024-07-02,Mall subscription.,Travel,719.03,Expense
2024-07-02,Loan store phone fee mall plan personal.,Salary,524.42,Income
2024-07-02,Fuel travel plan pharmacy flight contract premium.,Shopping,897.96,Expense
2024-07-02,Transfer hotel bill.,Other,3126.06,Income
2024-07-02,Water material salary gym account bus.,Travel,766.77,Expense
2024-07-02,Shop bus package standard network.,Food & Drink,1702.67,Expense
2024-07-02,Payment electricity automatic insurance total tax.,Rent,163.36,Expense
2024-07-02,Hospital app platform reward mortgage health.,Utilities,769.52,Expense
2024-07-03,Bus bus flight.,Shopping,1526.82,Expense
2024-07-03,Client subscription flight software processed deposit order.,Utilities,215.81,Expense
2024-07-03,Purchase hospital.,Utilities,56.11,Expense
2024-07-03,Fee mall business balance grocery adjustment.,Salary,278.72,Income
2024-07-03,Loan clinic payment weekly pharmacy regular.,Utilities,825.1,Expense
2024-07-03,Standard annual debit debit booking.,Rent,1769.03,Expense
2024-07-03,Platform premium hardware health restaurant.,Utilities,712.37,Expense
2024-07-04,Salary online platform.,Entertainment,358.97,Expense
2024-07-04,Bus train food app.,Food & Drink,1484.55,Expense
2024-07-04,Hardware internet plan pending fuel net.,Salary,901.91,Income
2024-07-05,Reward vendor vendor.,Utilities,1762.55,Expense
2024-07-05,Management service.,Salary,1649.69,Income
2024-07-05,Tax invoice.,Other,2099.52,Income
2024-07-05,Household network invoice taxi grocery.,Rent,1410.75,Expense
2024-07-05,Market food purchase clinic.,Rent,1110.45,Expense
2024-07-05,Law work.,Investment,2157.0,Income
2024-07-05,Deposit adjustment weekly health.,Salary,830.15,Income
2024-07-05,Processed food internet project client.,Travel,559.0,Expense
2024-07-05,Economy budget store.,Health & Fitness,907.04,Expense
2024-07-06,Pending utility subscription total.,Utilities,710.49,Expense
2024-07-06,Parking advance discount equipment processed purchase.,Utilities,1121.46,Expense
2024-07-06,Research visit program suddenly doctor.,Shopping,1654.76,Expense
2024-07-06,Investment plan mall.,Salary,952.64,Income
2024-07-06,Hardware net parking hospital electricity subscription.,Health & Fitness,1326.57,Expense
2024-07-06,Tax plan clinic automatic store contract.,Health & Fitness,410.52,Expense
2024-07-06,Booking contract bonus automatic package.,Salary,556.74,Income
2024-07-07,Hardware project grocery.,Salary,845.89,Income
2024-07-07,Market mall market discount personal health purchase.,Travel,1006.17,Expense
2024-07-07,Better republican stock bank.,Rent,195.45,Expense
2024-07-07,Thousand live land hard.,Food & Drink,1794.97,Expense
2024-07-07,Mind easy foreign old.,Food & Drink,1756.73,Expense
2024-07-07,Client express financial gym phone total.,Investment,3249.76,Income
2024-07-07,Project spring of.,Utilities,956.98,Expense
2024-07-08,Advance internet vendor management delivery.,Rent,1392.16,Expense
2024-07-08,Automatic loan payment.,Rent,233.87,Expense
2024-07-08,Interest budget software phone client.,Rent,250.17,Expense
2024-07-08,System loan standard advance.,Travel,1071.73,Expense
2024-07-08,Special direct.,Food & Drink,933.34,Expense
2024-07-09,Equipment water food standard hospital.,Utilities,539.94,Expense
2024-07-09,Contract deal deposit delivery deposit.,Other,2542.34,Income
2024-07-09,System client special booking.,Utilities,268.95,Expense
2024-07-09,Hospital utility tools charge market daily.,Health & Fitness,1011.38,Expense
2024-07-09,Savings deposit express clinic direct.,Travel,683.87,Expense
2024-07-09,Grocery system clinic store hardware payment transfer.,Salary,909.05,Income
2024-07-09,Mall account digital health special entertainment.,Food & Drink,401.95,Expense
2024-07-10,Pending order order grocery.,Salary,1107.79,Income
2024-07-10,Utility store debit shop.,Rent,703.35,Expense
2024-07-10,Regular app premium.,Rent,651.35,Expense
2024-07-10,Order grocery project pending automatic.,Food & Drink,1072.26,Expense
2024-07-11,Bonus mall discount deal.,Health & Fitness,724.8,Expense
2024-07-11,Priority hotel monthly shop water client.,Shopping,1171.29,Expense
2024-07-11,Insurance mortgage.,Rent,439.12,Expense
2024-07-12,Interest travel.,Entertainment,1869.35,Expense
2024-07-12,Annual digital internet food store.,Other,1163.54,Income
2024-07-12,Management market.,Shopping,1765.92,Expense
2024-07-12,Management mortgage subscription fuel freelance.,Entertainment,1003.2,Expense
2024-07-13,Hardware daily fee flight app pending parking.,Salary,523.35,Income
2024-07-13,Deposit entertainment charge express market entertainment.,Utilities,1086.12,Expense
2024-07-13,Tax business travel digital system adjustment invoice.,Travel,1604.95,Expense
2024-07-13,Open million house enough.,Shopping,1048.87,Expense
2024-07-13,Equipment entertainment service.,Travel,1596.46,Expense
2024-07-13,Personal financial annual.,Salary,959.55,Income
2024-07-13,You ready way rule.,Food & Drink,1398.31,Expense
2024-07-13,Invoice deposit financial.,Health & Fitness,545.49,Expense
2024-07-13,Transfer charge tax digital.,Investment,3309.22,Income
2024-07-13,Flight express standard fee clinic mortgage.,Salary,405.71,Income
2024-07-14,Support household travel loan water.,Other,2643.04,Income
2024-07-14,Grocery credit food annual.,Food & Drink,903.89,Expense
2024-07-14,Bus discount package regular online.,Shopping,977.35,Expense
2024-07-14,Deposit purchase savings.,Entertainment,1805.43,Expense
2024-07-14,Household financial.,Entertainment,1230.02,Expense
2024-07-14,Food household store delivery renewal.,Travel,1190.46,Expense
2024-07-14,Deal fuel.,Shopping,943.47,Expense
2024-07-14,Shop processed deposit phone entertainment pending adjustment.,Other,1691.26,Income
2024-07-15,Deposit package express contract order business.,Entertainment,1919.97,Expense
2024-07-15,Flight savings utility client flight.,Entertainment,1423.84,Expense
2024-07-15,Fuel gym economy bill pharmacy parking net.,Travel,900.87,Expense
2024-07-15,Advance investment daily utility app software adjustment.,Investment,3887.01,Income
2024-07-15,Digital account service hardware.,Shopping,1700.11,Expense
2024-07-16,Equipment advance direct mall shop travel.,Rent,1147.97,Expense
2024-07-16,App automatic automatic standard.,Shopping,1513.9,Expense
2024-07-16,Net order monthly utility water regular credit.,Health & Fitness,1196.32,Expense
2024-07-16,Certain camera represent.,Salary,1581.22,Income
2024-07-16,Software equipment app parking equipment direct.,Shopping,738.46,Expense
2024-07-16,Water software parking bonus equipment online.,Utilities,448.0,Expense
2024-07-17,Interest loan order invoice hospital package package.,Travel,1257.76,Expense
2024-07-17,Hardware loan order.,Entertainment,805.87,Expense
2024-07-17,Purchase freelance platform.,Salary,1043.18,Income
2024-07-17,Management hospital project.,Travel,1138.84,Expense
2024-07-17,Vendor mall total priority tax order.,Salary,685.57,Income
2024-07-17,Reward vendor taxi standard.,Rent,771.32,Expense
2024-07-18,Network restaurant.,Shopping,973.77,Expense
2024-07-18,Electricity health equipment.,Rent,637.45,Expense
2024-07-18,Phone equipment renewal.,Health & Fitness,1890.85,Expense
2024-07-18,Processed tools adjustment personal investment.,Salary,527.47,Income
2024-07-18,Loan gross interest software app discount.,Utilities,64.57,Expense
2024-07-18,Business economy investment net priority credit debit.,Other,3880.98,Income
2024-07-18,Premium package flight bus phone business.,Entertainment,1083.4,Expense
2024-07-18,Equipment credit.,Shopping,942.07,Expense
2024-07-18,Business investment daily client fee system budget.,Utilities,877.37,Expense
2024-07-18,Daily household insurance fuel grocery parking.,Entertainment,611.44,Expense
2024-07-19,Parking debit train discount phone.,Health & Fitness,250.21,Expense
2024-07-19,Payment monthly net.,Entertainment,1157.42,Expense
2024-07-19,Discount bus market bill credit entertainment.,Shopping,206.16,Expense
2024-07-19,Salary economy total insurance standard adjustment.,Travel,999.24,Expense
2024-07-19,Discount deposit regular freelance flight vendor.,Travel,1018.67,Expense
2024-07-20,Bill equipment plan charge mortgage.,Travel,1645.02,Expense
2024-07-20,Special order purchase.,Utilities,440.42,Expense
2024-07-20,Tell brother defense list second.,Rent,856.72,Expense
2024-07-21,Charge insurance utility restaurant network weekly.,Utilities,49.82,Expense
2024-07-21,Deposit adjustment personal pharmacy annual salary weekly.,Shopping,508.95,Expense
2024-07-21,Business bus total fee.,Entertainment,1355.59,Expense
2024-07-21,Shop digital account household mortgage personal service.,Salary,962.36,Income
2024-07-21,Software package mall package hospital tools insurance.,Utilities,1085.37,Expense
2024-07-21,Tv budget system book.,Entertainment,1821.07,Expense
2024-07-22,Face mission brother figure hear.,Other,2611.0,Income
2024-07-22,Gym transfer.,Rent,1565.36,Expense
2024-07-22,Online client utility.,Investment,2396.27,Income
2024-07-22,Automatic mortgage freelance.,Utilities,50.68,Expense
2024-07-22,Client direct digital subscription special household.,Salary,1818.89,Income
2024-07-23,Health project delivery financial project hotel special.,Health & Fitness,1630.64,Expense
2024-07-23,Democratic standard major.,Investment,3572.0,Income
2024-07-23,App adjustment tools automatic deposit.,Entertainment,1323.68,Expense
2024-07-23,Booking software.,Rent,1788.47,Expense
2024-07-23,Vendor premium weekly freelance daily.,Rent,1518.19,Expense
2024-07-23,Direct total annual premium system electricity clinic.,Health & Fitness,728.43,Expense
2024-07-23,Agreement central six instead.,Investment,4780.0,Income
2024-07-23,Online online.,Utilities,456.87,Expense
2024-07-23,Platform taxi.,Entertainment,609.97,Expense
2024-07-24,Online digital monthly loan electricity restaurant.,Other,3918.3,Income
2024-07-24,Clinic purchase monthly.,Health & Fitness,918.08,Expense
2024-07-24,Direct renewal premium mall contract.,Food & Drink,972.58,Expense
2024-07-24,Payment household phone utility.,Rent,1638.08,Expense
2024-07-25,Automatic personal credit.,Entertainment,768.34,Expense
2024-07-25,Automatic digital material.,Entertainment,950.81,Expense
2024-07-25,Give that individual of not.,Health & Fitness,823.6,Expense
2024-07-26,Economy plan.,Health & Fitness,1218.18,Expense
2024-07-26,Equipment account credit discount store delivery health.,Other,2861.06,Income
2024-07-26,Reward support invoice clinic bill adjustment tax.,Rent,1463.36,Expense
2024-07-26,Insurance interest service.,Rent,895.52,Expense
2024-07-26,Savings daily payment household clinic.,Food & Drink,772.25,Expense
2024-07-26,Store net bonus premium.,Other,2239.51,Income
2024-07-26,Salary utility parking economy material monthly.,Salary,494.63,Income
2024-07-26,Purchase subscription renewal.,Salary,885.33,Income
2024-07-26,Little result paper seven.,Other,2577.0,Income
2024-07-26,Seven project chance road.,Shopping,1133.69,Expense
2024-07-26,Express entertainment bill maintenance gym vendor.,Shopping,396.16,Expense
2024-07-26,Professor important do house must.,Shopping,1512.39,Expense
2024-07-26,Equipment monthly support vendor.,Salary,103.03,Income
2024-07-26,Position tend religious.,Salary,365.65,Income
2024-07-26,Advance savings order.,Utilities,526.17,Expense
2024-07-27,Plan invoice purchase gym train electricity grocery.,Utilities,941.28,Expense
2024-07-27,My serious whatever miss seek.,Health & Fitness,1550.65,Expense
2024-07-27,Someone religious night buy nice.,Salary,515.02,Income
2024-07-27,Flight debit regular express.,Travel,337.42,Expense
2024-07-27,Build view.,Utilities,1711.45,Expense
2024-07-27,App pharmacy fee premium.,Rent,1439.09,Expense
2024-07-27,Delivery adjustment digital account freelance hotel.,Shopping,1089.72,Expense
2024-07-27,Loan insurance clinic fee.,Investment,3149.93,Income
2024-07-27,Hotel management.,Shopping,813.71,Expense
2024-07-28,Entertainment budget.,Other,3579.62,Income
2024-07-28,Entertainment weekly market credit investment software salary.,Utilities,1662.4,Expense
2024-07-28,Order economy invoice pharmacy.,Salary,141.34,Income
2024-07-28,Be move fly open.,Utilities,209.55,Expense
2024-07-28,Ever day.,Entertainment,898.72,Expense
2024-07-28,Freelance credit app insurance store personal digital.,Travel,915.45,Expense
2024-07-28,Total support gym project weekly renewal.,Rent,931.88,Expense
2024-07-29,System market internet plan processed deal.,Rent,217.52,Expense
2024-07-29,Fish either boy between collection.,Food & Drink,329.87,Expense
2024-07-29,Food gym health.,Travel,761.97,Expense
2024-07-29,Eight bed fill.,Food & Drink,1610.7,Expense
2024-07-29,Monthly salary.,Entertainment,756.91,Expense
2024-07-29,Hotel balance grocery economy hardware hardware maintenance.,Entertainment,546.83,Expense
2024-07-29,Travel internet parking market.,Utilities,920.67,Expense
2024-07-29,Future congress.,Health & Fitness,1603.7,Expense
2024-07-29,Invoice financial software.,Travel,92.97,Expense
2024-07-30,Premium automatic client personal material.,Food & Drink,676.26,Expense
2024-07-30,Personal market charge economy shop.,Salary,673.1,Income
2024-07-30,Hope floor include.,Rent,533.55,Expense
2024-07-30,Arrive which consider.,Salary,1852.46,Income
2024-07-30,Charge regular advance express automatic.,Rent,534.16,Expense
2024-07-30,App investment.,Entertainment,628.62,Expense
2024-07-30,Subscription annual.,Investment,3454.84,Income
2024-07-30,Annual support software advance adjustment flight.,Salary,997.6,Income
2024-07-30,System client gym.,Investment,957.91,Income
2024-07-31,Business financial delivery.,Investment,2550.96,Income
2024-07-31,Tax account.,Other,4210.52,Income
2024-07-31,Support credit direct utility.,Food & Drink,1905.98,Expense
2024-07-31,Charge project online subscription bill.,Utilities,170.53,Expense
2024-07-31,Invoice project material bonus project software automatic.,Salary,1193.63,Income
2024-08-01,Daily debit discount premium payment electricity automatic.,Shopping,235.64,Expense
2024-08-01,Tax contract insurance plan entertainment.,Travel,995.05,Expense
2024-08-01,Regular automatic financial renewal.,Entertainment,1683.66,Expense
2024-08-01,Freelance processed parking vendor platform deposit internet.,Other,3232.58,Income
2024-08-01,Grocery delivery plan management.,Utilities,560.23,Expense
2024-08-01,Heart still building.,Food & Drink,1451.74,Expense
2024-08-01,Processed digital maintenance weekly investment automatic.,Investment,2295.38,Income
2024-08-02,We especially five network.,Food & Drink,1891.97,Expense
2024-08-02,Charge order.,Food & Drink,1706.54,Expense
2024-08-02,Equipment service reward app booking priority.,Utilities,517.3,Expense
2024-08-02,Parking clinic monthly total deposit support service.,Utilities,713.78,Expense
2024-08-02,Software purchase net adjustment.,Shopping,1451.89,Expense
2024-08-02,Reward purchase charge reward.,Other,1700.9,Income
2024-08-02,Sell only manage.,Shopping,1231.79,Expense
2024-08-03,Renewal gross system train material.,Salary,1026.12,Income
2024-08-03,Push east never size fight.,Travel,397.55,Expense
2024-08-03,Grocery net regular taxi transfer parking tax.,Utilities,664.08,Expense
2024-08-03,Digital pending personal.,Travel,923.48,Expense
2024-08-03,Ahead plant trial affect.,Salary,883.55,Income
2024-08-04,Subscription subscription loan savings deal.,Travel,952.83,Expense
2024-08-04,Material financial flight project internet.,Salary,1362.16,Income
2024-08-04,Renewal bus.,Entertainment,1148.95,Expense
2024-08-04,Investment train weekly online daily economy.,Utilities,996.66,Expense
2024-08-04,Monthly credit daily processed electricity.,Travel,1189.71,Expense
2024-08-04,System bus monthly contract.,Other,3681.28,Income
2024-08-04,Processed credit contract train water account.,Food & Drink,745.62,Expense
2024-08-04,Booking financial flight.,Health & Fitness,327.95,Expense
2024-08-04,Household tools pharmacy subscription shop savings.,Entertainment,980.96,Expense
2024-08-05,Charge fuel.,Utilities,1837.09,Expense
2024-08-05,Contract pending regular fee plan.,Entertainment,1506.11,Expense
2024-08-05,Annual platform account net processed travel household.,Shopping,1131.14,Expense
2024-08-05,Health daily investment.,Other,2585.33,Income
2024-08-05,Water fuel payment.,Utilities,875.1,Expense
2024-08-06,Bonus platform fee premium credit.,Food & Drink,471.37,Expense
2024-08-06,Household loan weekly flight.,Food & Drink,528.7,Expense
2024-08-06,Digital advance service restaurant.,Travel,1213.07,Expense
2024-08-06,Express account train mortgage maintenance financial.,Entertainment,971.21,Expense
2024-08-06,Financial gym processed shop clinic.,Salary,34.87,Income
2024-08-06,Express entertainment.,Investment,2594.29,Income
2024-08-07,Internet budget discount.,Other,2099.22,Income
2024-08-07,Freelance network pending net tools management.,Shopping,1356.04,Expense
2024-08-07,Network fee savings.,Rent,560.3,Expense
2024-08-07,Loan annual mall special package flight.,Shopping,1435.58,Expense
2024-08-07,Vendor economy contract management.,Travel,913.01,Expense
2024-08-07,Priority direct subscription balance.,Investment,2969.01,Income
2024-08-07,Software network.,Utilities,564.95,Expense
2024-08-07,Credit internet deal.,Salary,1642.91,Income
2024-08-07,Deal hotel order hospital household budget.,Entertainment,768.74,Expense
2024-08-08,Delivery total hardware subscription water.,Rent,1335.43,Expense
2024-08-08,Base player data whose.,Entertainment,1234.23,Expense
2024-08-08,Platform weekly health hospital internet.,Rent,1294.93,Expense
2024-08-08,Client tools economy.,Food & Drink,257.09,Expense
2024-08-08,Gym utility project internet freelance management contract.,Rent,1308.23,Expense
2024-08-09,Management health premium management hardware.,Travel,1394.0,Expense
2024-08-09,World site mr interest treatment.,Health & Fitness,486.12,Expense
2024-08-09,Order project hotel priority parking payment.,Food & Drink,1689.92,Expense
2024-08-09,Software clinic restaurant.,Salary,533.33,Income
2024-08-09,Travel material flight.,Travel,1170.27,Expense
2024-08-10,Credit deal.,Other,1419.96,Income
2024-08-10,Hotel app renewal insurance bus deal automatic.,Other,2107.26,Income
2024-08-10,Bonus renewal premium invoice material.,Food & Drink,396.46,Expense
2024-08-10,Credit deal mall adjustment subscription net parking.,Shopping,404.75,Expense
2024-08-10,Insurance phone water account.,Other,3196.1,Income
2024-08-11,Economy store salary.,Rent,366.88,Expense
2024-08-11,Delivery total mall food hardware.,Investment,2057.11,Income
2024-08-11,A let.,Investment,1211.0,Income
2024-08-11,Debit vendor interest equipment personal deposit freelance.,Shopping,1490.9,Expense
2024-08-11,Pharmacy grocery hospital taxi deposit automatic deal.,Food & Drink,126.17,Expense
2024-08-11,Bonus household.,Health & Fitness,1883.76,Expense
2024-08-11,Restaurant investment monthly deal economy tools processed.,Rent,723.98,Expense
2024-08-11,Direct pharmacy software insurance app train renewal.,Health & Fitness,430.93,Expense
2024-08-12,Deposit maintenance shop service.,Food & Drink,136.18,Expense
2024-08-12,Equipment credit purchase vendor digital support insurance.,Entertainment,1392.5,Expense
2024-08-12,Vendor discount grocery.,Food & Drink,979.64,Expense
2024-08-12,Express digital gym booking hospital clinic.,Rent,876.32,Expense
2024-08-12,Tools renewal regular equipment regular.,Travel,784.51,Expense
2024-08-12,Project equipment project flight economy business.,Entertainment,696.27,Expense
2024-08-12,Travel account contract fuel.,Shopping,1231.56,Expense
2024-08-13,Premium total network mall annual order.,Investment,4735.46,Income
2024-08-13,Loan service grocery.,Utilities,722.35,Expense
2024-08-13,Freelance total payment weekly adjustment delivery app.,Entertainment,1018.19,Expense
2024-08-13,Water internet total regular bus.,Investment,3654.56,Income
2024-08-13,Food maintenance payment travel.,Investment,2375.07,Income
2024-08-14,Claim move.,Rent,1839.16,Expense
2024-08-14,Mall mall.,Utilities,304.68,Expense
2024-08-14,Yourself successful defense subject.,Entertainment,1040.31,Expense
2024-08-14,Weekly package market account fee financial mortgage.,Food & Drink,1626.21,Expense
2024-08-14,Parking invoice platform.,Salary,276.6,Income
2024-08-14,A value lot.,Shopping,712.72,Expense
2024-08-14,Project taxi express payment restaurant.,Travel,542.58,Expense
2024-08-14,Equipment weekly annual economy.,Travel,965.01,Expense
2024-08-15,Advance premium insurance.,Travel,1659.75,Expense
2024-08-15,Clinic subscription.,Travel,1594.13,Expense
2024-08-15,Bed recognize store.,Health & Fitness,701.48,Expense
2024-08-15,Daily special digital total health grocery digital.,Health & Fitness,1308.63,Expense
2024-08-15,Budget vendor project.,Entertainment,1596.0,Expense
2024-08-15,Charge salary software electricity transfer support.,Shopping,493.13,Expense
2024-08-16,Client hotel tools credit hospital.,Food & Drink,1105.36,Expense
2024-08-16,Material special annual contract bill food loan.,Rent,206.13,Expense
2024-08-16,Special mortgage.,Shopping,895.22,Expense
2024-08-16,Hospital business deal invoice tax household.,Other,4820.81,Income
2024-08-16,Balance pending investment express monthly.,Salary,1897.6,Income
2024-08-16,Client credit discount electricity standard food bus.,Entertainment,1077.16,Expense
2024-08-16,Total budget bill household processed booking grocery.,Health & Fitness,265.59,Expense
2024-08-16,Plan support purchase mortgage grocery.,Entertainment,685.25,Expense
2024-08-17,Express digital gym travel management.,Utilities,381.58,Expense
2024-08-17,Daily service shop.,Other,1891.1,Income
2024-08-17,Credit premium fuel annual material.,Food & Drink,1691.75,Expense
2024-08-17,Adjustment business parking freelance financial.,Entertainment,692.03,Expense
2024-08-17,Hospital financial restaurant grocery.,Utilities,822.73,Expense
2024-08-17,Adjustment savings economy renewal grocery.,Entertainment,1020.84,Expense
2024-08-18,Maintenance health order platform subscription personal hospital.,Travel,1073.62,Expense
2024-08-18,Invoice budget gym service food.,Shopping,104.01,Expense
2024-08-18,Gym parking fuel mall.,Utilities,954.27,Expense
2024-08-18,Delivery insurance mall direct.,Entertainment,425.02,Expense
2024-08-19,Invoice bill electricity financial market.,Shopping,1540.1,Expense
2024-08-19,Adjustment credit online hardware deposit hotel parking.,Food & Drink,1419.53,Expense
2024-08-19,Clinic material.,Food & Drink,1038.08,Expense
2024-08-19,Debit advance equipment deal online internet investment.,Salary,1724.58,Income
2024-08-19,Financial online equipment.,Utilities,474.59,Expense
2024-08-20,Food special mall order monthly.,Travel,1404.47,Expense
2024-08-20,Gym interest clinic.,Health & Fitness,1646.33,Expense
2024-08-20,Restaurant project transfer household bonus subscription client.,Salary,1489.84,Income
2024-08-20,Software management savings transfer hospital reward.,Health & Fitness,1534.96,Expense
2024-08-20,Automatic daily.,Travel,1506.07,Expense
2024-08-20,Bus premium debit.,Travel,951.11,Expense
2024-08-20,Savings health travel standard.,Investment,2961.26,Income
2024-08-20,Advance parking weekly.,Health & Fitness,933.7,Expense
2024-08-20,Digital special insurance hotel mortgage investment.,Travel,971.71,Expense
2024-08-21,Restaurant salary booking subscription delivery project booking.,Other,4778.72,Income
2024-08-21,Fuel train store charge.,Utilities,1156.82,Expense
2024-08-21,Charge hardware business net interest automatic.,Shopping,294.66,Expense
2024-08-21,Utility debit.,Food & Drink,248.35,Expense
2024-08-21,Freelance standard client.,Travel,287.22,Expense
2024-08-21,Service vendor network pending water daily.,Health & Fitness,898.3,Expense
2024-08-21,Household priority.,Food & Drink,906.78,Expense
2024-08-21,Delivery premium purchase water pending regular.,Travel,1048.5,Expense
2024-08-22,Total restaurant.,Investment,2659.81,Income
2024-08-22,Reward loan priority reward delivery total.,Food & Drink,1034.53,Expense
2024-08-22,Package health market invoice total.,Utilities,1134.46,Expense
2024-08-22,Hotel material transfer interest.,Other,4580.15,Income
2024-08-22,Parking bill parking service gym hotel platform.,Shopping,562.16,Expense
2024-08-22,Market hardware store electricity net standard mall.,Shopping,1044.18,Expense
2024-08-22,Package express tax train automatic fee flight.,Investment,2175.19,Income
2024-08-22,There decision measure.,Entertainment,1216.66,Expense
2024-08-23,Freelance management.,Other,2687.52,Income
2024-08-23,Play woman remain event.,Other,538.0,Income
2024-08-23,Express system water.,Salary,753.97,Income
2024-08-23,Reward project contract water.,Utilities,1005.35,Expense
2024-08-24,Tools standard network grocery hospital total.,Entertainment,883.45,Expense
2024-08-24,Subscription food support parking reward bus.,Entertainment,1697.27,Expense
2024-08-24,Charge tools gym management discount package.,Travel,974.5,Expense
2024-08-24,Clinic gym store platform automatic premium priority.,Salary,1469.59,Income
2024-08-24,Project loan regular contract restaurant store.,Investment,2167.63,Income
2024-08-24,Hospital train plan shop personal equipment support.,Utilities,998.2,Expense
2024-08-25,Participant above.,Travel,686.53,Expense
2024-08-25,Credit insurance fuel account.,Food & Drink,1871.84,Expense
2024-08-25,Debit order special.,Utilities,1522.18,Expense
2024-08-25,Market mall network.,Other,3252.11,Income
2024-08-25,Including time reflect.,Other,4906.0,Income
2024-08-25,Payment water train.,Salary,476.73,Income
2024-08-25,Decision where foreign trial.,Shopping,1017.41,Expense
2024-08-25,Support monthly discount client debit project tax.,Food & Drink,1671.11,Expense
2024-08-26,Pharmacy platform train bus.,Shopping,1433.67,Expense
2024-08-26,Bill network invoice store train financial mall.,Shopping,340.31,Expense
2024-08-26,Client express.,Travel,712.1,Expense
2024-08-26,Renewal hardware.,Other,3593.76,Income
2024-08-26,Total processed mortgage maintenance transfer invoice credit.,Health & Fitness,748.42,Expense
2024-08-26,Digital premium utility bonus debit household.,Travel,1508.67,Expense
2024-08-26,Investment fuel bus market subscription management phone.,Other,2124.3,Income
2024-08-27,Market business health annual management.,Travel,1971.58,Expense
2024-08-27,Internet purchase.,Entertainment,654.52,Expense
2024-08-27,Fee taxi.,Entertainment,887.32,Expense
2024-08-27,Automatic digital network service.,Health & Fitness,920.85,Expense
2024-08-27,Online taxi.,Travel,537.7,Expense
2024-08-27,Tax booking clinic deal.,Entertainment,1404.17,Expense
2024-08-27,Economy taxi material standard shop personal.,Utilities,652.21,Expense
2024-08-27,Good spend still.,Salary,1542.23,Income
2024-08-27,Water market weekly.,Health & Fitness,107.49,Expense
2024-08-27,Bus support special health.,Shopping,1748.91,Expense
2024-08-27,Ball theory prepare much throughout.,Travel,1391.44,Expense
2024-08-27,Investment household deal.,Investment,1940.19,Income
2024-08-28,Investment package hotel salary subscription.,Food & Drink,1074.74,Expense
2024-08-28,Entertainment invoice.,Rent,1473.6,Expense
2024-08-28,Package business savings train.,Health & Fitness,921.15,Expense
2024-08-28,Health personal.,Entertainment,696.21,Expense
2024-08-28,Concern should recent across.,Salary,1366.37,Income
2024-08-28,Course staff personal space.,Shopping,1270.99,Expense
2024-08-28,View know develop after.,Food & Drink,969.12,Expense
2024-08-29,Insurance gross balance daily discount food.,Investment,2171.9,Income
2024-08-29,Fee premium invoice mortgage.,Food & Drink,1868.37,Expense
2024-08-29,Service train loan grocery tax management plan.,Travel,74.47,Expense
2024-08-29,Bus deposit tools hotel.,Food & Drink,630.61,Expense
2024-08-29,Monthly gross material premium hotel market.,Entertainment,1088.45,Expense
2024-08-29,Discount discount total app.,Investment,3906.98,Income
2024-08-29,Premium internet restaurant restaurant.,Entertainment,1192.12,Expense
2024-08-30,Mortgage priority savings platform.,Shopping,73.43,Expense
2024-08-30,Internet savings payment financial special total freelance.,Salary,1425.26,Income
2024-08-30,Woman whose already.,Entertainment,1602.32,Expense
2024-08-30,Hospital delivery store fuel tools.,Utilities,1036.62,Expense
2024-08-30,Vendor gross taxi personal water priority mortgage.,Shopping,1033.25,Expense
2024-08-30,Bonus parking standard discount adjustment direct booking.,Health & Fitness,375.32,Expense
2024-08-30,Investment electricity bill order.,Salary,1100.49,Income
2024-08-30,Bus client hardware online online.,Shopping,846.25,Expense
2024-08-31,Bill adjustment utility utility premium plan.,Salary,1074.94,Income
2024-08-31,Taxi renewal net hospital market clinic travel.,Rent,80.54,Expense
2024-08-31,Loan payment parking credit store entertainment.,Shopping,857.99,Expense
2024-08-31,Project electricity grocery.,Shopping,712.5,Expense
2024-08-31,Equipment gross booking fee.,Utilities,1579.52,Expense
2024-09-01,Taxi annual utility flight.,Other,3683.18,Income
2024-09-01,Deal financial maintenance contract regular delivery.,Food & Drink,380.53,Expense
2024-09-01,Automatic debit entertainment plan order renewal deal.,Entertainment,536.15,Expense
2024-09-01,Decide cultural start how thank.,Health & Fitness,1037.84,Expense
2024-09-01,Savings market premium.,Utilities,1021.89,Expense
2024-09-01,Loan water transfer management.,Health & Fitness,904.21,Expense
2024-09-02,Freelance adjustment travel daily hospital.,Food & Drink,38.99,Expense
2024-09-02,Management necessary process not.,Other,2533.0,Income
2024-09-02,Vendor personal priority shop direct network.,Rent,1144.81,Expense
2024-09-02,Loan budget.,Travel,1326.7,Expense
2024-09-02,Priority budget premium client train software.,Other,4018.04,Income
2024-09-02,Project entertainment flight hotel platform purchase discount.,Travel,610.0,Expense
2024-09-03,Purchase digital total discount support booking.,Food & Drink,1837.21,Expense
2024-09-03,Plan online service fee deposit order.,Other,2392.87,Income
2024-09-03,Maintenance store gross app service health.,Travel,251.26,Expense
2024-09-04,Personal balance booking.,Rent,1334.59,Expense
2024-09-04,Payment economy plan.,Food & Drink,795.47,Expense
2024-09-04,Household weekly service economy phone delivery credit.,Shopping,1388.5,Expense
2024-09-04,Charge platform.,Rent,397.08,Expense
2024-09-04,Bill premium insurance delivery.,Entertainment,488.67,Expense
2024-09-04,Financial total.,Health & Fitness,1152.8,Expense
2024-09-05,Item yet ever quite.,Travel,373.74,Expense
2024-09-05,Loan shop total.,Rent,693.75,Expense
2024-09-05,Annual hospital net insurance balance.,Food & Drink,462.79,Expense
2024-09-05,Mall online electricity net discount bill.,Utilities,815.95,Expense
2024-09-05,Transfer priority deposit loan salary clinic gym.,Salary,1508.85,Income
2024-09-05,Express gross gross investment food.,Shopping,550.7,Expense
2024-09-05,Assume campaign assume.,Shopping,1350.66,Expense
2024-09-05,Talk thing rock ever summer.,Rent,1113.56,Expense
2024-09-05,Pass quite third ability interview.,Other,3396.0,Income
2024-09-05,Express net.,Other,2340.75,Income
2024-09-06,Plan service health pending bonus.,Rent,1284.96,Expense
2024-09-06,Guess service this different.,Entertainment,1003.01,Expense
2024-09-06,Purchase renewal loan.,Health & Fitness,897.04,Expense
2024-09-06,Delivery plan express savings financial.,Rent,1555.01,Expense
2024-09-06,Travel booking.,Rent,719.37,Expense
2024-09-06,Hospital direct mortgage fee.,Rent,1832.42,Expense
2024-09-06,Monthly monthly flight delivery bonus contract weekly.,Rent,1110.4,Expense
2024-09-06,Parking charge client charge contract food.,Salary,1030.21,Income
2024-09-07,Economy renewal.,Travel,1093.92,Expense
2024-09-07,Mother first hot free.,Investment,2674.0,Income
2024-09-08,Wrong difficult.,Entertainment,1671.53,Expense
2024-09-08,Restaurant priority renewal deposit savings internet.,Investment,1139.12,Income
2024-09-08,Parking fuel.,Salary,1061.43,Income
2024-09-08,Salary vendor.,Shopping,1201.59,Expense
2024-09-08,Travel bill personal maintenance.,Health & Fitness,928.2,Expense
2024-09-08,Transfer booking.,Rent,363.16,Expense
2024-09-08,Electricity system service digital service hospital.,Food & Drink,1577.95,Expense
2024-09-08,Renewal renewal digital water.,Food & Drink,1412.71,Expense
2024-09-08,Interest investment.,Salary,265.38,Income
2024-09-09,Service business annual package plan internet platform.,Travel,933.9,Expense
2024-09-09,Mortgage regular project household client taxi market.,Entertainment,902.11,Expense
2024-09-09,Express grocery invoice renewal daily vendor.,Health & Fitness,685.96,Expense
2024-09-10,Investment annual business personal loan.,Shopping,185.9,Expense
2024-09-10,Restaurant loan personal equipment insurance tools.,Food & Drink,1619.4,Expense
2024-09-10,Utility regular project project.,Shopping,774.78,Expense
2024-09-10,Interest project internet.,Investment,2864.0,Income
2024-09-10,Gross deposit platform subscription.,Entertainment,1324.31,Expense
2024-09-10,Online water.,Salary,1032.54,Income
2024-09-10,Online contract debit pharmacy entertainment market.,Shopping,1747.3,Expense
2024-09-10,Flight bill express bill electricity.,Rent,941.74,Expense
2024-09-10,True culture.,Health & Fitness,320.43,Expense
2024-09-11,Client express.,Travel,842.0,Expense
2024-09-11,Credit train.,Food & Drink,602.48,Expense
2024-09-11,Bill order freelance hospital financial express.,Health & Fitness,378.24,Expense
2024-09-11,Vendor direct taxi management savings adjustment internet.,Other,3133.43,Income
2024-09-11,Material support processed clinic.,Health & Fitness,615.91,Expense
2024-09-12,Hospital economy annual bus maintenance.,Entertainment,746.41,Expense
2024-09-12,Platform software pending salary payment plan deposit.,Rent,173.01,Expense
2024-09-13,Plan balance deposit reward express vendor.,Food & Drink,514.36,Expense
2024-09-13,As personal agreement.,Investment,4535.0,Income
2024-09-13,Pending balance.,Rent,784.09,Expense
2024-09-13,Electricity digital purchase internet food advance.,Shopping,1626.22,Expense
2024-09-14,Transfer advance mall savings freelance flight regular.,Investment,2613.71,Income
2024-09-14,Taxi personal market gym transfer investment.,Investment,4315.86,Income
2024-09-14,Client support interest bill.,Food & Drink,241.41,Expense
2024-09-14,Shop phone app parking tax.,Shopping,1692.61,Expense
2024-09-14,Processed debit annual flight net water automatic.,Other,4078.33,Income
2024-09-14,Water total market annual hardware phone management.,Health & Fitness,324.48,Expense
2024-09-15,Insurance savings train.,Rent,1398.33,Expense
2024-09-15,Savings gross internet direct.,Other,2313.99,Income
2024-09-15,Credit platform equipment.,Entertainment,867.25,Expense
2024-09-15,Budget maintenance.,Entertainment,721.74,Expense
2024-09-15,Shop plan shop discount.,Entertainment,923.38,Expense
2024-09-15,Plan salary insurance.,Food & Drink,897.3,Expense
2024-09-15,Or phone.,Food & Drink,1697.54,Expense
2024-09-16,Debit restaurant train account management.,Food & Drink,1958.47,Expense
2024-09-16,Software discount savings balance app standard.,Health & Fitness,909.66,Expense
2024-09-16,East list when.,Health & Fitness,989.76,Expense
2024-09-16,Household salary budget subscription bill.,Investment,4609.63,Income
2024-09-16,Platform network taxi train online vendor.,Shopping,310.62,Expense
2024-09-16,Fuel clinic budget network investment.,Entertainment,936.57,Expense
2024-09-17,Mind door authority outside.,Travel,986.7,Expense
2024-09-17,Balance train taxi.,Entertainment,1199.91,Expense
2024-09-17,Pending invoice loan bill order maintenance.,Travel,1956.82,Expense
2024-09-17,Bus order salary standard premium.,Entertainment,1091.48,Expense
2024-09-17,Personal often.,Travel,801.78,Expense
2024-09-17,True help.,Utilities,117.75,Expense
2024-09-17,Daily renewal phone.,Food & Drink,480.89,Expense
2024-09-17,Digital personal economy mortgage clinic.,Salary,750.94,Income
2024-09-17,Standard bonus premium.,Utilities,944.79,Expense
2024-09-18,Monthly invoice processed.,Rent,304.83,Expense
2024-09-18,Automatic equipment material total bill.,Entertainment,1396.54,Expense
2024-09-18,Bus adjustment insurance internet.,Health & Fitness,1872.26,Expense
2024-09-18,Artist sort area.,Salary,1879.91,Income
2024-09-18,Food grocery delivery digital gym online monthly.,Health & Fitness,854.01,Expense
2024-09-19,Processed entertainment personal mortgage purchase credit.,Salary,774.6,Income
2024-09-19,Fuel booking.,Utilities,641.84,Expense
2024-09-19,Electricity total hotel credit.,Salary,791.97,Income
2024-09-19,Balance debit order automatic business taxi.,Shopping,997.73,Expense
2024-09-19,Project household platform personal.,Utilities,709.43,Expense
2024-09-19,Invoice fuel pending mortgage delivery deal.,Utilities,621.39,Expense
2024-09-19,Parking material financial clinic maintenance.,Investment,2194.12,Income
2024-09-19,Mortgage transfer budget restaurant.,Salary,1371.65,Income
2024-09-19,Tools platform train.,Other,4455.62,Income
2024-09-20,Food payment transfer hardware weekly.,Other,1834.75,Income
2024-09-20,Digital standard savings grocery.,Rent,1277.24,Expense
2024-09-20,Credit transfer fee order.,Utilities,1440.98,Expense
2024-09-20,Priority water.,Rent,1103.15,Expense
2024-09-21,Reward priority phone restaurant insurance grocery grocery.,Salary,566.82,Income
2024-09-21,Big argue.,Other,3725.0,Income
2024-09-21,Balance freelance debit health express invoice adjustment.,Travel,983.75,Expense
2024-09-21,Client vendor.,Entertainment,915.6,Expense
2024-09-21,Credit daily freelance savings internet.,Health & Fitness,949.06,Expense
2024-09-22,Store fee monthly standard booking bonus.,Salary,836.81,Income
2024-09-22,System processed service delivery adjustment special pharmacy.,Food & Drink,1347.72,Expense
2024-09-22,Booking express digital debit booking.,Travel,1020.23,Expense
2024-09-22,Gross payment financial insurance train support delivery.,Utilities,439.38,Expense
2024-09-22,Sure i pay.,Utilities,919.82,Expense
2024-09-22,Personal utility gym express.,Other,4091.79,Income
2024-09-23,Ten skin perhaps.,Other,3085.0,Income
2024-09-23,Fuel subscription store bus bonus system.,Investment,4411.97,Income
2024-09-24,Mortgage phone personal store vendor household shop.,Travel,1950.32,Expense
2024-09-24,Less into per big.,Food & Drink,1351.47,Expense
2024-09-24,Renewal travel software pending hardware.,Travel,1074.05,Expense
2024-09-24,Package vendor discount.,Rent,911.0,Expense
2024-09-24,Service account grocery gross.,Shopping,1055.09,Expense
2024-09-24,Mall project credit renewal parking special investment.,Investment,2808.71,Income
2024-09-25,Renewal parking train balance payment gross.,Entertainment,1278.44,Expense
2024-09-25,Shop pending material.,Entertainment,1446.07,Expense
2024-09-25,Mortgage investment grocery invoice adjustment bonus.,Travel,327.73,Expense
2024-09-25,Fee debit maintenance credit.,Other,3443.98,Income
2024-09-25,Service freelance app transfer utility tax.,Food & Drink,1098.08,Expense
2024-09-25,Interest reward regular electricity pending bus.,Shopping,979.63,Expense
2024-09-25,Household payment investment.,Investment,2824.29,Income
2024-09-25,Military onto blue activity.,Rent,657.62,Expense
2024-09-26,Gross credit charge travel.,Entertainment,1565.39,Expense
2024-09-26,Credit entertainment pharmacy food hardware payment.,Travel,1472.99,Expense
2024-09-26,Taxi bus.,Salary,1923.22,Income
2024-09-26,Smile cover of pm eight.,Travel,382.43,Expense
2024-09-26,Electricity investment material.,Utilities,629.62,Expense
2024-09-26,Food debit shop priority renewal restaurant digital.,Shopping,317.36,Expense
2024-09-26,Net health store platform purchase package.,Entertainment,1306.09,Expense
2024-09-26,Right know during someone.,Travel,947.98,Expense
2024-09-27,Find job where.,Health & Fitness,375.99,Expense
2024-09-27,On must certainly.,Shopping,1404.42,Expense
2024-09-27,Fuel charge flight.,Utilities,953.2,Expense
2024-09-28,Electricity processed tax invoice credit support.,Travel,1266.59,Expense
2024-09-28,Order train.,Shopping,1563.25,Expense
2024-09-28,Market weekly transfer.,Rent,882.81,Expense
2024-09-28,Special material.,Entertainment,1116.13,Expense
2024-09-29,Shop contract monthly maintenance transfer.,Rent,320.78,Expense
2024-09-29,Economy automatic material package standard bonus.,Travel,1207.85,Expense
2024-09-29,Plan processed.,Entertainment,1184.49,Expense
2024-09-30,Fuel debit priority service booking.,Salary,884.1,Income
2024-09-30,Loan restaurant.,Shopping,460.3,Expense
2024-09-30,Savings express.,Entertainment,765.91,Expense
2024-09-30,Advance express.,Entertainment,887.51,Expense
2024-09-30,Charge account daily booking online app direct.,Entertainment,590.68,Expense
2024-09-30,Weekly utility market.,Salary,1045.76,Income
2024-10-01,Tax phone plan store financial.,Travel,503.68,Expense
2024-10-01,Market personal equipment loan.,Rent,853.95,Expense
2024-10-01,Net processed financial system.,Health & Fitness,585.37,Expense
2024-10-01,Discount charge total tax material.,Shopping,1254.23,Expense
2024-10-01,Travel priority online advance support.,Entertainment,398.76,Expense
2024-10-01,Owner fact wife.,Shopping,566.46,Expense
2024-10-01,Payment plan maintenance market.,Other,1419.73,Income
2024-10-01,Network digital purchase grocery.,Rent,931.38,Expense
2024-10-01,Price certain down standard nice.,Investment,2372.0,Income
2024-10-01,Store tools travel parking business shop maintenance.,Investment,4344.97,Income
2024-10-02,Country little reality level.,Shopping,400.17,Expense
2024-10-02,Order total gym deposit monthly.,Health & Fitness,1156.55,Expense
2024-10-02,Gas with policy cut.,Travel,1610.13,Expense
2024-10-02,Restaurant advance.,Entertainment,1872.17,Expense
2024-10-02,Gross pending payment mortgage tools interest.,Health & Fitness,1720.66,Expense
2024-10-02,Deal premium tools package priority investment equipment.,Salary,1351.75,Income
2024-10-02,Management charge transfer restaurant hardware.,Other,2647.7,Income
2024-10-03,Order direct water.,Rent,637.75,Expense
2024-10-03,Pending water water.,Utilities,433.81,Expense
2024-10-03,Network internet market total market gym system.,Health & Fitness,1884.4,Expense
2024-10-03,Parking business.,Food & Drink,1048.93,Expense
2024-10-03,Hospital fee software premium.,Food & Drink,719.63,Expense
2024-10-03,Special payment priority project grocery fuel travel.,Food & Drink,1052.55,Expense
2024-10-03,Not friend federal forget bit.,Utilities,951.24,Expense
2024-10-04,Booking deposit regular gross internet loan.,Entertainment,1286.17,Expense
2024-10-04,Lose shoulder spring.,Other,4486.0,Income
2024-10-04,Detail about development discover.,Other,4592.0,Income
2024-10-04,Equipment delivery loan advance internet fee tax.,Salary,463.46,Income
2024-10-04,Debit annual equipment hotel renewal.,Travel,751.53,Expense
2024-10-04,Support reward standard.,Food & Drink,1667.9,Expense
2024-10-05,Network savings net gym internet.,Rent,1115.64,Expense
2024-10-05,Plan internet tax bus advance subscription shop.,Investment,3150.07,Income
2024-10-05,Booking utility subscription bill premium.,Entertainment,755.65,Expense
2024-10-05,Parking support online annual advance.,Shopping,430.27,Expense
2024-10-06,Maintenance deal discount order.,Utilities,742.48,Expense
2024-10-06,Gym store hotel utility economy.,Rent,121.58,Expense
2024-10-07,Booking digital.,Entertainment,484.51,Expense
2024-10-07,Payment digital credit health.,Rent,865.3,Expense
2024-10-07,Hundred step according.,Food & Drink,802.82,Expense
2024-10-07,Water premium plan annual clinic gross health.,Rent,483.73,Expense
2024-10-07,Bonus store express direct processed special.,Health & Fitness,1357.22,Expense
2024-10-08,Grocery network account.,Shopping,1082.78,Expense
2024-10-08,Vendor savings charge parking.,Health & Fitness,681.1,Expense
2024-10-08,Tax premium mall credit.,Travel,1106.75,Expense
2024-10-08,Salary bus monthly deal contract vendor budget.,Food & Drink,1887.78,Expense
2024-10-08,Freelance financial financial utility reward project transfer.,Utilities,672.42,Expense
2024-10-08,Group never.,Food & Drink,438.78,Expense
2024-10-08,Hotel hotel standard standard contract digital.,Entertainment,888.09,Expense
2024-10-08,Processed water.,Investment,1860.17,Income
2024-10-09,Credit annual store regular booking system.,Investment,2915.83,Income
2024-10-09,Special debit freelance salary weekly.,Entertainment,487.02,Expense
2024-10-09,Account food health insurance.,Rent,646.01,Expense
2024-10-09,Processed express.,Investment,2662.72,Income
2024-10-09,Deposit renewal.,Food & Drink,1988.96,Expense
2024-10-09,Discount financial renewal monthly.,Travel,972.71,Expense
2024-10-09,Key place tree.,Rent,905.21,Expense
2024-10-09,Total financial digital deposit electricity management.,Investment,2609.97,Income
2024-10-10,Processed maintenance phone booking parking.,Travel,891.25,Expense
2024-10-10,Wish current.,Health & Fitness,727.01,Expense
2024-10-10,Grocery processed hardware flight reward business.,Health & Fitness,580.29,Expense
2024-10-10,Taxi software parking.,Investment,4080.77,Income
2024-10-10,Despite energy company.,Travel,694.84,Expense
2024-10-10,Clinic investment equipment.,Other,4499.0,Income
2024-10-10,Purchase management.,Rent,1332.23,Expense
2024-10-10,Pending taxi freelance service.,Entertainment,1113.93,Expense
2024-10-10,Client vendor hardware contract tools.,Entertainment,1591.15,Expense
2024-10-10,Parking order deposit digital processed store balance.,Health & Fitness,1358.73,Expense
2024-10-11,Restaurant booking processed financial clinic net phone.,Utilities,599.79,Expense
2024-10-11,Condition again successful.,Health & Fitness,1736.06,Expense
2024-10-11,Balance credit delivery express standard net.,Shopping,513.97,Expense
2024-10-11,Fee household total service.,Investment,3420.33,Income
2024-10-11,Order personal.,Shopping,686.25,Expense
2024-10-11,Internet credit weekly subscription express.,Health & Fitness,527.45,Expense
2024-10-11,Net household bus market system clinic mall.,Travel,597.22,Expense
2024-10-12,Bill credit order pending fuel freelance bill.,Salary,1248.79,Income
2024-10-12,Story case.,Entertainment,1157.94,Expense
2024-10-12,Mall interest order system discount.,Utilities,1406.46,Expense
2024-10-12,Platform maintenance train water.,Investment,3657.17,Income
2024-10-12,Plan invoice equipment.,Food & Drink,1477.7,Expense
2024-10-12,Plan water weekly hotel mall budget tax.,Travel,1220.72,Expense
2024-10-13,Salary management loan bill service special.,Utilities,936.96,Expense
2024-10-13,Budget market delivery charge discount business total.,Investment,2379.75,Income
2024-10-13,Mall bus weekly charge annual fuel invoice.,Travel,1045.39,Expense
2024-10-13,Pharmacy economy software fuel.,Rent,1265.16,Expense
2024-10-13,Digital pharmacy financial.,Travel,892.14,Expense
2024-10-13,Processed utility savings financial platform bus standard.,Food & Drink,1269.87,Expense
2024-10-14,Shop software shop budget fuel client.,Utilities,1350.92,Expense
2024-10-14,Premium budget.,Food & Drink,1214.89,Expense
2024-10-14,System travel.,Rent,389.82,Expense
2024-10-14,Bus tax automatic network.,Salary,1082.71,Income
2024-10-14,Pharmacy hospital processed grocery net.,Travel,1251.78,Expense
2024-10-15,Budget economy equipment priority market.,Entertainment,1854.02,Expense
2024-10-15,Plan freelance delivery.,Shopping,810.46,Expense
2024-10-15,Very figure drive special.,Utilities,1958.95,Expense
2024-10-15,Regular financial booking freelance network.,Rent,1841.89,Expense
2024-10-15,Subscription grocery loan online market tax.,Food & Drink,1045.54,Expense
2024-10-15,Personal balance market contract online.,Entertainment,752.03,Expense
2024-10-16,Flight restaurant network daily gym daily.,Salary,1746.85,Income
2024-10-16,Weekly priority payment.,Health & Fitness,211.32,Expense
2024-10-16,Taxi grocery flight budget.,Food & Drink,121.02,Expense
2024-10-16,Mall balance discount reward deposit maintenance.,Investment,2744.45,Income
2024-10-16,Mall debit renewal gym automatic weekly.,Travel,309.53,Expense
2024-10-16,Tax freelance flight utility payment package taxi.,Utilities,1362.12,Expense
2024-10-17,Mall subscription business bill market.,Investment,2265.41,Income
2024-10-17,Some court her.,Salary,1780.37,Income
2024-10-17,With young think there assume.,Health & Fitness,1349.65,Expense
2024-10-17,Weekly bill travel electricity network.,Utilities,1811.39,Expense
2024-10-17,Annual advance client utility order.,Other,3098.44,Income
2024-10-17,Daily adjustment charge special market clinic invoice.,Shopping,437.93,Expense
2024-10-18,Outside with each animal.,Travel,932.87,Expense
2024-10-18,Online freelance balance flight water platform.,Entertainment,574.26,Expense
2024-10-18,Adjustment restaurant.,Travel,1135.35,Expense
2024-10-19,Weekly business tools electricity service.,Food & Drink,337.09,Expense
2024-10-19,Bus investment personal service electricity household.,Other,3254.27,Income
2024-10-19,Phone salary.,Other,4190.94,Income
2024-10-19,Annual fee automatic transfer renewal clinic.,Other,2267.34,Income
2024-10-19,Hospital parking app personal.,Investment,657.68,Income
2024-10-19,Take family chance.,Utilities,1284.76,Expense
2024-10-19,Household equipment order fuel.,Utilities,604.93,Expense
2024-10-19,Picture evidence.,Shopping,1266.23,Expense
2024-10-20,Phone grocery.,Rent,1924.01,Expense
2024-10-20,System standard budget network.,Health & Fitness,1053.25,Expense
2024-10-20,Investment standard market hospital.,Utilities,1863.03,Expense
2024-10-20,Credit standard renewal adjustment deposit support priority.,Utilities,554.92,Expense
2024-10-20,Mortgage plan payment maintenance.,Food & Drink,231.22,Expense
2024-10-21,Meet seem population.,Health & Fitness,640.59,Expense
2024-10-21,Material service fee freelance digital annual flight.,Other,3130.24,Income
2024-10-21,Train balance reward client processed budget phone.,Utilities,1117.76,Expense
2024-10-21,Internet processed investment weekly.,Health & Fitness,851.61,Expense
2024-10-21,Insurance priority net package.,Utilities,1359.02,Expense
2024-10-21,Service vendor.,Rent,359.14,Expense
2024-10-21,Material less focus hear.,Travel,1214.72,Expense
2024-10-21,Savings entertainment pharmacy interest household budget.,Rent,1942.59,Expense
2024-10-21,Health standard hotel.,Health & Fitness,480.74,Expense
2024-10-21,Phone travel credit.,Shopping,512.4,Expense
2024-10-21,Utility special special automatic booking express.,Travel,402.31,Expense
2024-10-21,Why though decide bank likely.,Rent,167.43,Expense
2024-10-22,Transfer pharmacy tax client tax automatic clinic.,Utilities,109.89,Expense
2024-10-22,Household processed net support savings train maintenance.,Travel,847.31,Expense
2024-10-22,Payment booking monthly vendor.,Utilities,1209.98,Expense
2024-10-22,Restaurant discount.,Health & Fitness,624.5,Expense
2024-10-22,Renewal project electricity adjustment utility grocery.,Rent,1068.31,Expense
2024-10-22,Clinic fuel management contract fee.,Utilities,1653.41,Expense
2024-10-22,Credit clinic weekly management discount advance water.,Salary,428.95,Income
2024-10-22,Software support.,Rent,1030.07,Expense
2024-10-23,Listen ok point so.,Salary,1564.14,Income
2024-10-23,Premium salary contract shop financial economy electricity.,Rent,666.38,Expense
2024-10-23,Gross budget express service transfer.,Rent,1484.19,Expense
2024-10-23,Daily delivery priority plan hardware financial.,Investment,2310.61,Income
2024-10-24,Fee taxi booking processed.,Salary,1954.55,Income
2024-10-24,Daily tools daily food.,Utilities,1166.98,Expense
2024-10-24,Special grocery total internet deal.,Travel,469.16,Expense
2024-10-24,Pending plan standard balance mortgage.,Utilities,1828.89,Expense
2024-10-24,Gym gross.,Travel,719.38,Expense
2024-10-24,Water discount.,Entertainment,1083.22,Expense
2024-10-24,Service pharmacy deposit.,Food & Drink,467.78,Expense
2024-10-24,Monthly electricity.,Investment,4129.69,Income
2024-10-24,Salary debit store tools hardware.,Salary,645.54,Income
2024-10-24,Express balance parking debit.,Food & Drink,981.86,Expense
2024-10-24,Detail data tell.,Salary,833.84,Income
2024-10-24,Gross salary business.,Rent,847.8,Expense
2024-10-25,Personal salary.,Entertainment,487.11,Expense
2024-10-25,Fuel bill financial order.,Entertainment,725.3,Expense
2024-10-25,Maintenance online bonus.,Health & Fitness,1801.29,Expense
2024-10-26,Taxi train interest weekly express loan parking.,Shopping,1051.41,Expense
2024-10-26,Package grocery online platform.,Travel,1446.49,Expense
2024-10-26,Network daily debit debit support health standard.,Health & Fitness,1186.89,Expense
2024-10-26,Freelance platform taxi gym network.,Shopping,359.75,Expense
2024-10-27,Network bonus premium annual gym.,Health & Fitness,1481.54,Expense
2024-10-27,Train regular entertainment insurance adjustment.,Rent,884.13,Expense
2024-10-27,Total software tools online adjustment internet insurance.,Rent,1786.72,Expense
2024-10-27,Management app travel.,Entertainment,792.58,Expense
2024-10-27,Financial regular.,Travel,695.87,Expense
2024-10-27,Deposit delivery material.,Salary,1060.96,Income
2024-10-28,Mortgage bus bonus system package restaurant.,Salary,1832.93,Income
2024-10-28,Flight charge health store express.,Shopping,876.49,Expense
2024-10-28,Hardware standard.,Travel,474.95,Expense
2024-10-28,Loan total grocery.,Travel,1598.47,Expense
2024-10-28,Insurance insurance delivery direct special standard.,Other,3240.51,Income
2024-10-28,Bus weekly monthly bill charge regular.,Investment,868.39,Income
2024-10-28,Fill thousand number.,Investment,1524.0,Income
2024-10-29,Total reward express.,Shopping,1200.2,Expense
2024-10-29,Business parking freelance fee mall software project.,Entertainment,1623.83,Expense
2024-10-29,Weekly net water financial.,Rent,379.96,Expense
2024-10-30,Project maintenance transfer standard.,Food & Drink,1530.93,Expense
2024-10-30,Total regular.,Entertainment,1703.73,Expense
2024-10-30,Software standard deposit software personal health loan.,Other,2444.98,Income
2024-10-30,Order app salary payment order material.,Shopping,394.85,Expense
2024-10-30,Reward maintenance subscription platform shop.,Entertainment,757.99,Expense
2024-10-30,Equipment hospital hotel flight gym tools.,Rent,1316.11,Expense
2024-10-30,Tax gross balance automatic booking.,Food & Drink,1630.21,Expense
2024-10-30,Interest monthly.,Shopping,858.77,Expense
2024-10-30,Household purchase adjustment express advance annual.,Other,4045.65,Income
2024-10-30,Budget interest material train direct booking.,Rent,1097.37,Expense
2024-10-31,Hotel transfer parking business mortgage.,Rent,698.56,Expense
2024-10-31,Reward deposit.,Entertainment,1390.28,Expense
2024-10-31,Invoice express contract daily.,Rent,664.9,Expense
2024-10-31,Digital adjustment.,Food & Drink,766.2,Expense
2024-10-31,Net bus material taxi.,Rent,1061.68,Expense
2024-10-31,Reward support health weekly booking.,Rent,911.84,Expense
2024-10-31,Financial gross.,Investment,2996.57,Income
2024-10-31,Project project hardware flight.,Other,3206.07,Income
2024-10-31,Discount phone phone package health.,Other,1541.13,Income
2024-11-01,Nearly care base.,Travel,1881.47,Expense
2024-11-01,Taxi food hotel store net pending.,Rent,1159.88,Expense
2024-11-01,Discount bonus shop insurance priority system.,Health & Fitness,1155.27,Expense
2024-11-01,Clinic transfer online annual train.,Shopping,623.66,Expense
2024-11-01,Business gross internet water.,Investment,3783.2,Income
2024-11-01,Advance priority.,Food & Drink,76.37,Expense
2024-11-02,Goal once let perform international.,Rent,429.04,Expense
2024-11-02,Grocery health internet account interest.,Rent,1268.49,Expense
2024-11-02,Bill subscription automatic net mall contract express.,Food & Drink,947.81,Expense
2024-11-02,Renewal gym.,Travel,679.72,Expense
2024-11-03,Processed store travel network entertainment fee vendor.,Health & Fitness,499.76,Expense
2024-11-03,Debit train plan payment online business fee.,Utilities,1020.06,Expense
2024-11-03,Credit booking entertainment market gross restaurant market.,Entertainment,881.5,Expense
2024-11-03,Doctor population grow bar.,Food & Drink,62.47,Expense
2024-11-03,Renewal deal express standard platform service hotel.,Entertainment,1304.67,Expense
2024-11-03,Important source first him.,Rent,136.95,Expense
2024-11-04,Net bonus discount express salary.,Utilities,1638.38,Expense
2024-11-04,Clinic deal delivery personal system savings.,Investment,2894.85,Income
2024-11-04,Fee shop fee.,Salary,1482.11,Income
2024-11-04,Interest bus fuel mall business vendor grocery.,Salary,1663.28,Income
2024-11-05,Standard processed.,Rent,775.25,Expense
2024-11-05,Premium debit interest express maintenance.,Rent,1099.95,Expense
2024-11-05,Net personal budget.,Other,3487.67,Income
2024-11-05,Equipment equipment renewal adjustment gym booking material.,Salary,135.09,Income
2024-11-05,Processed utility.,Investment,1910.78,Income
2024-11-05,Priority bus gross advance material.,Travel,633.58,Expense
2024-11-05,Tax pending automatic net annual.,Food & Drink,1611.84,Expense
2024-11-05,Tax equipment booking.,Utilities,1517.04,Expense
2024-11-06,Bonus booking investment flight grocery.,Rent,1485.25,Expense
2024-11-06,Household discount loan taxi shop savings deposit.,Entertainment,1161.06,Expense
2024-11-06,Charge annual payment market online.,Salary,1430.2,Income
2024-11-06,Plan transfer account bill water.,Travel,942.62,Expense
2024-11-06,Express clinic budget management.,Utilities,462.9,Expense
2024-11-06,Grocery vendor pending electricity booking.,Food & Drink,1302.53,Expense
2024-11-06,Priority net daily material food daily priority.,Rent,1268.32,Expense
2024-11-06,Travel food debit net electricity order.,Travel,727.15,Expense
2024-11-07,Digital premium payment premium service.,Travel,1875.76,Expense
2024-11-07,Weekly electricity project flight material.,Utilities,1583.66,Expense
2024-11-07,Shop pharmacy standard purchase advance entertainment.,Shopping,1509.93,Expense
2024-11-07,Subscription annual.,Health & Fitness,682.33,Expense
2024-11-07,Adjustment online bus.,Health & Fitness,1522.27,Expense
2024-11-08,Restaurant flight salary subscription annual.,Shopping,1015.01,Expense
2024-11-08,Mortgage market bus tax premium flight.,Other,2269.2,Income
2024-11-08,Grocery online shop mall taxi.,Utilities,168.65,Expense
2024-11-08,Fuel platform savings.,Shopping,468.21,Expense
2024-11-08,Management support service processed.,Travel,508.18,Expense
2024-11-08,Regular online interest.,Travel,495.8,Expense
2024-11-09,Purchase loan.,Salary,1383.66,Income
2024-11-09,Store utility invoice tools market.,Investment,1526.24,Income
2024-11-09,Online flight.,Utilities,609.89,Expense
2024-11-09,Adjustment restaurant.,Rent,569.2,Expense
2024-11-10,Renewal order utility.,Investment,3252.67,Income
2024-11-10,Regular plan fuel reward annual direct account.,Shopping,1283.64,Expense
2024-11-10,Economy discount client.,Travel,279.51,Expense
2024-11-10,Household shop online interest vendor.,Travel,1257.17,Expense
2024-11-10,Credit management train.,Food & Drink,1470.99,Expense
2024-11-11,Plan water shop vendor account deal advance.,Investment,1498.48,Income
2024-11-11,Invoice deal.,Shopping,284.26,Expense
2024-11-11,Equipment parking.,Investment,2623.53,Income
2024-11-11,Store shop charge annual standard.,Travel,1333.26,Expense
2024-11-11,National back everybody direction budget.,Rent,216.82,Expense
2024-11-11,National free.,Rent,1313.12,Expense
2024-11-11,Tax deposit.,Shopping,445.43,Expense
2024-11-12,Pharmacy client priority client.,Salary,1418.32,Income
2024-11-12,Few spring raise.,Travel,466.42,Expense
2024-11-12,Weekly direct digital gym.,Utilities,1235.74,Expense
2024-11-13,State serious activity pressure.,Other,3164.0,Income
2024-11-13,Relationship your your.,Salary,1256.7,Income
2024-11-13,Food insurance.,Shopping,1407.18,Expense
2024-11-13,Delivery renewal pending.,Utilities,1586.11,Expense
2024-11-13,Across federal state.,Investment,734.0,Income
2024-11-13,Premium loan priority pharmacy premium tax phone.,Food & Drink,612.42,Expense
2024-11-13,Dinner rich decide do.,Salary,1950.21,Income
2024-11-14,Subscription debit system weekly gym contract.,Salary,1531.84,Income
2024-11-14,Equipment food client interest business account delivery.,Food & Drink,767.93,Expense
2024-11-14,Payment mall insurance.,Investment,1426.48,Income
2024-11-14,Utility premium.,Food & Drink,1590.79,Expense
2024-11-14,Serious reveal left social fine.,Travel,1101.61,Expense
2024-11-14,Show recently decide last.,Investment,4240.0,Income
2024-11-14,Household invoice market pharmacy digital.,Salary,1149.86,Income
2024-11-14,Subscription gross tools.,Health & Fitness,1406.09,Expense
2024-11-14,Account direct.,Travel,1244.51,Expense
2024-11-15,Investment adjustment equipment internet.,Investment,4222.44,Income
2024-11-15,Deposit economy priority.,Travel,1455.66,Expense
2024-11-16,Material pending flight special.,Health & Fitness,1113.65,Expense
2024-11-16,Hear officer.,Shopping,1051.69,Expense
2024-11-16,Software household taxi charge electricity.,Shopping,1327.13,Expense
2024-11-16,Subscription fuel processed.,Utilities,760.7,Expense
2024-11-16,Market annual hardware.,Food & Drink,1257.34,Expense
2024-11-16,Clinic material bonus train.,Food & Drink,942.35,Expense
2024-11-16,Discount processed maintenance management.,Rent,1516.73,Expense
2024-11-16,Discount personal grocery taxi hotel internet annual.,Rent,1144.03,Expense
2024-11-17,Material priority renewal bus adjustment.,Utilities,706.53,Expense
2024-11-17,Budget household.,Shopping,607.99,Expense
2024-11-17,Different international sell several.,Entertainment,1611.37,Expense
2024-11-17,Wall act special.,Travel,1818.76,Expense
2024-11-17,With yes nothing.,Investment,500.0,Income
2024-11-17,For age size.,Health & Fitness,830.29,Expense
2024-11-17,Taxi entertainment restaurant support standard app.,Travel,1028.06,Expense
2024-11-17,Purchase vendor.,Entertainment,1474.89,Expense
2024-11-17,Flight project.,Health & Fitness,1222.03,Expense
2024-11-17,Phone interest express.,Travel,1387.96,Expense
2024-11-18,Woman daughter hospital move.,Utilities,694.33,Expense
2024-11-18,Restaurant credit water service hotel salary platform.,Other,3995.68,Income
2024-11-18,Board notice later thus.,Food & Drink,1378.66,Expense
2024-11-18,Parking store priority.,Investment,3590.96,Income
2024-11-18,Monthly salary.,Health & Fitness,962.57,Expense
2024-11-18,Hospital regular invoice processed bill.,Other,2690.38,Income
2024-11-19,Bit need allow.,Salary,606.22,Income
2024-11-19,Phone equipment plan store.,Travel,426.11,Expense
2024-11-20,Balance digital advance.,Rent,775.44,Expense
2024-11-20,Vendor utility savings.,Health & Fitness,1554.65,Expense
2024-11-20,Utility digital deal mall.,Salary,548.8,Income
2024-11-20,Balance net deposit special renewal pharmacy credit.,Food & Drink,713.7,Expense
2024-11-20,Standard taxi service.,Salary,505.1,Income
2024-11-20,Economy insurance daily.,Food & Drink,727.35,Expense
2024-11-20,Project package order priority platform monthly package.,Other,1667.56,Income
2024-11-20,Hotel food grocery hardware.,Utilities,369.34,Expense
2024-11-20,Cost attorney.,Travel,1198.04,Expense
2024-11-20,Day fact modern.,Health & Fitness,385.26,Expense
2024-11-21,Clinic loan loan.,Shopping,1633.49,Expense
2024-11-21,Parking advance business store.,Investment,1801.4,Income
2024-11-21,Restaurant processed.,Investment,2307.56,Income
2024-11-21,Debit network mall reward utility.,Utilities,276.68,Expense
2024-11-21,Equipment net utility.,Investment,2153.49,Income
2024-11-22,Health maintenance annual material advance monthly service.,Salary,1127.45,Income
2024-11-22,Happy action.,Shopping,795.56,Expense
2024-11-22,Service mall.,Health & Fitness,845.27,Expense
2024-11-22,Regular bus premium.,Shopping,1082.31,Expense
2024-11-22,Vendor charge credit premium booking hospital.,Investment,2066.46,Income
2024-11-22,Vendor loan grocery system total.,Salary,651.61,Income
2024-11-22,Shop loan budget credit platform.,Shopping,261.42,Expense
2024-11-23,Travel bus savings water standard entertainment.,Salary,1688.42,Income
2024-11-23,Hospital writer can industry.,Other,3599.0,Income
2024-11-23,Savings interest loan phone parking business tax.,Utilities,530.92,Expense
2024-11-23,Reward client credit.,Investment,3287.54,Income
2024-11-23,Annual maintenance invoice software.,Rent,1772.52,Expense
2024-11-24,Western tend candidate day.,Rent,850.26,Expense
2024-11-24,Balance bonus direct delivery gross insurance.,Shopping,1126.75,Expense
2024-11-24,Contract daily regular.,Travel,1638.48,Expense
2024-11-24,Maintenance bill credit.,Salary,1868.38,Income
2024-11-24,Cut yard knowledge.,Travel,831.68,Expense
2024-11-24,Automatic support equipment pending.,Salary,1146.18,Income
2024-11-24,Package clinic salary renewal tools parking.,Food & Drink,1489.82,Expense
2024-11-24,City offer financial data.,Travel,576.51,Expense
2024-11-25,Package renewal water water.,Food & Drink,162.06,Expense
2024-11-25,Order restaurant deposit management.,Utilities,41.21,Expense
2024-11-25,Interest tools priority restaurant hotel.,Health & Fitness,1637.28,Expense
2024-11-25,Red republican father party.,Salary,383.7,Income
2024-11-25,Travel salary premium food renewal support fee.,Food & Drink,1331.78,Expense
2024-11-25,Say explain.,Other,4209.0,Income
2024-11-25,Space moment travel these least.,Utilities,281.88,Expense
2024-11-25,Project digital hospital purchase economy package.,Other,2369.56,Income
2024-11-25,Purchase priority personal regular account.,Rent,986.52,Expense
2024-11-26,Discount bonus.,Salary,1449.63,Income
2024-11-26,Phone internet software adjustment train debit booking.,Health & Fitness,480.83,Expense
2024-11-26,Personal bonus balance health freelance shop tools.,Food & Drink,1833.91,Expense
2024-11-26,Net loan health clinic insurance vendor pharmacy.,Investment,2991.22,Income
2024-11-26,Salary business bus management.,Utilities,897.5,Expense
2024-11-26,Economy weekly store service household financial travel.,Salary,1636.07,Income
2024-11-26,Interest household.,Travel,1652.91,Expense
2024-11-26,System phone mortgage hospital system.,Other,835.95,Income
2024-11-26,Eat tonight run leader.,Investment,4882.0,Income
2024-11-26,Financial platform grocery annual shop business service.,Rent,634.67,Expense
2024-11-27,Debit tax.,Rent,1358.41,Expense
2024-11-27,Electricity internet.,Food & Drink,1445.81,Expense
2024-11-28,Purchase advance travel.,Rent,988.06,Expense
2024-11-28,Grocery digital flight financial loan.,Food & Drink,608.14,Expense
2024-11-28,Discount credit salary network interest service.,Food & Drink,1895.16,Expense
2024-11-28,Vendor salary support account express.,Salary,1594.94,Income
2024-11-28,Standard direct mortgage hotel processed travel.,Shopping,155.88,Expense
2024-11-29,Believe recognize analysis those citizen.,Investment,2811.0,Income
2024-11-29,Clinic annual material.,Food & Drink,860.82,Expense
2024-11-29,Hospital taxi interest gym.,Utilities,1921.48,Expense
2024-11-29,Market regular credit savings direct special.,Other,2926.38,Income
2024-11-29,Freelance gross interest.,Shopping,1231.82,Expense
2024-11-30,Hotel special software loan gym plan delivery.,Salary,1203.62,Income
2024-11-30,Monthly credit.,Salary,496.6,Income
2024-11-30,Food financial bonus hardware.,Food & Drink,1184.69,Expense
2024-11-30,Utility pharmacy personal.,Investment,1985.41,Income
2024-11-30,Project at risk.,Salary,1456.94,Income
2024-12-01,Daily contract.,Entertainment,1101.4,Expense
2024-12-01,Plan loan personal.,Investment,1280.05,Income
2024-12-01,Account business network plan.,Travel,942.4,Expense
2024-12-01,Utility direct balance deposit parking.,Health & Fitness,902.79,Expense
2024-12-01,Special mortgage system management contract.,Investment,1486.64,Income
2024-12-01,Tax financial charge travel.,Rent,1901.99,Expense
2024-12-01,Savings service.,Investment,3026.52,Income
2024-12-01,Hospital utility processed.,Shopping,440.34,Expense
2024-12-02,Tools flight automatic parking internet interest.,Travel,1109.51,Expense
2024-12-02,Subscription mall service adjustment hospital discount system.,Salary,1006.56,Income
2024-12-02,Bill insurance invoice material purchase.,Investment,2508.61,Income
2024-12-02,Purchase maintenance delivery food.,Investment,1236.19,Income
2024-12-02,In seven building hard.,Utilities,39.3,Expense
2024-12-02,Charge entertainment renewal system.,Investment,2512.57,Income
2024-12-03,Reward express.,Utilities,892.73,Expense
2024-12-03,Vendor invoice contract transfer hotel food.,Entertainment,339.77,Expense
2024-12-03,Budget mortgage business freelance balance electricity investment.,Entertainment,1555.52,Expense
2024-12-03,Health food delivery.,Salary,1329.78,Income
2024-12-03,Discount deposit water bill express direct.,Rent,1019.29,Expense
2024-12-03,Savings online shop renewal discount.,Health & Fitness,1153.76,Expense
2024-12-03,Fee credit package business weekly hospital hospital.,Investment,2714.37,Income
2024-12-03,Invoice app fuel flight priority.,Food & Drink,1476.37,Expense
2024-12-04,Tools automatic support flight flight pending household.,Travel,1580.3,Expense
2024-12-04,Automatic phone food credit tools renewal subscription.,Utilities,1052.23,Expense
2024-12-04,Special phone.,Travel,1812.16,Expense
2024-12-04,Total app support special.,Other,2097.57,Income
2024-12-04,Salary market.,Shopping,1596.55,Expense
2024-12-04,Subscription network order gross delivery.,Utilities,590.67,Expense
2024-12-04,Invoice weekly food reward interest flight invoice.,Utilities,1464.38,Expense
2024-12-04,Bonus online.,Shopping,1145.73,Expense
2024-12-05,Freelance bus store system.,Salary,1102.38,Income
2024-12-05,Short for late education.,Shopping,630.04,Expense
2024-12-05,Transfer fuel.,Rent,365.63,Expense
2024-12-05,Daily interest credit fee invoice delivery.,Salary,879.68,Income
2024-12-05,Personal account special.,Investment,2657.24,Income
2024-12-05,Support charge electricity automatic.,Health & Fitness,606.71,Expense
2024-12-05,Package gym digital train standard.,Utilities,1705.27,Expense
2024-12-06,Utility debit payment premium travel.,Rent,1848.37,Expense
2024-12-06,Left available.,Health & Fitness,932.73,Expense
2024-12-07,Invoice reward discount.,Travel,1104.68,Expense
2024-12-07,Automatic interest financial contract invoice processed network.,Utilities,882.49,Expense
2024-12-07,Net adjustment plan booking hotel transfer special.,Investment,1935.09,Income
2024-12-07,Bonus business discount hotel utility.,Health & Fitness,445.09,Expense
2024-12-07,Clinic interest.,Other,4963.09,Income
2024-12-07,Monthly booking software parking financial.,Entertainment,166.71,Expense
2024-12-07,Daily total food priority.,Other,2141.79,Income
2024-12-08,Personal account transfer premium.,Health & Fitness,1310.62,Expense
2024-12-08,Software investment deal platform.,Utilities,500.99,Expense
2024-12-08,Electricity online total interest platform.,Health & Fitness,1136.0,Expense
2024-12-08,Financial system charge.,Salary,1142.79,Income
2024-12-08,Platform order discount.,Entertainment,1794.56,Expense
2024-12-08,Personal bill utility delivery store contract.,Salary,421.51,Income
2024-12-09,Flight taxi regular train.,Travel,805.42,Expense
2024-12-09,Gym charge account package budget tax daily.,Entertainment,906.7,Expense
2024-12-09,Gas human create also.,Health & Fitness,169.64,Expense
2024-12-09,Taxi premium annual charge vendor.,Utilities,1821.11,Expense
2024-12-09,Phone bonus subscription bus clinic regular app.,Other,2057.15,Income
2024-12-10,Credit personal personal booking.,Health & Fitness,1684.47,Expense
2024-12-10,Monthly digital interest freelance.,Shopping,1421.85,Expense
2024-12-10,Advance monthly insurance health fuel.,Rent,1813.17,Expense
2024-12-10,Management charge.,Shopping,1027.47,Expense
2024-12-10,Flight store support regular gym.,Health & Fitness,1093.83,Expense
2024-12-11,Account mall online financial.,Shopping,435.21,Expense
2024-12-11,Hospital platform personal restaurant investment.,Food & Drink,1373.2,Expense
2024-12-11,Store clinic economy savings digital water.,Investment,4501.51,Income
2024-12-11,Store fuel credit automatic account economy.,Salary,1081.92,Income
2024-12-11,Remember carry.,Utilities,121.52,Expense
2024-12-11,Renewal bill deposit plan.,Shopping,175.32,Expense
2024-12-12,Tax mall vendor bonus personal annual flight.,Food & Drink,577.38,Expense
2024-12-12,Package interest water charge plan.,Shopping,557.01,Expense
2024-12-12,Leave bar prevent require.,Rent,1090.95,Expense
2024-12-12,Business direct.,Utilities,1589.24,Expense
2024-12-12,Parking subscription electricity grocery.,Entertainment,878.45,Expense
2024-12-12,Entertainment salary taxi phone.,Health & Fitness,1108.63,Expense
2024-12-12,Likely evidence claim.,Other,3625.0,Income
2024-12-12,Premium personal processed discount project.,Entertainment,1732.58,Expense
2024-12-12,Insurance deposit deal priority.,Utilities,1007.17,Expense
2024-12-12,Project advance electricity hotel order management.,Travel,731.07,Expense
2024-12-13,Weekly financial.,Other,2644.94,Income
2024-12-13,Management utility.,Salary,1300.86,Income
2024-12-13,Restaurant salary bill weekly business equipment.,Rent,999.3,Expense
2024-12-13,Monthly train.,Shopping,1371.77,Expense
2024-12-13,Delivery renewal bus hospital bill maintenance.,Health & Fitness,1361.68,Expense
2024-12-13,Business utility.,Investment,2500.09,Income
2024-12-14,Hardware invoice invoice deposit standard balance.,Utilities,699.76,Expense
2024-12-14,Package automatic economy platform.,Travel,1133.98,Expense
2024-12-14,Advance fee.,Food & Drink,1128.63,Expense
2024-12-14,Bill household train express interest interest online.,Food & Drink,640.3,Expense
2024-12-14,Hardware loan.,Salary,1540.5,Income
2024-12-14,Automatic freelance.,Travel,920.01,Expense
2024-12-14,Train platform financial subscription.,Shopping,1364.83,Expense
2024-12-14,Debit material.,Food & Drink,562.31,Expense
2024-12-15,Budget net platform clinic booking.,Other,2254.47,Income
2024-12-15,Electricity network premium purchase internet freelance.,Salary,258.41,Income
2024-12-15,Utility deposit budget grocery.,Rent,1521.47,Expense
2024-12-15,Platform processed.,Entertainment,651.27,Expense
2024-12-15,Health weekly taxi delivery discount shop account.,Other,2119.76,Income
2024-12-15,Beyond family movement hospital back.,Rent,1949.45,Expense
2024-12-16,Child group describe.,Shopping,1544.74,Expense
2024-12-16,Express client gross pharmacy platform grocery.,Food & Drink,1098.93,Expense
2024-12-16,Entertainment shop.,Food & Drink,387.07,Expense
2024-12-16,Standard reward bonus software household standard hotel.,Travel,658.65,Expense
2024-12-16,Insurance app taxi.,Food & Drink,1292.58,Expense
2024-12-16,Package flight gym hospital.,Investment,1955.12,Income
2024-12-16,Platform order hospital bonus delivery daily service.,Entertainment,671.69,Expense
2024-12-16,Priority material.,Entertainment,1186.51,Expense
2024-12-16,App internet.,Shopping,1211.04,Expense
2024-12-17,Digital mortgage phone.,Entertainment,558.3,Expense
2024-12-17,Train transfer renewal.,Other,4401.1,Income
2024-12-17,Debit advance hospital internet subscription pharmacy advance.,Other,3249.89,Income
2024-12-17,Fee charge travel express phone.,Food & Drink,274.48,Expense
2024-12-17,Advance hospital management client.,Food & Drink,759.52,Expense
2024-12-17,Freelance weekly.,Health & Fitness,727.14,Expense
2024-12-17,Reward digital.,Salary,1095.18,Income
2024-12-17,Restaurant gym market.,Rent,1470.14,Expense
2024-12-18,Internet food maintenance regular invoice balance.,Shopping,228.63,Expense
2024-12-18,Discount freelance internet.,Health & Fitness,577.84,Expense
2024-12-18,Annual standard restaurant phone service market.,Rent,1088.93,Expense
2024-12-18,Balance regular pending shop adjustment.,Rent,1161.01,Expense
2024-12-18,Credit direct parking reward.,Utilities,702.2,Expense
2024-12-18,Pharmacy shop market automatic parking.,Food & Drink,712.55,Expense
2024-12-19,Savings monthly automatic.,Salary,1354.74,Income
2024-12-19,Real know our any.,Rent,1047.07,Expense
2024-12-19,Democratic recent student specific political.,Food & Drink,406.37,Expense
2024-12-20,Hospital savings regular pharmacy pending hardware platform.,Salary,1511.06,Income
2024-12-20,Personal utility bus flight total.,Food & Drink,47.47,Expense
2024-12-20,Order gym.,Rent,1288.16,Expense
2024-12-20,Gym contract internet gym balance.,Health & Fitness,1327.75,Expense
2024-12-20,Health automatic.,Health & Fitness,1809.88,Expense
2024-12-21,Household support delivery network.,Shopping,1306.09,Expense
2024-12-21,Flight personal direct support.,Salary,1239.57,Income
2024-12-21,Market balance gross water maintenance travel delivery.,Travel,699.81,Expense
2024-12-21,Market project.,Health & Fitness,1076.09,Expense
2024-12-21,Direct vendor client.,Other,4808.53,Income
2024-12-21,Up hear draw.,Salary,784.35,Income
2024-12-21,Pending client.,Shopping,1944.11,Expense
2024-12-21,Internet special financial.,Entertainment,1077.91,Expense
2024-12-22,Project salary budget.,Shopping,1900.01,Expense
2024-12-22,Gross project bonus financial tax pending express.,Health & Fitness,1427.11,Expense
2024-12-22,Project economy investment savings.,Entertainment,1972.5,Expense
2024-12-22,Financial express adjustment mortgage vendor.,Salary,711.44,Income
2024-12-22,Electricity transfer bill package household contract.,Investment,1640.15,Income
2024-12-22,Renewal mall savings.,Utilities,310.6,Expense
2024-12-22,Household flight invoice budget fee order credit.,Utilities,826.24,Expense
2024-12-22,Hotel online account subscription reward software tools.,Salary,986.74,Income
2024-12-22,Annual grocery savings equipment subscription monthly digital.,Entertainment,1165.79,Expense
2024-12-22,Deal market market special equipment.,Rent,1893.63,Expense
2024-12-23,Invoice bill discount net reward.,Health & Fitness,1947.77,Expense
2024-12-23,Network mortgage online monthly taxi.,Travel,1520.17,Expense
2024-12-23,Entertainment material purchase direct online.,Travel,1142.3,Expense
2024-12-23,Priority purchase gross package train restaurant invoice.,Other,1177.03,Income
2024-12-23,Direct support platform deal pharmacy premium savings.,Salary,670.04,Income
2024-12-23,Instead writer.,Health & Fitness,325.64,Expense
2024-12-23,Interest delivery weekly.,Other,2144.85,Income
2024-12-23,Credit salary.,Travel,204.98,Expense
2024-12-24,Management reward booking order service travel.,Health & Fitness,1299.1,Expense
2024-12-24,Material hardware gross business special.,Salary,801.69,Income
2024-12-24,Renewal standard plan account total adjustment vendor.,Shopping,1816.99,Expense
2024-12-24,Plan advance payment.,Salary,1155.79,Income
2024-12-25,Monthly flight parking.,Utilities,445.27,Expense
2024-12-25,Priority discount.,Rent,1427.99,Expense
2024-12-25,Household gross internet adjustment service personal.,Utilities,1219.39,Expense
2024-12-25,Freelance financial parking tools deal.,Salary,1247.09,Income
2024-12-26,Processed internet insurance hardware special.,Travel,1096.57,Expense
2024-12-26,Booking freelance parking.,Travel,415.01,Expense
2024-12-26,Personal freelance grocery.,Shopping,207.33,Expense
2024-12-26,Premium advance charge hotel support.,Investment,3410.43,Income
2024-12-26,Salary mall insurance.,Salary,1340.26,Income
2024-12-26,Support regular reward account health salary.,Health & Fitness,69.99,Expense
2024-12-26,Balance grocery debit.,Salary,1193.47,Income
2024-12-27,Flight mortgage.,Other,2744.15,Income
2024-12-27,Food clinic.,Shopping,1510.97,Expense
2024-12-27,Reward health maintenance pending hospital.,Utilities,494.97,Expense
2024-12-27,Internet app gym hardware financial fee.,Investment,1414.01,Income
2024-12-27,Hotel daily.,Entertainment,519.06,Expense
2024-12-27,Household contract shop discount.,Health & Fitness,401.62,Expense
2024-12-28,Right analysis mention.,Entertainment,727.25,Expense
2024-12-28,Tax health deal management.,Health & Fitness,1448.5,Expense
2024-12-28,Material train bonus project account.,Utilities,976.79,Expense
2024-12-28,Health business charge store mortgage.,Entertainment,1145.71,Expense
2024-12-28,No couple debate must.,Investment,1425.0,Income
2024-12-28,Software deposit service booking support.,Investment,3942.06,Income
2024-12-28,Quite as when.,Rent,514.09,Expense
2024-12-29,Pressure activity defense detail.,Other,1480.0,Income
2024-12-29,Discussion black follow.,Shopping,655.78,Expense
2024-12-30,Mall support taxi restaurant bonus online.,Salary,1882.93,Income
2024-12-30,Contract payment reward shop pending train standard.,Travel,616.18,Expense
2024-12-30,Entertainment hardware package platform.,Food & Drink,1689.96,Expense
2024-12-30,Service loan hospital.,Investment,1434.18,Income
2024-12-31,Delivery personal bill market.,Health & Fitness,1164.46,Expense
2024-12-31,Train project debit personal.,Salary,762.22,Income
2024-12-31,Business service bill water savings.,Other,3160.39,Income
2024-12-31,Bus interest service priority parking deal balance.,Salary,35.7,Income
2024-12-31,Fee software water processed delivery savings.,Travel,1482.15,Expense
2024-12-31,Loan equipment business household water.,Health & Fitness,1824.67,Expense
